<?xml version="1.0"?>
<COLLADA xmlns="http://www.collada.org/2005/11/COLLADASchema" version="1.4.1">
	<asset>
		<contributor>
			<author>Assimp</author>
			<authoring_tool>Assimp Exporter</authoring_tool>
		</contributor>
		<created>2023-09-21T17:50:34</created>
		<modified>2023-09-21T17:50:34</modified>
		<unit name="meter" meter="0.010000" />
		<up_axis>Y_UP</up_axis>
	</asset>
	<library_effects>
		<effect id="M7_Grenade_Launcher_1001-fx" name="M7_Grenade_Launcher_1001">
			<profile_COMMON>
				<technique sid="standard">
					<phong>
						<diffuse>
							<color sid="diffuse">0.600000   0.600000   0.600000   1.000000</color>
						</diffuse>
					</phong>
				</technique>
			</profile_COMMON>
		</effect>
	</library_effects>
	<library_materials>
		<material id="M7_Grenade_Launcher_1001" name="M7_Grenade_Launcher_1001">
			<instance_effect url="#M7_Grenade_Launcher_1001-fx"/>
		</material>
	</library_materials>
	<library_geometries>
		<geometry id="meshId0" name="meshId0_name" >
			<mesh>
				<source id="meshId0-positions" name="meshId0-positions">
					<float_array id="meshId0-positions-array" count="3855"> 
						0.840401 -11.452183 -0.610588 1.026816 -9.756562 -0.746026 1.269215 -9.756562 0.000000 1.038793 -11.452183 -0.000000 -0.321005 -11.452183 -0.987951 -0.392209 -9.756562 -1.207095 0.392209 -9.756562 -1.207095 0.321005 -11.452183 -0.987951 -0.840401 -11.452183 -0.610588 -1.026816 -9.756562 -0.746026 -1.038793 -11.452183 -0.000000 -1.269215 -9.756562 0.000000 -0.840401 -11.452183 0.610587 -1.026816 -9.756562 0.746026 -0.321005 -11.452183 0.987951 -0.392209 -9.756562 1.207095 0.321005 -11.452183 0.987951 0.392209 -9.756562 1.207095 0.840401 -11.452183 0.610587 1.026816 -9.756562 0.746026 -1.074900 0.130028 0.780960 -1.074900 0.312626 0.780960 -1.328649 0.312626 0.000000 -1.327255 0.131041 0.000000 -1.074900 -7.629146 0.780960 -1.328649 -7.629146 0.000000 -1.328649 -9.621836 0.000000 -1.074899 -9.621836 0.780960 -1.328649 -3.085289 0.000000 -1.074900 -3.085289 0.780960 -1.074900 -1.590625 0.780960 -1.328649 -1.590625 0.000000 -1.074900 0.086407 0.780960 -1.328649 0.086407 0.000000 -1.328649 -1.547005 0.000000 -1.074900 -1.547005 0.780960 -1.074900 -3.128908 0.780960 -1.328649 -3.128908 0.000000 -1.328649 -4.581346 0.000000 -1.074900 -4.581346 0.780960 -1.073772 -6.094488 0.780141 -1.074900 -4.624966 0.780960 -1.328649 -4.624966 0.000000 -1.328649 -6.095500 0.000000 -1.328649 -7.585526 0.000000 -1.074900 -7.585526 0.780960 -1.074900 -6.139121 0.780960 -1.328649 -6.139121 0.000000 -1.328649 0.356246 0.000000 -1.074900 0.356247 0.780960 -1.074900 1.328650 0.780960 -1.328649 1.328650 0.000000 1.073772 0.131041 -0.780141 1.073772 0.311614 -0.780141 1.328649 0.312626 0.000000 1.327255 0.131041 0.000000 1.327256 -1.545992 0.000000 1.073773 -1.545992 -0.780141 1.073772 0.085395 -0.780141 1.327255 0.085395 0.000000 1.073773 -4.580333 -0.780141 1.073773 -3.129921 -0.780141 1.328649 -3.128908 0.000000 1.328649 -4.581346 0.000000 
						1.328649 -6.139121 0.000000 1.328649 -7.585526 0.000000 1.073773 -7.584514 -0.780141 1.073773 -6.140133 -0.780141 1.327255 0.357259 0.000000 1.073772 0.357259 -0.780141 1.074899 1.328650 -0.780960 1.328649 1.328650 0.000000 -1.140748 1.521390 0.000000 -1.328649 1.328650 0.000000 -1.074900 1.328650 0.780960 -0.922885 1.521390 0.670515 -0.906806 1.521390 0.000000 -0.733621 1.521390 -0.533007 -0.922885 1.521390 -0.670515 -1.140748 1.521390 0.000000 -0.922885 1.521390 0.670515 -0.352511 1.521390 1.084916 0.352510 1.521390 1.084916 0.922884 1.521390 0.670515 0.733621 1.521390 0.533007 0.280218 1.521390 0.862424 -0.280218 1.521390 0.862424 -0.733621 1.521390 0.533007 -0.922885 1.521390 -0.670515 -1.074900 1.328650 -0.780960 -0.352511 1.521390 -1.084916 -0.410575 1.328650 -1.263620 -1.074900 1.328650 -0.780960 -0.922885 1.521390 -0.670515 1.140748 1.521390 0.000000 1.328649 1.328650 0.000000 1.074899 1.328650 -0.780960 0.922884 1.521390 -0.670515 0.352510 1.521390 -1.084916 0.410575 1.328650 -1.263620 0.410575 1.328650 -1.263620 0.352510 1.521390 -1.084916 0.922884 1.521390 0.670515 1.074899 1.328650 0.780960 0.352510 1.521390 1.084916 0.410575 1.328650 1.263620 1.074899 1.328650 0.780960 0.922884 1.521390 0.670515 -0.352511 1.521390 1.084916 -0.410575 1.328650 1.263620 0.733622 -11.452183 -0.533008 0.280219 -11.452183 -0.862424 0.321005 -11.452183 -0.987951 0.840401 -11.452183 -0.610588 1.038793 -11.452183 -0.000000 0.321005 -11.452183 0.987951 -0.321005 -11.452183 0.987951 -0.280218 -11.452183 0.862423 0.280219 -11.452183 0.862423 0.733622 -11.452183 0.533007 0.906806 -11.452183 -0.000000 0.840401 -11.452183 0.610587 -1.073772 0.131041 -0.780142 -1.073772 0.311614 -0.780142 -1.073772 -7.630158 -0.780142 -1.074899 -9.621836 -0.780960 -1.073772 -3.084276 -0.780142 -1.073772 -1.591637 -0.780142 
						-1.073772 0.085395 -0.780142 -1.073772 -1.545992 -0.780142 -1.074900 -3.128908 -0.780960 -1.073772 -4.580333 -0.780142 -1.074900 -6.095500 -0.780960 -1.074900 -4.624966 -0.780960 -1.074900 -6.139121 -0.780960 -1.074900 -7.585526 -0.780960 -1.074900 0.356246 -0.780960 -1.074900 1.328650 -0.780960 -0.410575 -7.629146 -1.263620 -0.410575 -9.621836 -1.263620 -0.410575 0.356247 -1.263620 -0.410575 1.328650 -1.263620 0.410145 0.131041 -1.262295 -0.410145 0.131041 -1.262295 -0.410575 0.312626 -1.263620 0.410145 0.311614 -1.262295 0.410145 -7.630158 -1.262295 0.410575 -9.621836 -1.263620 0.410145 -3.084276 -1.262295 -0.410575 -3.085289 -1.263620 -0.410145 -1.591637 -1.262295 0.410145 -1.591637 -1.262295 -0.410575 0.086408 -1.263620 0.410575 0.086408 -1.263620 0.410145 -1.545992 -1.262295 -0.410145 -1.545992 -1.262295 0.410145 -4.580333 -1.262295 -0.410575 -4.581346 -1.263620 -0.410575 -3.128908 -1.263620 0.410145 -3.129921 -1.262295 0.410145 -6.094488 -1.262295 -0.410575 -6.095500 -1.263620 -0.410575 -4.624966 -1.263620 0.410145 -4.625978 -1.262295 -0.410575 -7.585526 -1.263620 -0.410575 -6.139121 -1.263620 0.410575 -6.139121 -1.263620 0.410145 -7.584514 -1.262295 0.410145 0.357259 -1.262295 0.410575 1.328650 -1.263620 0.410145 0.131041 -1.262295 0.410145 0.311614 -1.262295 1.073773 -7.630158 -0.780141 1.074900 -9.621836 -0.780960 0.410575 -9.621836 -1.263620 0.410145 -7.630158 -1.262295 0.410145 -3.084276 -1.262295 0.410145 -1.591637 -1.262295 1.073773 -1.591637 -0.780141 1.073773 -3.084276 -0.780141 0.410575 0.086408 -1.263620 0.410145 -1.545992 -1.262295 0.410145 -4.580333 -1.262295 0.410145 -3.129921 -1.262295 1.073773 -6.094488 -0.780141 0.410145 -6.094488 -1.262295 0.410145 -4.625978 -1.262295 1.073773 -4.625978 -0.780141 0.410145 -7.584514 -1.262295 0.410575 -6.139121 -1.263620 0.410145 0.357259 -1.262295 0.410575 1.328650 -1.263620 
						0.321005 -11.452183 -0.987951 0.392209 -9.756562 -1.207095 1.073772 0.131041 0.780141 1.074900 0.312626 0.780960 0.410145 0.311614 1.262295 0.410145 0.131041 1.262295 0.410145 -7.630158 1.262295 0.410575 -9.621836 1.263620 1.074900 -9.621836 0.780960 1.074900 -7.629146 0.780960 0.410145 -1.591637 1.262295 0.410145 -3.084276 1.262295 1.074899 -3.085289 0.780960 1.074900 -1.590625 0.780960 0.410145 0.085395 1.262295 0.410145 -1.545992 1.262295 1.074900 -1.547005 0.780960 1.074900 0.086407 0.780960 1.074899 -3.128908 0.780960 0.410145 -3.129921 1.262295 0.410145 -4.580333 1.262295 1.073773 -4.580333 0.780141 1.074900 -4.624966 0.780960 0.410145 -4.625978 1.262295 0.410145 -6.094488 1.262294 1.074900 -6.095500 0.780959 0.410145 -6.140133 1.262294 0.410145 -7.584514 1.262295 1.073773 -7.584514 0.780141 1.074900 -6.139121 0.780960 0.410145 0.357259 1.262295 1.074900 0.356247 0.780960 1.074899 1.328650 0.780960 0.410575 1.328650 1.263620 -0.410575 0.312626 1.263620 -0.410575 0.130028 1.263620 -0.410575 -7.629146 1.263620 -0.410575 -9.621836 1.263620 -0.410575 -1.590625 1.263620 -0.410575 -3.085289 1.263620 -0.410575 0.086407 1.263620 -0.410575 -1.547005 1.263620 -0.410575 -3.128908 1.263620 -0.410575 -4.581346 1.263620 -0.410575 -4.624966 1.263620 -0.410575 -6.095501 1.263620 -0.410575 -6.139121 1.263620 -0.410575 -7.585526 1.263620 -0.410575 1.328650 1.263620 -0.410575 0.356246 1.263620 -0.733621 -11.452183 -0.533008 -0.733621 1.521390 -0.533007 -0.906806 1.521390 0.000000 -0.906805 -11.452183 -0.000000 -0.280218 -11.452183 -0.862424 -0.280218 1.521390 -0.862423 0.280219 -11.452183 -0.862424 0.280218 1.521390 -0.862423 0.733622 -11.452183 -0.533008 0.733621 1.521390 -0.533007 0.906806 -11.452183 -0.000000 0.906806 1.521390 0.000000 0.733622 -11.452183 0.533007 0.733621 1.521390 0.533007 
						0.280219 -11.452183 0.862423 0.280218 1.521390 0.862424 -0.280218 -11.452183 0.862423 -0.280218 1.521390 0.862424 -0.280218 -11.452183 0.862423 -0.733621 -11.452183 0.533007 -0.733621 1.521390 0.533007 -0.280218 1.521390 0.862424 1.328649 -9.621836 0.000000 1.269215 -9.756562 0.000000 1.026816 -9.756562 -0.746026 1.074900 -9.621836 -0.780960 0.392209 -9.756562 -1.207095 0.410575 -9.621836 -1.263620 0.410575 -9.621836 -1.263620 0.392209 -9.756562 -1.207095 -0.392209 -9.756562 -1.207095 -0.410575 -9.621836 -1.263620 -1.026816 -9.756562 -0.746026 -1.074899 -9.621836 -0.780960 -1.269215 -9.756562 0.000000 -1.328649 -9.621836 0.000000 -1.026816 -9.756562 0.746026 -1.074899 -9.621836 0.780960 -0.392209 -9.756562 1.207095 -0.410575 -9.621836 1.263620 0.392209 -9.756562 1.207095 0.410575 -9.621836 1.263620 1.026816 -9.756562 0.746026 1.074900 -9.621836 0.780960 1.328649 -9.621836 0.000000 1.327256 -7.630158 -0.000000 -1.312424 0.357259 0.000000 -1.061774 0.357259 0.771424 -1.074900 0.356247 0.780960 -1.328649 0.356246 0.000000 -1.300426 0.348541 0.000000 -1.052067 0.348541 0.764371 -1.295843 0.334436 0.000000 -1.048359 0.334436 0.761677 -1.300426 0.320332 0.000000 -1.052067 0.320332 0.764371 -1.061774 0.311614 0.771424 -1.052067 0.320332 0.764371 -1.300426 0.320332 0.000000 -1.312424 0.311614 0.000000 -1.074900 0.312626 0.780960 -1.328649 0.312626 0.000000 -0.405562 0.357259 1.248190 -0.410575 0.356246 1.263620 -0.401854 0.348541 1.236778 -0.400438 0.334436 1.232420 -0.401854 0.320332 1.236778 -0.405562 0.311614 1.248190 -0.401854 0.320332 1.236778 -0.410575 0.312626 1.263620 0.410145 0.357259 1.262295 0.405561 0.357259 1.248190 0.401854 0.348541 1.236778 0.400438 0.334436 1.232420 0.401854 0.320332 1.236778 0.401854 0.320332 1.236778 0.405561 0.311614 1.248190 0.410145 0.311614 1.262295 
						1.061774 0.357259 0.771423 1.074900 0.356247 0.780960 1.052067 0.348541 0.764371 1.048359 0.334436 0.761677 1.052067 0.320332 0.764371 1.061774 0.311614 0.771423 1.052067 0.320332 0.764371 1.074900 0.312626 0.780960 1.312424 0.357259 0.000000 1.327255 0.357259 0.000000 1.300426 0.348541 0.000000 1.295843 0.334436 0.000000 1.300426 0.320332 0.000000 1.312424 0.311614 0.000000 1.300426 0.320332 0.000000 1.328649 0.312626 0.000000 1.073772 0.357259 -0.780141 1.061774 0.357259 -0.771423 1.052067 0.348541 -0.764371 1.048359 0.334436 -0.761677 1.052067 0.320332 -0.764371 1.052067 0.320332 -0.764371 1.061774 0.311614 -0.771423 1.073772 0.311614 -0.780141 0.410145 0.357259 -1.262295 0.405561 0.357259 -1.248190 0.401854 0.348541 -1.236778 0.400438 0.334436 -1.232420 0.401854 0.320332 -1.236778 0.401854 0.320332 -1.236778 0.405561 0.311614 -1.248190 0.410145 0.311614 -1.262295 -0.410575 0.356247 -1.263620 0.410145 0.357259 -1.262295 0.405561 0.357259 -1.248190 -0.405562 0.357259 -1.248190 0.401854 0.348541 -1.236778 -0.401854 0.348541 -1.236778 0.400438 0.334436 -1.232420 -0.400438 0.334436 -1.232420 0.401854 0.320332 -1.236778 -0.401854 0.320332 -1.236778 -0.401854 0.320332 -1.236778 0.401854 0.320332 -1.236778 0.405561 0.311614 -1.248190 -0.405562 0.311614 -1.248190 0.410145 0.311614 -1.262295 -0.410575 0.312626 -1.263620 -1.061773 0.357259 -0.771424 -1.074900 0.356246 -0.780960 -1.052066 0.348541 -0.764372 -1.048359 0.334436 -0.761678 -1.052066 0.320332 -0.764372 -1.061773 0.311614 -0.771424 -1.052066 0.320332 -0.764372 -1.073772 0.311614 -0.780142 -1.312424 -7.584514 -0.000000 -1.061773 -7.584514 0.771423 -1.074900 -7.585526 0.780960 -1.328649 -7.585526 0.000000 -1.300426 -7.593230 -0.000000 -1.052066 -7.593230 0.764371 -1.295843 -7.607335 -0.000000 -1.048359 -7.607335 0.761677 
						-1.300426 -7.621441 -0.000000 -1.052066 -7.621441 0.764371 -1.061773 -7.630158 0.771423 -1.312424 -7.630158 -0.000000 -1.074900 -7.629146 0.780960 -1.328649 -7.629146 0.000000 -0.405561 -7.584514 1.248190 -0.410575 -7.585526 1.263620 -0.401854 -7.593230 1.236778 -0.400437 -7.607335 1.232420 -0.401854 -7.621441 1.236778 -0.405561 -7.630158 1.248190 -0.410575 -7.629146 1.263620 0.410145 -7.584514 1.262295 0.405562 -7.584514 1.248190 0.401854 -7.593230 1.236778 0.400438 -7.607335 1.232420 0.401854 -7.621441 1.236778 0.405562 -7.630158 1.248190 0.410145 -7.630158 1.262295 1.061774 -7.584514 0.771423 1.073773 -7.584514 0.780141 1.052067 -7.593230 0.764371 1.048360 -7.607335 0.761677 1.052067 -7.621441 0.764371 1.061774 -7.630158 0.771423 1.074900 -7.629146 0.780960 1.312425 -7.584514 -0.000000 1.328649 -7.585526 0.000000 1.300426 -7.593230 -0.000000 1.295843 -7.607335 -0.000000 1.300426 -7.621441 -0.000000 1.312425 -7.630158 -0.000000 1.327256 -7.630158 -0.000000 1.073773 -7.584514 -0.780141 1.061774 -7.584514 -0.771424 1.052067 -7.593230 -0.764371 1.048360 -7.607335 -0.761678 1.052067 -7.621441 -0.764371 1.061774 -7.630158 -0.771424 1.073773 -7.630158 -0.780141 0.410145 -7.584514 -1.262295 0.405562 -7.584514 -1.248190 0.401854 -7.593230 -1.236779 0.400438 -7.607335 -1.232420 0.401854 -7.621441 -1.236779 0.405562 -7.630158 -1.248190 0.410145 -7.630158 -1.262295 -0.410575 -7.585526 -1.263620 0.410145 -7.584514 -1.262295 0.405562 -7.584514 -1.248190 -0.405561 -7.584514 -1.248190 0.401854 -7.593230 -1.236779 -0.401854 -7.593230 -1.236779 0.400438 -7.607335 -1.232420 -0.400437 -7.607335 -1.232420 0.401854 -7.621441 -1.236779 -0.401854 -7.621441 -1.236779 0.405562 -7.630158 -1.248190 -0.405561 -7.630158 -1.248190 0.410145 -7.630158 -1.262295 -0.410575 -7.629146 -1.263620 -1.061773 -7.584514 -0.771425 -1.074900 -7.585526 -0.780960 
						-1.052066 -7.593230 -0.764372 -1.048358 -7.607335 -0.761678 -1.052066 -7.621441 -0.764372 -1.061773 -7.630158 -0.771425 -1.073772 -7.630158 -0.780142 -1.312424 0.131041 0.000000 -1.061774 0.131041 0.771424 -1.074900 0.130028 0.780960 -1.327255 0.131041 0.000000 -1.300426 0.122322 0.000000 -1.052067 0.122322 0.764371 -1.295843 0.108217 0.000000 -1.048359 0.108217 0.761677 -1.052067 0.122322 0.764371 -1.300426 0.122322 0.000000 -1.300426 0.094112 0.000000 -1.052067 0.094112 0.764371 -1.061774 0.085395 0.771424 -1.312424 0.085395 0.000000 -1.074900 0.086407 0.780960 -1.328649 0.086407 0.000000 -0.405562 0.131041 1.248190 -0.410575 0.130028 1.263620 -0.401854 0.122322 1.236779 -0.401854 0.122322 1.236779 -0.400438 0.108217 1.232420 -0.401854 0.094112 1.236779 -0.405562 0.085395 1.248190 -0.410575 0.086407 1.263620 0.410145 0.131041 1.262295 0.405561 0.131041 1.248190 0.401854 0.122322 1.236779 0.401854 0.122322 1.236779 0.400438 0.108217 1.232420 0.401854 0.094112 1.236779 0.405561 0.085395 1.248190 0.410145 0.085395 1.262295 1.061774 0.131041 0.771424 1.073772 0.131041 0.780141 1.052067 0.122322 0.764371 1.048359 0.108217 0.761677 1.052067 0.122322 0.764371 1.052067 0.094112 0.764371 1.061774 0.085395 0.771424 1.074900 0.086407 0.780960 1.312424 0.131041 0.000000 1.327255 0.131041 0.000000 1.300426 0.122322 0.000000 1.300426 0.122322 0.000000 1.295843 0.108217 0.000000 1.300426 0.094112 0.000000 1.312424 0.085395 0.000000 1.327255 0.085395 0.000000 1.073772 0.131041 -0.780141 1.061774 0.131041 -0.771423 1.052067 0.122322 -0.764371 1.048359 0.108217 -0.761677 1.052067 0.122322 -0.764371 1.052067 0.094112 -0.764371 1.061774 0.085395 -0.771423 1.073772 0.085395 -0.780141 0.410145 0.131041 -1.262295 0.405561 0.131041 -1.248189 0.401854 0.122322 -1.236778 
						0.400438 0.108217 -1.232419 0.401854 0.122322 -1.236778 0.401854 0.094112 -1.236778 0.405561 0.085395 -1.248189 0.410575 0.086408 -1.263620 -0.410145 0.131041 -1.262295 0.410145 0.131041 -1.262295 0.405561 0.131041 -1.248189 -0.405562 0.131041 -1.248189 0.401854 0.122322 -1.236778 -0.401854 0.122322 -1.236778 -0.401854 0.122322 -1.236778 0.401854 0.122322 -1.236778 0.400438 0.108217 -1.232419 -0.400438 0.108217 -1.232419 0.401854 0.094112 -1.236778 -0.401854 0.094112 -1.236778 0.405561 0.085395 -1.248189 -0.405562 0.085395 -1.248189 0.410575 0.086408 -1.263620 -0.410575 0.086408 -1.263620 -1.061773 0.131041 -0.771424 -1.073772 0.131041 -0.780142 -1.052066 0.122322 -0.764371 -1.048359 0.108217 -0.761678 -1.052066 0.122322 -0.764371 -1.052066 0.094112 -0.764371 -1.061773 0.085395 -0.771424 -1.073772 0.085395 -0.780142 -1.312424 -1.545992 0.000000 -1.061774 -1.545992 0.771424 -1.074900 -1.547005 0.780960 -1.328649 -1.547005 0.000000 -1.300426 -1.554709 0.000000 -1.052067 -1.554709 0.764371 -1.295843 -1.568815 0.000000 -1.048359 -1.568815 0.761677 -1.300426 -1.582919 0.000000 -1.052067 -1.582919 0.764371 -1.061774 -1.591637 0.771424 -1.312424 -1.591637 0.000000 -1.074900 -1.590625 0.780960 -1.328649 -1.590625 0.000000 -0.405562 -1.545992 1.248190 -0.410575 -1.547005 1.263620 -0.401854 -1.554709 1.236778 -0.400438 -1.568815 1.232420 -0.401854 -1.582919 1.236778 -0.405562 -1.591637 1.248190 -0.410575 -1.590625 1.263620 0.410145 -1.545992 1.262295 0.405562 -1.545992 1.248190 0.401854 -1.554709 1.236778 0.400438 -1.568815 1.232420 0.401854 -1.582919 1.236778 0.405562 -1.591637 1.248190 0.410145 -1.591637 1.262295 1.061774 -1.545992 0.771423 1.074900 -1.547005 0.780960 1.052067 -1.554709 0.764371 1.048359 -1.568815 0.761677 1.052067 -1.582919 0.764371 1.061774 -1.591637 0.771423 1.074900 -1.590625 0.780960 
						1.312425 -1.545992 0.000000 1.327256 -1.545992 0.000000 1.300426 -1.554709 0.000000 1.295843 -1.568815 0.000000 1.300426 -1.582919 0.000000 1.312425 -1.591637 0.000000 1.327256 -1.591637 0.000000 1.073773 -1.545992 -0.780141 1.061774 -1.545992 -0.771423 1.052067 -1.554709 -0.764371 1.048359 -1.568815 -0.761677 1.052067 -1.582919 -0.764371 1.061774 -1.591637 -0.771423 1.073773 -1.591637 -0.780141 0.410145 -1.545992 -1.262295 0.405562 -1.545992 -1.248190 0.401854 -1.554709 -1.236778 0.400438 -1.568815 -1.232420 0.401854 -1.582919 -1.236778 0.405562 -1.591637 -1.248190 0.410145 -1.591637 -1.262295 -0.410145 -1.545992 -1.262295 0.410145 -1.545992 -1.262295 0.405562 -1.545992 -1.248190 -0.405562 -1.545992 -1.248190 0.401854 -1.554709 -1.236778 -0.401854 -1.554709 -1.236778 0.400438 -1.568815 -1.232420 -0.400438 -1.568815 -1.232420 0.401854 -1.582919 -1.236778 -0.401854 -1.582919 -1.236778 0.405562 -1.591637 -1.248190 -0.405562 -1.591637 -1.248190 0.410145 -1.591637 -1.262295 -0.410145 -1.591637 -1.262295 -1.061773 -1.545992 -0.771424 -1.073772 -1.545992 -0.780142 -1.052066 -1.554709 -0.764372 -1.048358 -1.568815 -0.761678 -1.052066 -1.582919 -0.764372 -1.061773 -1.591637 -0.771424 -1.073772 -1.591637 -0.780142 -1.312424 -3.084276 0.000000 -1.061774 -3.084276 0.771424 -1.074900 -3.085289 0.780960 -1.328649 -3.085289 0.000000 -1.300426 -3.092994 0.000000 -1.052067 -3.092994 0.764371 -1.295843 -3.107100 0.000000 -1.048359 -3.107100 0.761677 -1.300426 -3.121203 0.000000 -1.052067 -3.121203 0.764371 -1.061774 -3.129921 0.771424 -1.312424 -3.129921 0.000000 -1.074900 -3.128908 0.780960 -1.328649 -3.128908 0.000000 -0.405562 -3.084276 1.248190 -0.410575 -3.085289 1.263620 -0.401854 -3.092994 1.236778 -0.400438 -3.107100 1.232420 -0.401854 -3.121203 1.236778 -0.405562 -3.129921 1.248190 -0.410575 -3.128908 1.263620 0.410145 -3.084276 1.262295 
						0.405562 -3.084276 1.248190 0.401854 -3.092994 1.236778 0.400438 -3.107100 1.232420 0.401854 -3.121203 1.236778 0.405562 -3.129921 1.248190 0.410145 -3.129921 1.262295 1.061774 -3.084276 0.771423 1.074899 -3.085289 0.780960 1.052067 -3.092994 0.764371 1.048359 -3.107100 0.761677 1.052067 -3.121203 0.764371 1.061774 -3.129921 0.771423 1.074899 -3.128908 0.780960 1.312425 -3.084276 0.000000 1.327256 -3.084276 0.000000 1.300426 -3.092994 0.000000 1.295843 -3.107100 0.000000 1.300426 -3.121203 0.000000 1.312425 -3.129921 0.000000 1.328649 -3.128908 0.000000 1.073773 -3.084276 -0.780141 1.061774 -3.084276 -0.771423 1.052067 -3.092994 -0.764371 1.048359 -3.107100 -0.761677 1.052067 -3.121203 -0.764371 1.061774 -3.129921 -0.771423 1.073773 -3.129921 -0.780141 0.410145 -3.084276 -1.262295 0.405562 -3.084276 -1.248190 0.401854 -3.092994 -1.236778 0.400438 -3.107100 -1.232420 0.401854 -3.121203 -1.236778 0.405562 -3.129921 -1.248190 0.410145 -3.129921 -1.262295 -0.410575 -3.085289 -1.263620 0.410145 -3.084276 -1.262295 0.405562 -3.084276 -1.248190 -0.405562 -3.084276 -1.248190 0.401854 -3.092994 -1.236778 -0.401854 -3.092994 -1.236778 0.400438 -3.107100 -1.232420 -0.400438 -3.107100 -1.232420 0.401854 -3.121203 -1.236778 -0.401854 -3.121203 -1.236778 0.405562 -3.129921 -1.248190 -0.405562 -3.129921 -1.248190 0.410145 -3.129921 -1.262295 -0.410575 -3.128908 -1.263620 -1.061773 -3.084276 -0.771424 -1.073772 -3.084276 -0.780142 -1.052066 -3.092994 -0.764372 -1.048358 -3.107100 -0.761678 -1.052066 -3.121203 -0.764372 -1.061773 -3.129921 -0.771424 -1.074900 -3.128908 -0.780960 -1.312424 -4.580333 -0.000000 -1.061773 -4.580333 0.771423 -1.074900 -4.581346 0.780960 -1.328649 -4.581346 0.000000 -1.300426 -4.589051 -0.000000 -1.052066 -4.589051 0.764371 -1.295843 -4.603156 -0.000000 -1.048359 -4.603156 0.761677 -1.300426 -4.617261 -0.000000 
						-1.052066 -4.617261 0.764371 -1.061773 -4.625978 0.771423 -1.312424 -4.625978 -0.000000 -1.074900 -4.624966 0.780960 -1.328649 -4.624966 0.000000 -0.405561 -4.580333 1.248190 -0.410575 -4.581346 1.263620 -0.401854 -4.589051 1.236778 -0.400438 -4.603156 1.232420 -0.401854 -4.617261 1.236778 -0.405561 -4.625978 1.248190 -0.410575 -4.624966 1.263620 0.410145 -4.580333 1.262295 0.405562 -4.580333 1.248190 0.401854 -4.589051 1.236778 0.400438 -4.603156 1.232420 0.401854 -4.617261 1.236778 0.405562 -4.625978 1.248190 0.410145 -4.625978 1.262295 1.061774 -4.580333 0.771423 1.073773 -4.580333 0.780141 1.052067 -4.589051 0.764371 1.048359 -4.603156 0.761677 1.052067 -4.617261 0.764371 1.061774 -4.625978 0.771423 1.074900 -4.624966 0.780960 1.312425 -4.580333 0.000000 1.328649 -4.581346 0.000000 1.300426 -4.589051 0.000000 1.295843 -4.603156 0.000000 1.300426 -4.617261 0.000000 1.312425 -4.625978 0.000000 1.328649 -4.624966 0.000000 1.073773 -4.580333 -0.780141 1.061774 -4.580333 -0.771424 1.052067 -4.589051 -0.764371 1.048359 -4.603156 -0.761677 1.052067 -4.617261 -0.764371 1.061774 -4.625978 -0.771424 1.073773 -4.625978 -0.780141 0.410145 -4.580333 -1.262295 0.405562 -4.580333 -1.248190 0.401854 -4.589051 -1.236779 0.400438 -4.603156 -1.232420 0.401854 -4.617261 -1.236779 0.405562 -4.625978 -1.248190 0.410145 -4.625978 -1.262295 -0.410575 -4.581346 -1.263620 0.410145 -4.580333 -1.262295 0.405562 -4.580333 -1.248190 -0.405561 -4.580333 -1.248190 0.401854 -4.589051 -1.236779 -0.401854 -4.589051 -1.236779 0.400438 -4.603156 -1.232420 -0.400438 -4.603156 -1.232420 0.401854 -4.617261 -1.236779 -0.401854 -4.617261 -1.236779 0.405562 -4.625978 -1.248190 -0.405561 -4.625978 -1.248190 0.410145 -4.625978 -1.262295 -0.410575 -4.624966 -1.263620 -1.061773 -4.580333 -0.771424 -1.073772 -4.580333 -0.780142 -1.052066 -4.589051 -0.764372 
						-1.048358 -4.603156 -0.761678 -1.052066 -4.617261 -0.764372 -1.061773 -4.625978 -0.771424 -1.074900 -4.624966 -0.780960 -1.312424 -6.094488 -0.000000 -1.061773 -6.094488 0.771423 -1.073772 -6.094488 0.780141 -1.328649 -6.095500 0.000000 -1.300426 -6.103206 -0.000000 -1.052066 -6.103206 0.764371 -1.295843 -6.117310 -0.000000 -1.048359 -6.117310 0.761677 -1.300426 -6.131416 -0.000000 -1.052066 -6.131416 0.764371 -1.061773 -6.140133 0.771423 -1.312424 -6.140133 -0.000000 -1.074900 -6.139121 0.780960 -1.328649 -6.139121 0.000000 -0.405561 -6.094488 1.248189 -0.410575 -6.095501 1.263620 -0.401854 -6.103206 1.236778 -0.400437 -6.117310 1.232420 -0.401854 -6.131416 1.236778 -0.405561 -6.140133 1.248189 -0.410575 -6.139121 1.263620 0.410145 -6.094488 1.262294 0.405562 -6.094488 1.248189 0.401854 -6.103206 1.236778 0.400438 -6.117310 1.232420 0.401854 -6.131416 1.236778 0.405562 -6.140133 1.248189 0.410145 -6.140133 1.262294 1.061774 -6.094488 0.771423 1.074900 -6.095500 0.780959 1.052067 -6.103206 0.764371 1.048360 -6.117310 0.761677 1.052067 -6.131416 0.764371 1.061774 -6.140133 0.771423 1.074900 -6.139121 0.780960 1.312425 -6.094488 -0.000000 1.328649 -6.095500 0.000000 1.300426 -6.103206 -0.000000 1.295843 -6.117310 -0.000000 1.300426 -6.131416 -0.000000 1.312425 -6.140133 -0.000000 1.328649 -6.139121 0.000000 1.073773 -6.094488 -0.780141 1.061774 -6.094488 -0.771424 1.052067 -6.103206 -0.764371 1.048360 -6.117310 -0.761677 1.052067 -6.131416 -0.764371 1.061774 -6.140133 -0.771424 1.073773 -6.140133 -0.780141 0.410145 -6.094488 -1.262295 0.405562 -6.094488 -1.248190 0.401854 -6.103206 -1.236779 0.400438 -6.117310 -1.232420 0.401854 -6.131416 -1.236779 0.405562 -6.140133 -1.248190 0.410575 -6.139121 -1.263620 -0.410575 -6.095500 -1.263620 0.410145 -6.094488 -1.262295 0.405562 -6.094488 -1.248190 -0.405561 -6.094488 -1.248190 
						0.401854 -6.103206 -1.236779 -0.401854 -6.103206 -1.236779 0.400438 -6.117310 -1.232420 -0.400437 -6.117310 -1.232420 0.401854 -6.131416 -1.236779 -0.401854 -6.131416 -1.236779 0.405562 -6.140133 -1.248190 -0.405561 -6.140133 -1.248190 0.410575 -6.139121 -1.263620 -0.410575 -6.139121 -1.263620 -1.061773 -6.094488 -0.771425 -1.074900 -6.095500 -0.780960 -1.052066 -6.103206 -0.764372 -1.048358 -6.117310 -0.761678 -1.052066 -6.131416 -0.764372 -1.061773 -6.140133 -0.771425 -1.074900 -6.139121 -0.780960 1.327256 -1.591637 0.000000 1.327256 -3.084276 0.000000 1.328649 -6.095500 0.000000 1.328649 -4.624966 0.000000 0.906806 1.521390 0.000000 0.733621 1.521390 0.533007 0.922884 1.521390 0.670515 1.140748 1.521390 0.000000 0.922884 1.521390 -0.670515 0.352510 1.521390 -1.084916 -0.352511 1.521390 -1.084916 -0.922885 1.521390 -0.670515 -0.733621 1.521390 -0.533007 -0.280218 1.521390 -0.862423 0.280218 1.521390 -0.862423 0.733621 1.521390 -0.533007 -0.733621 -11.452183 0.533007 -0.280218 -11.452183 0.862423 -0.321005 -11.452183 0.987951 -0.840401 -11.452183 0.610587 -1.038793 -11.452183 -0.000000 -0.321005 -11.452183 -0.987951 0.321005 -11.452183 -0.987951 0.280219 -11.452183 -0.862424 -0.280218 -11.452183 -0.862424 -0.733621 -11.452183 -0.533008 -0.906805 -11.452183 -0.000000 -0.840401 -11.452183 -0.610588 -0.291460 -10.448538 0.897020 -0.763051 -10.448538 0.554389 -1.529943 -10.463006 1.111568 -0.584386 -10.463006 1.798555 0.584386 -10.463006 1.798555 0.291460 -10.448538 0.897020 0.763052 -10.448538 0.554389 1.529943 -10.463006 1.111568 1.891113 -10.463006 -0.000001 1.529943 -10.463006 -1.111569 0.943447 -10.463006 -1.798556 -0.943711 -10.463006 -1.798556 -1.529943 -10.463006 -1.111569 -1.891114 -10.463006 -0.000001 -0.943183 -10.448538 -0.000000 -0.763051 -10.448538 -0.554390 -0.291460 -10.448538 -0.897021 0.291460 -10.448538 -0.897021 0.943183 -10.448538 -0.000000 
						0.763052 -10.448538 -0.554390 -0.943183 -11.198765 -0.000000 -0.763051 -11.198765 0.554389 -1.529943 -11.184298 1.111568 -1.891113 -11.184298 -0.000001 -1.529943 -11.184298 -1.111569 -0.943711 -11.184298 -1.798556 0.943447 -11.184298 -1.798556 1.529943 -11.184298 -1.111569 1.891113 -11.184298 -0.000001 1.529943 -11.184298 1.111568 0.584386 -11.184298 1.798555 0.291460 -11.198765 0.897020 0.763052 -11.198765 0.554389 0.943183 -11.198765 -0.000000 0.763052 -11.198765 -0.554390 0.291460 -11.198765 -0.897021 -0.763051 -11.198765 -0.554390 -0.291460 -11.198765 -0.897021 -0.291460 -11.198765 0.897020 -0.584386 -11.184298 1.798555 1.529943 -11.184298 -1.111569 1.529943 -10.463006 -1.111569 1.891113 -10.463006 -0.000001 1.891113 -11.184298 -0.000001 0.584386 -11.184298 1.798555 0.584386 -10.463006 1.798555 -0.584386 -10.463006 1.798555 -0.584386 -11.184298 1.798555 -1.891113 -11.184298 -0.000001 -1.891114 -10.463006 -0.000001 -1.529943 -10.463006 -1.111569 -1.529943 -11.184298 -1.111569 0.943447 -11.184298 -1.798556 0.943447 -10.463006 -1.798556 1.529943 -11.184298 1.111568 1.529943 -10.463006 1.111568 -1.529943 -11.184298 1.111568 -1.529943 -10.463006 1.111568 -0.943711 -10.463006 -1.798556 -0.943711 -11.184298 -1.798556 0.943447 -10.528913 -3.319472 0.943447 -10.493145 -3.047782 0.943447 -11.184298 -3.095144 0.943447 -11.195488 -3.180149 0.943447 -10.493145 -3.047782 0.943447 -10.463006 -1.798556 0.943447 -11.184298 -1.798556 0.943447 -11.184298 -3.095144 -0.943711 -11.184298 -3.095144 -0.943711 -11.184298 -1.798556 -0.943711 -10.463006 -1.798556 -0.943711 -10.493145 -3.047782 -0.943711 -11.228300 -3.259362 -0.943711 -11.195488 -3.180149 -0.943711 -10.528913 -3.319472 -0.943711 -10.633782 -3.572646 -0.943711 -11.184298 -3.095144 -0.943711 -10.493145 -3.047782 0.943447 -10.633782 -3.572646 0.943447 -11.228300 -3.259362 0.943448 -10.987869 -3.900074 0.943447 -10.770464 -3.733253 0.943447 -11.280494 -3.327383 
						0.943447 -11.348516 -3.379578 -0.943712 -11.280494 -3.327383 -0.943711 -10.770464 -3.733253 -0.943712 -11.427728 -3.412389 -0.943712 -11.348516 -3.379578 -0.943712 -10.987869 -3.900074 -0.943712 -11.241044 -4.004943 0.943448 -11.512733 -4.040712 0.943448 -11.241044 -4.004943 0.943448 -11.427728 -3.412389 0.943448 -11.512733 -3.423580 0.943448 -20.081066 -4.040713 0.943448 -11.512733 -4.040712 0.943448 -11.512733 -3.423580 0.943449 -20.416695 -3.423580 -0.943712 -11.512733 -3.423580 -0.943712 -11.512733 -4.040712 -0.943711 -20.416695 -3.423580 -0.943711 -20.081066 -4.040713 -0.943711 -20.701614 -3.630202 -0.943711 -21.037243 -3.423580 -0.943712 -11.512733 -3.423580 -0.943712 -11.512733 -4.040712 0.943449 -20.701614 -3.630202 0.943449 -21.037243 -3.423580 0.943449 -22.176735 -3.630202 0.853357 -22.253311 -3.630202 0.511873 -22.253311 -3.630202 0.395249 -22.164669 -3.630202 0.395249 -21.083256 -3.630202 0.395249 -20.965313 -3.630202 -0.395511 -21.083256 -3.630202 -0.395511 -22.170704 -3.630202 -0.512135 -22.253311 -3.630202 -0.853619 -22.253311 -3.630202 -0.943711 -22.182770 -3.630202 -0.943711 -20.701614 -3.630202 0.943449 -20.701614 -3.630202 0.318526 -20.829315 -3.630202 0.133302 -20.772980 -3.630202 -0.133564 -20.772980 -3.630202 -0.395511 -20.965313 -3.630202 -0.318789 -20.829315 -3.630202 0.284642 -11.536592 -2.198605 0.351836 -11.536592 -1.991801 0.372705 -13.284172 -2.011648 0.301525 -13.284172 -2.230718 -0.284641 -11.536592 -2.198605 -0.108723 -11.536592 -2.326417 -0.115172 -13.284172 -2.366111 -0.301524 -13.284172 -2.230718 -0.351836 -11.536592 -1.991801 -0.372704 -13.284172 -2.011648 -0.284641 -11.536592 -1.784997 -0.301524 -13.284172 -1.792577 -0.108723 -11.536592 -1.657185 -0.115172 -13.284172 -1.657185 0.108724 -11.536592 -1.657185 0.115172 -13.284172 -1.657185 0.284642 -11.536592 -1.784997 0.301525 -13.284172 -1.792578 0.108724 -11.536592 -2.326417 0.115172 -13.284172 -2.366111 0.108724 -11.536592 -2.326417 
						0.115172 -13.284172 -2.366111 0.172419 -13.434606 -2.136917 0.301525 -13.284172 -2.230718 0.372705 -13.284172 -2.011648 0.213121 -13.434606 -2.011648 0.065858 -13.434606 -2.214338 0.115172 -13.284172 -2.366111 -0.065858 -13.434606 -2.214338 -0.115172 -13.284172 -2.366111 0.115172 -13.284172 -2.366111 0.065858 -13.434606 -2.214338 -0.172418 -13.434606 -2.136917 -0.301524 -13.284172 -2.230718 -0.213121 -13.434606 -2.011648 -0.372704 -13.284172 -2.011648 -0.172418 -13.434606 -1.886378 -0.301524 -13.284172 -1.792577 -0.065858 -13.434606 -1.808958 -0.115172 -13.284172 -1.657185 0.065858 -13.434606 -1.808958 0.115172 -13.284172 -1.657185 0.172419 -13.434606 -1.886379 0.301525 -13.284172 -1.792578 0.172419 -13.434606 -1.886379 0.065858 -13.434606 -1.808958 -0.065858 -13.434606 -1.808958 -0.172418 -13.434606 -1.886378 -0.213121 -13.434606 -2.011648 -0.172418 -13.434606 -2.136917 -0.065858 -13.434606 -2.214338 0.065858 -13.434606 -2.214338 0.172419 -13.434606 -2.136917 0.213121 -13.434606 -2.011648 0.511873 -22.253311 -3.423581 0.511873 -22.253311 -3.630202 0.853357 -22.253311 -3.630202 0.853357 -22.253311 -3.423581 0.395249 -21.083256 -3.630202 0.395249 -22.164669 -3.630202 0.395249 -22.164669 -3.423581 0.395249 -21.083256 -3.423580 -0.943711 -20.701614 -3.630202 -0.943711 -20.081066 -4.040713 0.943448 -20.081066 -4.040713 0.943449 -20.701614 -3.630202 -0.943711 -20.081066 -4.040713 -0.943712 -11.512733 -4.040712 0.943448 -11.512733 -4.040712 0.943448 -20.081066 -4.040713 0.943448 -11.512733 -3.423580 0.943448 -11.427728 -3.412389 -0.943712 -11.427728 -3.412389 -0.943712 -11.512733 -3.423580 -0.943712 -11.512733 -4.040712 -0.943712 -11.241044 -4.004943 0.943448 -11.241044 -4.004943 0.943448 -11.512733 -4.040712 -0.943712 -10.987869 -3.900074 0.943448 -10.987869 -3.900074 0.943447 -11.348516 -3.379578 -0.943712 -11.348516 -3.379578 0.943447 -11.280494 -3.327383 -0.943712 -11.280494 -3.327383 -0.943711 -10.770464 -3.733253 
						0.943447 -10.770464 -3.733253 -0.943711 -10.633782 -3.572646 0.943447 -10.633782 -3.572646 -0.943711 -10.528913 -3.319472 0.943447 -10.528913 -3.319472 0.943447 -11.228300 -3.259362 0.943447 -11.195488 -3.180149 -0.943711 -11.195488 -3.180149 -0.943711 -11.228300 -3.259362 0.943447 -11.184298 -3.095144 -0.943711 -11.184298 -3.095144 -0.943711 -10.493145 -3.047782 0.943447 -10.493145 -3.047782 -0.943711 -10.493145 -3.047782 0.943447 -10.493145 -3.047782 0.943447 -11.184298 -3.095144 -0.943711 -11.184298 -3.095144 -0.395511 -21.083256 -3.423580 -0.395511 -22.170704 -3.423581 -0.395511 -22.170704 -3.630202 -0.395511 -21.083256 -3.630202 0.943449 -22.176735 -3.630202 0.943449 -22.176735 -3.423581 -0.512135 -22.253311 -3.630202 -0.395511 -22.170704 -3.630202 -0.395511 -22.170704 -3.423581 -0.512135 -22.253311 -3.423581 0.395249 -22.164669 -3.630202 0.395249 -22.164669 -3.423581 -0.943711 -22.182770 -3.423581 -0.943711 -22.182770 -3.630202 -0.133564 -20.772980 -3.423580 -0.133564 -20.772980 -3.630202 0.133302 -20.772980 -3.630202 0.133301 -20.772980 -3.423580 -0.943711 -22.182770 -3.423581 -0.853619 -22.253311 -3.423581 -0.512135 -22.253311 -3.423581 -0.395511 -22.170704 -3.423581 -0.395511 -21.083256 -3.423580 -0.395511 -20.965313 -3.423580 0.395249 -20.965313 -3.423580 0.395249 -21.083256 -3.423580 0.395249 -22.164669 -3.423581 0.511873 -22.253311 -3.423581 0.853357 -22.253311 -3.423581 0.943449 -22.176735 -3.423581 0.943449 -21.037243 -3.423580 0.943449 -20.416695 -3.423580 0.943448 -11.512733 -3.423580 -0.943712 -11.512733 -3.423580 -0.943711 -20.416695 -3.423580 -0.943711 -21.037243 -3.423580 -0.318789 -20.829315 -3.423580 -0.133564 -20.772980 -3.423580 0.133301 -20.772980 -3.423580 0.318526 -20.829315 -3.423580 0.395249 -20.965313 -3.630202 0.395249 -20.965313 -3.423580 0.943449 -22.176735 -3.423581 0.943449 -22.176735 -3.630202 -0.853619 -22.253311 -3.423581 -0.943711 -22.182770 -3.423581 -0.943711 -22.182770 -3.630202 
						-0.853619 -22.253311 -3.630202 0.471126 -11.373714 -1.991800 0.351836 -11.536592 -1.991801 0.284642 -11.536592 -2.198605 0.381149 -11.373715 -2.268721 0.108724 -11.536592 -2.326417 0.145586 -11.373715 -2.439868 0.145586 -11.373715 -2.439868 0.108724 -11.536592 -2.326417 -0.108723 -11.536592 -2.326417 -0.145586 -11.373715 -2.439868 -0.284641 -11.536592 -2.198605 -0.381149 -11.373715 -2.268721 -0.351836 -11.536592 -1.991801 -0.471126 -11.373714 -1.991800 -0.284641 -11.536592 -1.784997 -0.381149 -11.373715 -1.714879 -0.108723 -11.536592 -1.657185 -0.145586 -11.373714 -1.543733 0.108724 -11.536592 -1.657185 0.145586 -11.373714 -1.543733 0.284642 -11.536592 -1.784997 0.381149 -11.373715 -1.714880 -0.381149 -11.154848 -2.268721 -0.381149 -11.373715 -2.268721 -0.471126 -11.373714 -1.991800 -0.471126 -11.154848 -1.991800 0.145586 -11.154848 -1.543733 0.381149 -11.154848 -1.714880 0.471126 -11.154848 -1.991800 0.381149 -11.154848 -2.268721 0.145586 -11.154848 -2.439868 -0.145586 -11.154848 -2.439868 -0.381149 -11.154848 -2.268721 -0.471126 -11.154848 -1.991800 -0.381149 -11.154850 -1.714879 -0.145586 -11.154848 -1.543733 0.381149 -11.154848 -1.714880 0.381149 -11.373715 -1.714880 0.471126 -11.373714 -1.991800 0.471126 -11.154848 -1.991800 -0.145586 -11.154848 -2.439868 -0.145586 -11.373715 -2.439868 0.145586 -11.154848 -2.439868 0.145586 -11.373715 -2.439868 0.381149 -11.154848 -2.268721 0.381149 -11.373715 -2.268721 0.145586 -11.373715 -2.439868 0.145586 -11.154848 -2.439868 0.145586 -11.154848 -1.543733 0.145586 -11.373714 -1.543733 -0.145586 -11.154848 -1.543733 -0.145586 -11.373714 -1.543733 -0.381149 -11.154850 -1.714879 -0.381149 -11.373715 -1.714879 -0.395511 -20.965313 -3.630202 -0.395511 -20.965313 -3.423580 -0.318789 -20.829315 -3.630202 -0.318789 -20.829315 -3.423580 -0.395511 -20.965313 -3.630202 -0.318789 -20.829315 -3.630202 -0.318789 -20.829315 -3.423580 -0.395511 -20.965313 -3.423580 0.318526 -20.829315 -3.423580 
						0.318526 -20.829315 -3.630202 0.395249 -20.965313 -3.423580 0.318526 -20.829315 -3.423580 0.318526 -20.829315 -3.630202 0.395249 -20.965313 -3.630202 -0.763051 -11.198765 -0.554390 -0.763051 -10.448538 -0.554390 -0.943183 -10.448538 -0.000000 -0.943183 -11.198765 -0.000000 -0.291460 -11.198765 -0.897021 -0.291460 -10.448538 -0.897021 0.291460 -11.198765 -0.897021 0.291460 -10.448538 -0.897021 0.763052 -11.198765 -0.554390 0.763052 -10.448538 -0.554390 0.943183 -11.198765 -0.000000 0.943183 -10.448538 -0.000000 0.763052 -11.198765 0.554389 0.763052 -10.448538 0.554389 0.291460 -11.198765 0.897020 0.291460 -10.448538 0.897020 -0.291460 -11.198765 0.897020 -0.291460 -10.448538 0.897020 -0.291460 -11.198765 0.897020 -0.763051 -11.198765 0.554389 -0.763051 -10.448538 0.554389 -0.291460 -10.448538 0.897020 -1.283097 -20.052273 -3.662362 -1.283097 -20.002834 -3.594316 -1.283097 -19.922840 -3.568325 -1.283097 -19.842850 -3.594316 -1.283097 -19.793411 -3.662362 -1.283097 -19.793411 -3.746471 -1.283097 -19.842850 -3.814517 -1.283097 -19.922840 -3.840509 -1.283097 -20.002834 -3.814517 -1.283097 -20.052273 -3.746471 1.283528 -19.922840 -3.568325 1.283528 -20.002834 -3.594316 1.283528 -20.052273 -3.662362 1.283528 -20.052273 -3.746471 1.283528 -20.002834 -3.814517 1.283528 -19.922840 -3.840509 1.283528 -19.842850 -3.814517 1.283528 -19.793411 -3.746471 1.283528 -19.793411 -3.662362 1.283528 -19.842850 -3.594316 -1.283097 -20.002834 -3.594316 -1.283097 -20.052273 -3.662362 1.283528 -20.052273 -3.662362 1.283528 -20.002834 -3.594316 -1.283097 -20.052273 -3.746471 -1.283097 -20.002834 -3.814517 1.283528 -20.002834 -3.814517 1.283528 -20.052273 -3.746471 -1.283097 -19.793411 -3.662362 -1.283097 -19.842850 -3.594316 1.283528 -19.842850 -3.594316 1.283528 -19.793411 -3.662362 -1.283097 -19.922840 -3.840509 -1.283097 -19.842850 -3.814517 1.283528 -19.842850 -3.814517 1.283528 -19.922840 -3.840509 -1.283097 -19.922840 -3.568325 
						1.283528 -19.922840 -3.568325 -1.283097 -19.922840 -3.840509 1.283528 -19.922840 -3.840509 -1.283097 -19.793411 -3.746471 1.283528 -19.793411 -3.746471 
					</float_array>
					<technique_common>
						<accessor count="1285" offset="0" source="#meshId0-positions-array" stride="3">
							<param name="X" type="float" />
							<param name="Y" type="float" />
							<param name="Z" type="float" />
						</accessor>
					</technique_common>
				</source>
				<source id="meshId0-normals" name="meshId0-normals">
					<float_array id="meshId0-normals-array" count="3855"> 
						0.801649 -0.134654 -0.582432 0.801649 -0.134654 -0.582432 0.990893 -0.134655 0.000000 0.990893 -0.134655 -0.000000 -0.306203 -0.134654 -0.942395 -0.306203 -0.134654 -0.942395 0.306203 -0.134654 -0.942395 0.306203 -0.134654 -0.942395 -0.801649 -0.134654 -0.582432 -0.801649 -0.134654 -0.582432 -0.990893 -0.134655 -0.000000 -0.990893 -0.134655 -0.000000 -0.801649 -0.134655 0.582432 -0.801649 -0.134655 0.582432 -0.306203 -0.134655 0.942395 -0.306203 -0.134655 0.942395 0.306203 -0.134655 0.942395 0.306203 -0.134655 0.942395 0.801649 -0.134655 0.582432 0.801649 -0.134655 0.582432 -0.809178 -0.001913 0.587561 -0.809253 -0.001914 0.587458 -0.999992 -0.003837 -0.000679 -0.999992 -0.003837 -0.000681 -0.809017 0.000000 0.587785 -1.000000 0.000175 -0.000276 -1.000000 0.000175 -0.000404 -0.809017 0.000000 0.587785 -1.000000 0.000000 -0.000680 -0.809017 -0.000000 0.587785 -0.809017 -0.000000 0.587785 -1.000000 0.000000 -0.000680 -0.809017 -0.000000 0.587785 -1.000000 -0.000000 -0.000680 -1.000000 -0.000000 -0.000680 -0.809017 -0.000000 0.587785 -0.809017 -0.000000 0.587785 -1.000000 -0.000240 -0.000404 -1.000000 -0.000240 -0.000276 -0.809017 -0.000000 0.587785 -0.809017 -0.000474 0.587785 -0.809017 -0.000474 0.587785 -1.000000 -0.000237 0.000404 -1.000000 -0.000237 0.000276 -1.000000 -0.000000 0.000000 -0.809017 -0.000000 0.587785 -0.809017 -0.000000 0.587785 -1.000000 -0.000000 0.000000 -1.000000 0.000000 0.000000 -0.809017 0.000000 0.587785 -0.809017 0.000000 0.587785 -1.000000 0.000000 0.000000 0.808778 -0.001923 -0.588111 0.808853 -0.001924 -0.588008 0.999983 -0.005761 -0.000277 0.999983 -0.005760 -0.000406 1.000000 0.000000 -0.000680 0.809254 -0.000213 -0.587458 0.809180 -0.000213 -0.587561 1.000000 0.000000 -0.000680 0.808617 0.000000 -0.588335 0.808617 0.000000 -0.588335 1.000000 -0.000240 -0.000275 1.000000 -0.000240 -0.000403 
						1.000000 -0.000241 -0.000275 1.000000 -0.000241 -0.000403 0.808854 -0.000241 -0.588009 0.808780 -0.000241 -0.588112 0.999999 -0.001075 -0.000276 0.809016 -0.001434 -0.587785 0.809016 -0.001434 -0.587785 0.999999 -0.001075 -0.000404 -0.716039 0.698060 0.000000 -0.716039 0.698060 0.000000 -0.579288 0.698060 0.420877 -0.579288 0.698060 0.420877 -0.000000 1.000000 0.000000 -0.000000 1.000000 0.000000 -0.000000 1.000000 0.000000 -0.000000 1.000000 0.000000 -0.000000 1.000000 0.000000 -0.000000 1.000000 0.000000 -0.000000 1.000000 0.000000 -0.000000 1.000000 0.000000 -0.000000 1.000000 0.000000 -0.000000 1.000000 0.000000 -0.000000 1.000000 0.000000 -0.000000 1.000000 0.000000 -0.579288 0.698060 -0.420877 -0.579288 0.698060 -0.420877 -0.221268 0.698060 -0.680994 -0.221268 0.698060 -0.680994 -0.579288 0.698060 -0.420877 -0.579288 0.698060 -0.420877 0.716039 0.698060 -0.000000 0.716039 0.698060 -0.000000 0.579288 0.698060 -0.420877 0.579288 0.698060 -0.420877 0.221268 0.698060 -0.680993 0.221268 0.698060 -0.680993 0.221268 0.698060 -0.680993 0.221268 0.698060 -0.680993 0.579288 0.698060 0.420877 0.579288 0.698060 0.420877 0.221268 0.698060 0.680994 0.221268 0.698060 0.680994 0.579288 0.698060 0.420877 0.579288 0.698060 0.420877 -0.221268 0.698060 0.680994 -0.221268 0.698060 0.680994 0.000000 -1.000000 -0.000002 0.000000 -1.000000 -0.000002 0.000000 -1.000000 -0.000002 0.000000 -1.000000 -0.000002 0.000000 -1.000000 -0.000002 0.000000 -1.000000 -0.000002 0.000000 -1.000000 -0.000002 0.000000 -1.000000 -0.000002 0.000000 -1.000000 -0.000002 0.000000 -1.000000 -0.000002 0.000000 -1.000000 -0.000002 0.000000 -1.000000 -0.000002 -0.809011 -0.003846 -0.587781 -0.809011 -0.003846 -0.587781 -0.809017 0.000350 -0.587785 -0.809017 0.000350 -0.587785 -0.808780 0.000233 -0.588112 -0.808854 0.000233 -0.588009 
						-0.808780 -0.000213 -0.588112 -0.808854 -0.000213 -0.588009 -0.809017 -0.000480 -0.587785 -0.809017 -0.000480 -0.587785 -0.809017 0.000000 -0.587785 -0.809017 0.000000 -0.587785 -0.809017 -0.000000 -0.587785 -0.809017 -0.000000 -0.587785 -0.809017 0.000000 -0.587785 -0.809017 0.000000 -0.587785 -0.309017 0.000350 -0.951056 -0.309017 0.000350 -0.951056 -0.308755 -0.000358 -0.951142 -0.308633 -0.000359 -0.951181 0.309401 -0.001924 -0.950930 -0.309015 -0.003848 -0.951050 -0.309015 -0.003848 -0.951050 0.309279 -0.001925 -0.950969 0.309280 0.000524 -0.950971 0.309401 0.000525 -0.950932 0.309280 0.000233 -0.950971 -0.309017 0.000467 -0.951056 -0.309017 0.000467 -0.951056 0.309401 0.000233 -0.950932 -0.309279 -0.000640 -0.950971 0.309279 -0.000640 -0.950971 0.309401 -0.000640 -0.950931 -0.309401 -0.000640 -0.950931 0.309664 0.000000 -0.950846 -0.308633 -0.000240 -0.951181 -0.308755 -0.000240 -0.951142 0.309664 0.000000 -0.950846 0.309664 0.000000 -0.950846 -0.308371 0.000000 -0.951266 -0.308371 0.000000 -0.951266 0.309664 0.000000 -0.950846 -0.308755 -0.000241 -0.951142 -0.308633 -0.000241 -0.951181 0.309663 -0.000482 -0.950846 0.309663 -0.000482 -0.950846 0.309280 -0.001075 -0.950970 0.309401 -0.001076 -0.950931 0.309401 -0.001924 -0.950930 0.309279 -0.001925 -0.950969 0.809017 0.000699 -0.587785 0.809017 0.000699 -0.587785 0.309401 0.000525 -0.950932 0.309280 0.000524 -0.950971 0.309280 0.000233 -0.950971 0.309401 0.000233 -0.950932 0.809017 0.000000 -0.587785 0.809017 0.000000 -0.587785 0.309279 -0.000640 -0.950971 0.309401 -0.000640 -0.950931 0.309664 0.000000 -0.950846 0.309664 0.000000 -0.950846 0.808617 0.000000 -0.588335 0.309664 0.000000 -0.950846 0.309664 0.000000 -0.950846 0.808617 0.000000 -0.588335 0.309663 -0.000482 -0.950846 0.309663 -0.000482 -0.950846 0.309280 -0.001075 -0.950970 0.309401 -0.001076 -0.950931 
						0.306203 -0.134654 -0.942395 0.306203 -0.134654 -0.942395 0.808765 -0.005760 0.588104 0.808841 -0.005761 0.587999 0.309400 -0.001922 0.950930 0.309280 -0.001921 0.950969 0.309017 0.000350 0.951056 0.309017 0.000350 0.951056 0.809017 0.000350 0.587785 0.809017 0.000350 0.587785 0.309017 -0.000000 0.951057 0.309017 -0.000000 0.951057 0.809017 -0.000000 0.587785 0.809017 -0.000000 0.587785 0.309017 -0.000000 0.951057 0.309017 -0.000000 0.951057 0.809017 -0.000000 0.587785 0.809017 -0.000000 0.587785 0.808617 -0.000480 0.588335 0.309401 -0.000240 0.950932 0.309280 -0.000240 0.950971 0.808617 -0.000480 0.588335 0.808618 -0.000000 0.588335 0.309017 -0.000000 0.951056 0.309017 -0.000000 0.951056 0.808618 -0.000000 0.588335 0.309401 -0.000241 0.950932 0.309280 -0.000241 0.950971 0.808617 -0.000482 0.588335 0.808617 -0.000482 0.588335 0.309017 -0.000717 0.951056 0.809017 -0.000717 0.587785 0.809017 -0.000717 0.587785 0.309017 -0.000717 0.951056 -0.308371 0.000000 0.951266 -0.308371 0.000000 0.951266 -0.308755 0.000175 0.951142 -0.308633 0.000175 0.951181 -0.308371 -0.000000 0.951266 -0.308371 -0.000000 0.951266 -0.308371 -0.000000 0.951266 -0.308371 -0.000000 0.951266 -0.308371 -0.000000 0.951266 -0.308371 -0.000000 0.951266 -0.308755 -0.000237 0.951142 -0.308633 -0.000237 0.951181 -0.308370 -0.000000 0.951266 -0.308370 -0.000000 0.951266 -0.308633 -0.000359 0.951181 -0.308755 -0.000359 0.951142 0.809017 0.000000 0.587785 0.809017 0.000000 0.587785 1.000000 0.000000 0.000000 1.000000 0.000000 0.000000 0.309017 -0.000000 0.951057 0.309017 -0.000000 0.951057 -0.309017 -0.000000 0.951057 -0.309017 -0.000000 0.951057 -0.809017 -0.000000 0.587785 -0.809017 -0.000000 0.587785 -1.000000 -0.000000 0.000000 -1.000000 -0.000000 0.000000 -0.809017 -0.000000 -0.587785 -0.809017 -0.000000 -0.587785 
						-0.309017 0.000000 -0.951057 -0.309017 0.000000 -0.951057 0.309017 0.000000 -0.951057 0.309017 0.000000 -0.951057 0.309017 0.000000 -0.951057 0.809017 0.000000 -0.587785 0.809017 0.000000 -0.587785 0.309017 0.000000 -0.951057 0.914928 -0.403618 -0.000001 0.914928 -0.403618 -0.000001 0.740192 -0.403618 -0.537781 0.740192 -0.403618 -0.537781 0.282729 -0.403618 -0.870148 0.282729 -0.403618 -0.870148 0.282729 -0.403618 -0.870148 0.282729 -0.403618 -0.870148 -0.282728 -0.403617 -0.870148 -0.282728 -0.403618 -0.870148 -0.740192 -0.403617 -0.537782 -0.740192 -0.403617 -0.537782 -0.914928 -0.403617 -0.000001 -0.914928 -0.403617 -0.000001 -0.740192 -0.403617 0.537781 -0.740192 -0.403617 0.537781 -0.282728 -0.403618 0.870148 -0.282727 -0.403618 0.870148 0.282729 -0.403619 0.870147 0.282729 -0.403619 0.870147 0.740193 -0.403618 0.537780 0.740193 -0.403618 0.537780 1.000000 0.000524 -0.000404 1.000000 0.000524 -0.000276 -0.214728 -0.976674 0.000000 -0.173719 -0.976674 0.126214 0.050387 -0.998059 -0.036608 0.062282 -0.998059 0.000000 -0.785650 -0.618672 0.000000 -0.635605 -0.618670 0.461794 -1.000000 0.000000 0.000000 -0.809017 0.000000 0.587785 -0.785649 0.618672 0.000000 -0.635605 0.618670 0.461794 -0.173720 0.976674 0.126214 -0.635605 0.618670 0.461794 -0.785649 0.618672 0.000000 -0.223443 0.974712 -0.003201 0.050386 0.998059 -0.036608 0.047532 0.998857 -0.005117 -0.066002 -0.974712 0.213494 0.019556 -0.998856 -0.043627 -0.242780 -0.618670 0.747199 -0.309017 0.000000 0.951057 -0.242780 0.618670 0.747198 -0.066002 0.974713 0.213493 -0.242780 0.618670 0.747198 0.019555 0.998856 -0.043629 -0.010010 -0.999475 -0.030811 0.071771 -0.972655 0.220889 0.242780 -0.618670 0.747199 0.309017 0.000001 0.951057 0.242779 0.618672 0.747197 0.242779 0.618672 0.747197 0.071771 0.972655 0.220889 -0.010010 0.999475 -0.030810 
						0.187769 -0.972693 0.136421 -0.026503 -0.999463 -0.019258 0.635606 -0.618669 0.461794 0.809017 0.000002 0.587786 0.635605 0.618671 0.461793 0.178886 0.974712 0.133925 0.635605 0.618671 0.461793 -0.041462 0.998857 -0.023799 0.241763 -0.970329 -0.003477 -0.016209 -0.999853 -0.005579 0.785651 -0.618670 0.000000 1.000000 0.000001 0.000000 0.785650 0.618672 -0.000000 0.223442 0.974712 -0.003202 0.785650 0.618672 -0.000000 -0.047531 0.998857 -0.005117 -0.000000 -1.000000 0.000001 0.203223 -0.967936 -0.147649 0.635604 -0.618672 -0.461793 0.809016 0.000001 -0.587786 0.635604 0.618672 -0.461793 0.635604 0.618672 -0.461793 0.193547 0.970329 -0.144918 -0.016390 0.999853 0.005013 0.000296 -0.999853 0.017138 0.078016 -0.970329 -0.228855 0.242779 -0.618671 -0.747198 0.309017 0.000001 -0.951057 0.242779 0.618671 -0.747198 0.242779 0.618671 -0.747198 0.078015 0.970329 -0.228856 0.000296 0.999853 0.017138 0.019556 -0.998857 0.043624 0.000296 -0.999853 0.017138 0.078016 -0.970329 -0.228855 -0.066002 -0.974712 -0.213495 0.242779 -0.618671 -0.747198 -0.242780 -0.618671 -0.747198 0.309017 0.000001 -0.951057 -0.309017 0.000001 -0.951057 0.242779 0.618671 -0.747198 -0.242779 0.618670 -0.747199 -0.242779 0.618670 -0.747199 0.242779 0.618671 -0.747198 0.078015 0.970329 -0.228856 -0.071722 0.972693 -0.220738 0.000296 0.999853 0.017138 0.010122 0.999463 0.031154 -0.173718 -0.976674 -0.126214 0.050389 -0.998059 0.036608 -0.635604 -0.618672 -0.461793 -0.809016 0.000001 -0.587787 -0.635604 0.618671 -0.461794 -0.187902 0.972654 -0.136520 -0.635604 0.618671 -0.461794 0.026205 0.999475 0.019039 -0.214731 -0.976673 0.000002 -0.173722 -0.976675 0.126205 0.050353 -0.998061 -0.036600 0.062240 -0.998061 0.000001 -0.785633 -0.618693 0.000002 -0.635590 -0.618693 0.461783 -1.000000 0.000000 -0.000001 -0.809021 0.000004 0.587780 
						-0.785648 0.618674 0.000002 -0.635604 0.618671 0.461793 -0.173712 0.976676 0.126209 -0.223435 0.974714 -0.003202 0.050390 0.998058 -0.036622 0.047537 0.998856 -0.005123 -0.066004 -0.974714 0.213486 0.019542 -0.998858 -0.043602 -0.242773 -0.618693 0.747181 -0.309019 0.000003 0.951056 -0.242780 0.618672 0.747196 -0.065999 0.974709 0.213510 0.019557 0.998858 -0.043599 0.000296 -0.999853 -0.017118 0.078008 -0.970331 0.228850 0.242771 -0.618689 0.747186 0.309019 0.000002 0.951056 0.242784 0.618680 0.747189 0.071769 0.972650 0.220912 -0.010011 0.999477 -0.030756 0.193536 -0.970333 0.144908 -0.016381 -0.999853 -0.005013 0.635589 -0.618691 0.461789 0.809018 0.000003 0.587783 0.635607 0.618677 0.461782 0.187764 0.972694 0.136423 -0.026505 0.999464 -0.019240 0.232087 -0.972695 -0.000002 -0.032738 -0.999464 -0.000001 0.785633 -0.618692 -0.000002 1.000000 0.000001 0.000000 0.785648 0.618674 0.000000 0.241758 0.970330 -0.003477 -0.016210 0.999853 -0.005578 -0.016381 -0.999853 0.005023 0.193536 -0.970333 -0.144904 0.635589 -0.618689 -0.461790 0.809020 0.000003 -0.587782 0.635607 0.618677 -0.461782 0.203220 0.967938 -0.147641 0.000000 1.000000 0.000002 0.000296 -0.999853 0.017137 0.078008 -0.970334 -0.228840 0.242772 -0.618689 -0.747186 0.309021 0.000002 -0.951055 0.242784 0.618680 -0.747189 0.078014 0.970329 -0.228856 0.000296 0.999853 0.017123 0.019543 -0.998858 0.043606 0.000296 -0.999853 0.017137 0.078008 -0.970334 -0.228840 -0.066002 -0.974713 -0.213489 0.242772 -0.618689 -0.747186 -0.242770 -0.618689 -0.747186 0.309021 0.000002 -0.951055 -0.309019 0.000003 -0.951056 0.242784 0.618680 -0.747189 -0.242780 0.618673 -0.747196 0.078014 0.970329 -0.228856 -0.071718 0.972690 -0.220749 0.000296 0.999853 0.017123 0.010124 0.999464 0.031132 -0.173720 -0.976674 -0.126210 0.050355 -0.998061 0.036596 
						-0.635588 -0.618691 -0.461789 -0.809020 0.000003 -0.587782 -0.635604 0.618673 -0.461791 -0.187894 0.972655 -0.136523 0.026209 0.999475 0.019033 -0.241781 -0.970325 -0.003477 -0.182665 -0.974708 0.128757 0.035447 -0.998857 -0.032078 0.016208 -0.999853 -0.005578 -0.785663 -0.618655 -0.000000 -0.635615 -0.618653 0.461802 -1.000000 -0.000000 0.000000 -0.809017 -0.000000 0.587785 -0.635615 -0.618653 0.461802 -0.785663 -0.618655 -0.000000 -0.785663 0.618655 -0.000000 -0.635615 0.618654 0.461802 -0.173733 0.976670 0.126225 -0.223459 0.974708 -0.003202 0.050387 0.998059 -0.036608 0.047535 0.998856 -0.005117 -0.066009 -0.974707 0.213516 0.019554 -0.998857 -0.043623 -0.242783 -0.618652 0.747212 -0.242783 -0.618652 0.747212 -0.309018 -0.000000 0.951056 -0.242783 0.618652 0.747212 -0.066009 0.974707 0.213514 0.019555 0.998857 -0.043625 0.000296 -0.999853 -0.017137 0.078022 -0.970324 0.228876 0.242784 -0.618652 0.747212 0.242784 -0.618652 0.747212 0.309018 -0.000000 0.951056 0.242784 0.618652 0.747212 0.071778 0.972649 0.220910 -0.010010 0.999475 -0.030807 0.203237 -0.967931 0.147661 0.000000 -1.000000 0.000000 0.635615 -0.618653 0.461802 0.809017 -0.000001 0.587785 0.635615 -0.618653 0.461802 0.635616 0.618652 0.461803 0.187783 0.972689 0.136433 -0.026502 0.999463 -0.019255 0.251214 -0.967932 -0.000000 0.000000 -1.000000 0.000000 0.785663 -0.618654 -0.000000 0.785663 -0.618654 -0.000000 1.000000 -0.000001 0.000000 0.785664 0.618654 -0.000000 0.241780 0.970325 -0.003477 -0.016208 0.999853 -0.005578 0.000000 -1.000000 0.000000 0.203238 -0.967931 -0.147661 0.635616 -0.618653 -0.461802 0.809017 -0.000001 -0.587785 0.635616 -0.618653 -0.461802 0.635616 0.618653 -0.461802 0.197647 0.970325 -0.139300 -0.009836 0.999853 0.014042 0.000000 -1.000000 -0.000000 0.077630 -0.967931 -0.238922 0.242783 -0.618652 -0.747212 
						0.309018 -0.000000 -0.951056 0.242783 -0.618652 -0.747212 0.242783 0.618652 -0.747212 0.072097 0.974709 -0.211530 -0.009824 0.998856 0.046797 0.000000 -1.000000 0.000000 0.000000 -1.000000 -0.000000 0.077630 -0.967931 -0.238922 -0.077630 -0.967931 -0.238922 0.242783 -0.618652 -0.747212 -0.242783 -0.618652 -0.747212 -0.242783 -0.618652 -0.747212 0.242783 -0.618652 -0.747212 0.309018 -0.000000 -0.951056 -0.309018 -0.000000 -0.951056 0.242783 0.618652 -0.747212 -0.242783 0.618652 -0.747212 0.072097 0.974709 -0.211530 -0.072097 0.974709 -0.211530 -0.009824 0.998856 0.046797 0.009824 0.998856 0.046797 -0.203238 -0.967931 -0.147661 0.000000 -1.000000 0.000000 -0.635615 -0.618654 -0.461801 -0.809017 -0.000000 -0.587786 -0.635615 -0.618654 -0.461801 -0.635615 0.618654 -0.461801 -0.187914 0.972650 -0.136527 0.026209 0.999475 0.019043 -0.223432 -0.974714 -0.003201 -0.173711 -0.976676 0.126210 0.050386 -0.998059 -0.036605 0.047533 -0.998857 -0.005117 -0.785644 -0.618679 0.000000 -0.635599 -0.618680 0.461789 -1.000000 0.000007 -0.000001 -0.809018 0.000008 0.587784 -0.785651 0.618670 0.000000 -0.635605 0.618670 0.461794 -0.173724 0.976672 0.126219 -0.223447 0.974711 -0.003201 0.050382 0.998059 -0.036602 0.047528 0.998857 -0.005117 -0.065999 -0.974714 0.213489 0.019555 -0.998857 -0.043621 -0.242777 -0.618679 0.747192 -0.309017 0.000009 0.951056 -0.242779 0.618671 0.747198 -0.066005 0.974710 0.213502 0.019553 0.998857 -0.043618 -0.010010 -0.999475 -0.030804 0.071769 -0.972656 0.220884 0.242778 -0.618678 0.747192 0.309018 0.000010 0.951056 0.242780 0.618671 0.747197 0.071773 0.972652 0.220899 -0.010009 0.999476 -0.030799 0.187762 -0.972695 0.136417 -0.026502 -0.999463 -0.019253 0.635601 -0.618679 0.461789 0.809017 0.000010 0.587785 0.635605 0.618671 0.461793 0.187773 0.972691 0.136428 -0.026500 0.999464 -0.019247 
						0.241754 -0.970331 -0.003478 -0.016208 -0.999853 -0.005580 0.785645 -0.618678 -0.000000 1.000000 0.000009 0.000000 0.785651 0.618670 0.000000 0.241767 0.970328 -0.003476 -0.016207 0.999853 -0.005576 0.000000 -1.000000 -0.000001 0.203216 -0.967938 -0.147645 0.635600 -0.618679 -0.461789 0.809017 0.000009 -0.587785 0.635605 0.618671 -0.461793 0.203226 0.967935 -0.147652 0.000000 1.000000 -0.000001 0.000000 -1.000000 0.000003 0.077622 -0.967938 -0.238894 0.242777 -0.618677 -0.747193 0.309017 0.000010 -0.951056 0.242780 0.618670 -0.747198 0.077626 0.967935 -0.238907 0.000000 1.000000 -0.000000 0.000000 -1.000000 0.000003 0.000000 -1.000000 0.000003 0.077622 -0.967938 -0.238894 -0.077622 -0.967938 -0.238894 0.242777 -0.618677 -0.747193 -0.242777 -0.618678 -0.747193 0.309017 0.000010 -0.951056 -0.309017 0.000009 -0.951057 0.242780 0.618670 -0.747198 -0.242779 0.618669 -0.747199 0.077626 0.967935 -0.238907 -0.077626 0.967935 -0.238907 0.000000 1.000000 -0.000000 0.000000 1.000000 0.000001 -0.193539 -0.970332 -0.144911 0.016391 -0.999853 0.005015 -0.635599 -0.618680 -0.461789 -0.809017 0.000008 -0.587786 -0.635604 0.618671 -0.461794 -0.193549 0.970328 -0.144920 0.016390 0.999853 0.005013 -0.223439 -0.974713 -0.003201 -0.173717 -0.976674 0.126213 0.050381 -0.998059 -0.036608 0.047528 -0.998857 -0.005117 -0.785646 -0.618676 0.000001 -0.635601 -0.618674 0.461794 -1.000000 0.000000 0.000001 -0.809018 0.000000 0.587783 -0.785650 0.618671 0.000000 -0.635605 0.618673 0.461790 -0.173714 0.976675 0.126212 -0.214721 0.976676 -0.000001 0.050394 0.998058 -0.036608 0.062292 0.998058 -0.000001 -0.066002 -0.974713 0.213492 0.019553 -0.998857 -0.043624 -0.242778 -0.618677 0.747193 -0.309019 -0.000002 0.951056 -0.242781 0.618677 0.747193 -0.066000 0.974715 0.213480 0.019560 0.998856 -0.043640 -0.010009 -0.999475 -0.030802 
						0.071771 -0.972655 0.220888 0.242778 -0.618679 0.747192 0.309017 -0.000001 0.951056 0.242780 0.618676 0.747193 0.071771 0.972657 0.220877 -0.010011 0.999475 -0.030822 0.187767 -0.972694 0.136421 -0.026500 -0.999463 -0.019250 0.635601 -0.618676 0.461791 0.809017 0.000002 0.587786 0.635605 0.618673 0.461790 0.178884 0.974713 0.133923 -0.041466 0.998856 -0.023801 0.241759 -0.970330 -0.003476 -0.016207 -0.999853 -0.005576 0.785645 -0.618678 -0.000001 1.000000 0.000001 0.000000 0.785648 0.618673 0.000000 0.223438 0.974713 -0.003202 -0.047538 0.998856 -0.005118 -0.000000 -1.000000 0.000005 0.203219 -0.967938 -0.147643 0.635600 -0.618678 -0.461790 0.809016 0.000001 -0.587786 0.635604 0.618674 -0.461790 0.193544 0.970330 -0.144915 -0.016393 0.999853 0.005014 0.000296 -0.999853 0.017129 0.078014 -0.970330 -0.228853 0.242777 -0.618680 -0.747191 0.309017 -0.000002 -0.951057 0.242780 0.618677 -0.747193 0.078015 0.970330 -0.228852 0.000296 0.999853 0.017135 0.010122 -0.999464 0.031142 0.000296 -0.999853 0.017129 0.078014 -0.970330 -0.228853 -0.071720 -0.972693 -0.220738 0.242777 -0.618680 -0.747191 -0.242778 -0.618679 -0.747191 0.309017 -0.000002 -0.951057 -0.309018 -0.000003 -0.951056 0.242780 0.618677 -0.747193 -0.242780 0.618677 -0.747193 0.078015 0.970330 -0.228852 -0.065999 0.974713 -0.213490 0.000296 0.999853 0.017135 0.019561 0.998856 0.043624 -0.187899 -0.972655 -0.136515 0.026204 -0.999475 0.019041 -0.635601 -0.618676 -0.461791 -0.809018 -0.000000 -0.587784 -0.635605 0.618673 -0.461790 -0.173711 0.976676 -0.126212 0.050401 0.998058 0.036606 -0.223442 -0.974712 -0.003201 -0.173719 -0.976674 0.126212 0.050391 -0.998058 -0.036610 0.047537 -0.998856 -0.005117 -0.785651 -0.618670 -0.000001 -0.635607 -0.618670 0.461791 -1.000000 -0.000000 -0.000001 -0.809017 0.000000 0.587786 -0.785651 0.618670 0.000000 
						-0.635605 0.618668 0.461797 -0.173716 0.976675 0.126208 -0.214724 0.976675 -0.000001 0.050394 0.998058 -0.036622 0.062292 0.998058 -0.000001 -0.066004 -0.974713 0.213490 0.019557 -0.998856 -0.043638 -0.242781 -0.618666 0.747201 -0.309015 0.000001 0.951057 -0.242779 0.618669 0.747199 -0.066001 0.974715 0.213481 0.019560 0.998855 -0.043651 0.000296 -0.999853 -0.017151 0.078017 -0.970329 0.228855 0.242782 -0.618663 0.747203 0.309019 0.000000 0.951056 0.242779 0.618670 0.747199 0.071772 0.972655 0.220886 -0.010011 0.999475 -0.030817 0.193547 -0.970329 0.144917 -0.016393 -0.999853 -0.005016 0.635608 -0.618668 0.461793 0.809019 -0.000000 0.587783 0.635605 0.618668 0.461796 0.178884 0.974712 0.133929 -0.041467 0.998856 -0.023798 0.232094 -0.972693 -0.000001 -0.032762 -0.999463 -0.000001 0.785651 -0.618670 0.000000 1.000000 0.000001 0.000000 0.785651 0.618670 0.000000 0.223439 0.974713 -0.003204 -0.047538 0.998856 -0.005121 -0.016393 -0.999853 0.005017 0.193546 -0.970329 -0.144918 0.635607 -0.618667 -0.461795 0.809018 -0.000001 -0.587783 0.635605 0.618668 -0.461796 0.193546 0.970328 -0.144928 -0.016393 0.999853 0.005001 0.000296 -0.999853 0.017136 0.078016 -0.970327 -0.228866 0.242780 -0.618662 -0.747205 0.309018 -0.000000 -0.951056 0.242779 0.618670 -0.747199 0.078016 0.970328 -0.228859 0.000296 0.999853 0.017134 0.010124 -0.999463 0.031154 0.000296 -0.999853 0.017136 0.078016 -0.970327 -0.228866 -0.071722 -0.972692 -0.220741 0.242780 -0.618662 -0.747205 -0.242780 -0.618665 -0.747203 0.309018 -0.000000 -0.951056 -0.309013 0.000000 -0.951058 0.242779 0.618670 -0.747199 -0.242779 0.618673 -0.747196 0.078016 0.970328 -0.228859 -0.066001 0.974714 -0.213486 0.000296 0.999853 0.017134 0.019561 0.998856 0.043635 -0.187902 -0.972654 -0.136515 0.026208 -0.999475 0.019046 -0.635605 -0.618670 -0.461793 
						-0.809014 -0.000001 -0.587789 -0.635605 0.618671 -0.461792 -0.173714 0.976675 -0.126211 0.050401 0.998058 0.036609 -0.223442 -0.974712 0.003204 -0.187900 -0.972654 0.136519 0.026212 -0.999475 -0.019047 0.047536 -0.998856 0.005124 -0.785651 -0.618670 -0.000004 -0.635605 -0.618667 0.461798 -1.000000 -0.000009 -0.000000 -0.809018 -0.000008 0.587785 -0.785655 0.618664 -0.000004 -0.635607 0.618660 0.461804 -0.173726 0.976672 0.126223 -0.214741 0.976671 -0.000003 0.050378 0.998059 -0.036604 0.062263 0.998060 0.000000 -0.071720 -0.972694 0.220730 0.010127 -0.999462 -0.031180 -0.242778 -0.618662 0.747206 -0.309017 -0.000003 0.951056 -0.242779 0.618663 0.747204 -0.066002 0.974711 0.213501 0.019556 0.998856 -0.043627 -0.010011 -0.999475 -0.030827 0.071772 -0.972655 0.220885 0.242777 -0.618663 0.747205 0.309014 -0.000001 0.951057 0.242781 0.618669 0.747199 0.071774 0.972652 0.220900 -0.010007 0.999476 -0.030792 0.178886 -0.974713 0.133922 -0.041467 -0.998856 -0.023809 0.635604 -0.618669 0.461797 0.809014 -0.000006 0.587789 0.635609 0.618665 0.461795 0.178894 0.974709 0.133940 -0.041451 0.998858 -0.023776 0.223443 -0.974712 -0.003201 -0.047538 -0.998856 -0.005117 0.785651 -0.618670 0.000000 1.000000 -0.000008 0.000000 0.785655 0.618665 -0.000000 0.223453 0.974709 -0.003202 -0.047521 0.998857 -0.005118 -0.016393 -0.999853 0.005005 0.193549 -0.970328 -0.144923 0.635605 -0.618670 -0.461794 0.809015 -0.000007 -0.587788 0.635609 0.618665 -0.461795 0.187908 0.972651 -0.136530 -0.026199 0.999476 0.019020 0.000296 -0.999853 0.017133 0.078017 -0.970327 -0.228862 0.242778 -0.618666 -0.747202 0.309015 -0.000002 -0.951057 0.242781 0.618670 -0.747198 0.072094 0.974708 -0.211533 -0.009819 0.998858 0.046759 0.019558 -0.998856 0.043630 0.000296 -0.999853 0.017133 0.078017 -0.970327 -0.228862 -0.066001 -0.974711 -0.213500 
						0.242778 -0.618666 -0.747202 -0.242778 -0.618664 -0.747204 0.309015 -0.000002 -0.951057 -0.309017 -0.000003 -0.951057 0.242781 0.618670 -0.747198 -0.242778 0.618665 -0.747203 0.072094 0.974708 -0.211533 -0.066357 0.976669 -0.204240 -0.009819 0.998858 0.046759 0.019241 0.998060 0.059206 -0.173717 -0.976673 -0.126221 0.050392 -0.998058 0.036607 -0.635602 -0.618668 -0.461801 -0.809017 -0.000009 -0.587786 -0.635605 0.618660 -0.461807 -0.173728 0.976670 -0.126231 0.050373 0.998060 0.036594 1.000000 -0.000000 -0.000680 1.000000 -0.000000 -0.000680 1.000000 0.000000 -0.000679 1.000000 0.000000 -0.000679 -0.000000 1.000000 -0.000000 -0.000000 1.000000 0.000000 -0.000000 1.000000 0.000000 -0.000000 1.000000 -0.000000 -0.000000 1.000000 -0.000000 -0.000000 1.000000 -0.000000 -0.000000 1.000000 -0.000000 -0.000000 1.000000 0.000000 -0.000000 1.000000 0.000000 -0.000000 1.000000 -0.000000 -0.000000 1.000000 -0.000000 -0.000000 1.000000 -0.000000 0.000000 -1.000000 -0.000002 0.000000 -1.000000 -0.000002 0.000000 -1.000000 -0.000002 0.000000 -1.000000 -0.000002 0.000000 -1.000000 -0.000002 0.000000 -1.000000 -0.000002 0.000000 -1.000000 -0.000002 0.000000 -1.000000 -0.000002 0.000000 -1.000000 -0.000002 0.000000 -1.000000 -0.000002 0.000000 -1.000000 -0.000002 0.000000 -1.000000 -0.000002 -0.004716 0.999884 0.014513 -0.001791 0.999983 0.005511 -0.001791 0.999983 0.005511 -0.004716 0.999884 0.014513 -0.001791 0.999983 0.005511 -0.001791 0.999983 0.005511 0.001135 0.999993 -0.003492 0.001135 0.999993 -0.003492 0.001135 0.999993 -0.003492 0.001135 0.999993 -0.003492 0.000672 0.999929 -0.011912 0.000672 0.999929 -0.011913 0.001135 0.999993 -0.003492 0.001135 0.999993 -0.003492 0.001135 0.999993 -0.003492 0.001135 0.999993 -0.003492 0.001135 0.999993 -0.003492 0.001135 0.999993 -0.003492 0.001135 0.999993 -0.003492 
						0.001135 0.999993 -0.003492 0.001135 -0.999993 -0.003492 -0.001791 -0.999983 0.005511 -0.001791 -0.999983 0.005511 0.001135 -0.999993 -0.003492 0.001135 -0.999993 -0.003492 0.000672 -0.999998 -0.002067 0.000672 -0.999998 -0.002067 0.001135 -0.999993 -0.003492 0.001135 -0.999993 -0.003492 0.001135 -0.999993 -0.003492 -0.001791 -0.999983 0.005511 -0.001791 -0.999983 0.005511 0.001135 -0.999993 -0.003492 0.001135 -0.999993 -0.003492 0.001135 -0.999993 -0.003492 0.001135 -0.999993 -0.003492 0.001135 -0.999993 -0.003492 0.001135 -0.999993 -0.003492 -0.004716 -0.999884 0.014513 -0.004716 -0.999884 0.014513 0.872547 0.000000 -0.488531 0.872547 0.000000 -0.488531 1.000000 -0.000000 -0.000000 1.000000 -0.000000 -0.000000 0.309017 -0.000000 0.951057 0.309017 -0.000000 0.951057 -0.309017 -0.000000 0.951057 -0.309017 -0.000000 0.951057 -1.000000 0.000000 -0.000000 -1.000000 0.000000 -0.000000 -0.872601 -0.000000 -0.488434 -0.872601 -0.000000 -0.488434 0.938227 0.000000 -0.346020 0.937236 0.000000 -0.348696 0.809017 -0.000000 0.587785 0.809017 -0.000000 0.587785 -0.809017 -0.000000 0.587785 -0.809017 -0.000000 0.587785 -0.937275 -0.000000 -0.348591 -0.938266 -0.000000 -0.345915 1.000000 0.000000 0.000001 1.000000 0.000000 0.000000 1.000000 0.000000 0.000000 1.000000 0.000000 0.000001 1.000000 0.000000 0.000000 0.937236 0.000000 -0.348696 0.938227 0.000000 -0.346020 1.000000 0.000000 0.000000 -1.000000 -0.000000 0.000000 -0.938266 -0.000000 -0.345915 -0.937275 -0.000000 -0.348591 -1.000000 -0.000000 0.000000 -1.000000 0.000000 0.000001 -1.000000 0.000000 0.000001 -1.000000 0.000000 0.000001 -1.000000 0.000000 0.000001 -1.000000 -0.000000 0.000000 -1.000000 -0.000000 0.000000 1.000000 0.000000 0.000001 1.000000 0.000000 0.000001 1.000000 0.000000 0.000000 1.000000 0.000000 0.000001 1.000000 0.000000 0.000001 
						1.000000 0.000001 0.000000 -1.000000 0.000000 0.000000 -1.000000 0.000000 0.000000 -1.000000 0.000000 0.000000 -1.000000 0.000000 0.000000 -1.000000 0.000000 0.000000 -1.000000 0.000000 0.000000 1.000000 0.000000 0.000000 1.000000 0.000001 0.000000 1.000000 0.000000 0.000000 1.000000 0.000000 0.000000 1.000000 0.000000 -0.000000 1.000000 0.000000 0.000000 1.000000 0.000000 0.000000 1.000000 -0.000000 -0.000000 -1.000000 0.000000 0.000000 -1.000000 0.000000 0.000000 -1.000000 -0.000000 0.000000 -1.000000 -0.000000 0.000000 -1.000000 -0.000000 0.000000 -1.000000 -0.000000 -0.000000 -1.000000 0.000000 0.000000 -1.000000 0.000000 0.000000 1.000000 -0.000000 -0.000000 1.000000 -0.000000 0.000000 -0.000000 0.000000 -1.000000 -0.000000 0.000000 -1.000000 -0.000000 0.000000 -1.000000 -0.000000 0.000000 -1.000000 -0.000000 0.000000 -1.000000 -0.000000 0.000000 -1.000000 -0.000000 0.000000 -1.000000 -0.000000 0.000000 -1.000000 -0.000000 0.000000 -1.000000 -0.000000 0.000000 -1.000000 -0.000000 0.000000 -1.000000 -0.000000 -0.288077 -0.957607 -0.000000 -0.288077 -0.957607 -0.000000 0.000000 -1.000000 -0.000000 0.000000 -1.000000 -0.000000 0.000000 -1.000000 -0.000000 0.000000 -1.000000 -0.000000 0.000000 -1.000000 0.809944 0.018597 -0.586213 0.999927 0.011915 0.002241 0.999926 0.011966 -0.002227 0.807819 0.018630 -0.589136 -0.809944 0.018597 -0.586213 -0.309598 0.022734 -0.950596 -0.308286 0.022739 -0.951022 -0.807819 0.018630 -0.589136 -0.999927 0.011915 0.002241 -0.999926 0.011966 -0.002226 -0.807940 0.005249 0.589241 -0.810065 0.005283 0.586317 -0.308359 0.001138 0.951269 -0.309672 0.001143 0.950843 0.308360 0.001138 0.951269 0.309673 0.001143 0.950843 0.807940 0.005249 0.589241 0.810065 0.005283 0.586316 0.309598 0.022734 -0.950596 0.308286 0.022739 -0.951022 0.309598 0.022734 -0.950596 
						0.308286 0.022739 -0.951022 0.554935 -0.727661 -0.403183 0.554935 -0.727661 -0.403183 0.685937 -0.727661 -0.000002 0.685937 -0.727661 -0.000002 0.211967 -0.727662 -0.652364 0.211967 -0.727662 -0.652363 -0.211966 -0.727661 -0.652365 -0.211966 -0.727661 -0.652365 0.211967 -0.727662 -0.652363 0.211967 -0.727662 -0.652364 -0.554935 -0.727661 -0.403184 -0.554935 -0.727661 -0.403184 -0.685937 -0.727661 0.000000 -0.685937 -0.727661 0.000000 -0.554935 -0.727662 0.403183 -0.554935 -0.727662 0.403183 -0.211966 -0.727660 0.652366 -0.211966 -0.727660 0.652366 0.211965 -0.727657 0.652369 0.211965 -0.727657 0.652369 0.554934 -0.727660 0.403185 0.554934 -0.727660 0.403185 -0.000000 -1.000000 0.000001 -0.000000 -1.000000 0.000001 -0.000000 -1.000000 0.000001 -0.000000 -1.000000 0.000001 -0.000000 -1.000000 0.000001 -0.000000 -1.000000 0.000001 -0.000000 -1.000000 0.000001 -0.000000 -1.000000 0.000001 -0.000000 -1.000000 0.000001 -0.000000 -1.000000 0.000001 -0.319266 -0.947665 -0.000002 -0.319265 -0.947665 -0.000002 0.345001 -0.938602 -0.000004 0.345000 -0.938603 -0.000004 -1.000000 -0.000000 -0.000001 -1.000000 -0.000000 -0.000001 -1.000000 -0.000000 -0.000001 -1.000000 -0.000000 -0.000001 -0.000000 -0.288077 -0.957607 0.000000 -0.288077 -0.957607 0.000000 -0.288077 -0.957607 -0.000000 -0.288077 -0.957607 0.000000 -0.288077 -0.957607 0.000000 0.065404 -0.997859 0.000000 0.065404 -0.997859 0.000000 -0.288077 -0.957607 0.000000 -0.065404 0.997859 -0.000000 -0.258818 0.965926 -0.000000 -0.258818 0.965926 0.000000 -0.065404 0.997859 0.000000 0.065404 -0.997859 0.000000 0.258819 -0.965926 0.000000 0.258819 -0.965926 0.000000 0.065404 -0.997859 0.000000 0.499999 -0.866026 0.000000 0.499999 -0.866026 -0.000000 -0.499995 0.866028 -0.000000 -0.499995 0.866028 -0.000000 -0.707106 0.707108 -0.000000 -0.707106 0.707108 0.000000 0.688994 -0.724767 
						0.000000 0.688994 -0.724767 0.000000 0.853099 -0.521749 0.000000 0.853099 -0.521749 0.000000 0.965925 -0.258823 0.000000 0.965925 -0.258823 0.000000 -0.866023 0.500004 0.000000 -0.965924 0.258827 0.000000 -0.965924 0.258827 0.000000 -0.866023 0.500004 0.000000 -0.997859 0.065405 -0.000000 -0.997859 0.065405 0.000000 0.996997 -0.077434 0.000000 0.996997 -0.077434 0.000000 0.996997 -0.077434 0.000000 0.996997 -0.077434 0.000000 -0.997859 0.065405 -0.000000 -0.997859 0.065405 1.000000 0.000000 0.000001 1.000000 0.000000 0.000001 1.000000 0.000000 0.000001 1.000000 0.000000 0.000001 1.000000 0.000000 0.000000 1.000000 0.000000 0.000000 0.303289 -0.952899 0.000003 0.578006 -0.816032 -0.000003 0.578006 -0.816032 -0.000003 0.303288 -0.952899 0.000003 -0.605114 -0.796139 -0.000003 -0.605114 -0.796139 -0.000003 -1.000000 -0.000000 -0.000000 -1.000000 -0.000000 -0.000000 0.147089 -0.989123 0.000007 0.147089 -0.989123 0.000007 -0.147089 -0.989123 0.000005 -0.147089 -0.989123 0.000005 0.000000 -0.000000 1.000000 0.000000 -0.000000 1.000000 0.000000 -0.000000 1.000000 0.000000 -0.000000 1.000000 0.000000 -0.000000 1.000000 0.000000 -0.000000 1.000000 0.000000 -0.000000 1.000000 0.000000 -0.000000 1.000000 0.000000 -0.000000 1.000000 0.000000 -0.000000 1.000000 0.000000 -0.000000 1.000000 0.000000 -0.000000 1.000000 0.000000 -0.000000 1.000000 0.000000 -0.000000 1.000000 0.000000 -0.065404 0.997859 0.000000 -0.065404 0.997859 0.000000 -0.000000 1.000000 0.000000 -0.000000 1.000000 0.000000 -0.000000 1.000000 0.000000 -0.000000 1.000000 0.000000 -0.000000 1.000000 0.000000 -0.000000 1.000000 -0.967204 -0.254002 0.000001 -0.967204 -0.254002 0.000001 0.647637 -0.761949 -0.000007 0.647637 -0.761949 -0.000007 -0.326071 -0.945345 0.000004 -0.616500 -0.787355 0.000000 -0.616500 -0.787355 0.000000 
						-0.326071 -0.945345 0.000004 0.955769 -0.294117 -0.000000 0.806766 -0.590871 -0.000001 0.652687 -0.590872 -0.474204 0.773234 -0.294119 -0.561786 0.249304 -0.590870 -0.767281 0.295350 -0.294118 -0.908990 0.295350 -0.294118 -0.908990 0.249304 -0.590870 -0.767281 -0.249304 -0.590870 -0.767281 -0.295349 -0.294118 -0.908990 -0.652687 -0.590872 -0.474205 -0.773234 -0.294119 -0.561786 -0.806766 -0.590872 -0.000001 -0.955769 -0.294118 0.000000 -0.652686 -0.590873 0.474204 -0.773233 -0.294120 0.561787 -0.249302 -0.590874 0.767278 -0.295349 -0.294120 0.908990 0.249303 -0.590874 0.767278 0.295349 -0.294120 0.908990 0.652687 -0.590873 0.474205 0.773234 -0.294120 0.561786 -0.809018 -0.000000 -0.587784 -0.773234 -0.294119 -0.561786 -0.955769 -0.294118 0.000000 -1.000000 -0.000000 0.000000 -0.000001 1.000000 0.000001 -0.000001 1.000000 0.000001 -0.000001 1.000000 0.000001 -0.000001 1.000000 0.000001 -0.000001 1.000000 0.000001 -0.000001 1.000000 0.000001 -0.000001 1.000000 0.000001 -0.000001 1.000000 0.000001 -0.000001 1.000000 0.000001 -0.000001 1.000000 0.000001 0.809018 0.000000 0.587784 0.773234 -0.294120 0.561786 0.955769 -0.294117 -0.000000 1.000000 0.000000 -0.000000 -0.309018 -0.000000 -0.951056 -0.295349 -0.294118 -0.908990 0.309019 0.000000 -0.951056 0.295350 -0.294118 -0.908990 0.809018 0.000000 -0.587784 0.773234 -0.294119 -0.561786 0.295350 -0.294118 -0.908990 0.309019 0.000000 -0.951056 0.309018 0.000000 0.951056 0.295349 -0.294120 0.908990 -0.309017 -0.000000 0.951056 -0.295349 -0.294120 0.908990 -0.809017 -0.000000 0.587785 -0.773233 -0.294120 0.561787 0.967204 -0.254002 0.000001 0.967204 -0.254002 0.000001 0.290978 -0.956730 0.000002 0.290978 -0.956730 0.000002 0.967204 -0.254002 0.000001 0.870966 -0.491344 0.000002 0.870966 -0.491344 0.000002 0.967204 -0.254002 0.000001 -0.290978 -0.956730 0.000000 
						-0.290978 -0.956730 0.000000 -0.967204 -0.254002 0.000001 -0.870966 -0.491344 0.000003 -0.870966 -0.491344 0.000003 -0.967204 -0.254002 0.000001 0.809017 -0.000000 0.587786 0.809017 -0.000000 0.587786 1.000000 0.000000 -0.000000 1.000000 0.000000 0.000000 0.309017 -0.000000 0.951057 0.309017 -0.000000 0.951057 -0.309017 0.000000 0.951057 -0.309017 0.000000 0.951057 -0.809017 -0.000000 0.587785 -0.809017 -0.000000 0.587785 -1.000000 -0.000000 0.000000 -1.000000 -0.000000 0.000000 -0.809017 0.000000 -0.587785 -0.809017 0.000000 -0.587785 -0.309017 0.000000 -0.951056 -0.309017 0.000000 -0.951056 0.309017 0.000000 -0.951057 0.309017 0.000000 -0.951057 0.309017 0.000000 -0.951057 0.809017 -0.000000 -0.587785 0.809017 -0.000000 -0.587785 0.309017 0.000000 -0.951057 -1.000000 0.000000 -0.000000 -1.000000 0.000000 -0.000000 -1.000000 0.000000 -0.000000 -1.000000 0.000000 -0.000000 -1.000000 0.000000 -0.000000 -1.000000 0.000000 -0.000000 -1.000000 0.000000 -0.000000 -1.000000 0.000000 -0.000000 -1.000000 0.000000 -0.000000 -1.000000 0.000000 -0.000000 1.000000 -0.000000 0.000000 1.000000 -0.000000 0.000000 1.000000 -0.000000 0.000000 1.000000 -0.000000 0.000000 1.000000 -0.000000 0.000000 1.000000 -0.000000 0.000000 1.000000 -0.000000 0.000000 1.000000 -0.000000 0.000000 1.000000 -0.000000 0.000000 1.000000 -0.000000 0.000000 0.000000 -0.587786 0.809016 -0.000000 -0.951058 0.309013 -0.000000 -0.951058 0.309013 0.000000 -0.587786 0.809016 0.000000 -0.951058 -0.309014 0.000000 -0.587787 -0.809016 0.000000 -0.587787 -0.809016 0.000000 -0.951058 -0.309014 -0.000000 0.951058 0.309013 0.000000 0.587789 0.809014 0.000000 0.587789 0.809014 -0.000000 0.951058 0.309013 0.000000 0.000003 -1.000000 0.000000 0.587789 -0.809014 0.000000 0.587789 -0.809014 0.000000 0.000003 -1.000000 0.000000 0.000003 1.000000 
						0.000000 0.000003 1.000000 0.000000 0.000003 -1.000000 0.000000 0.000003 -1.000000 0.000000 0.951058 -0.309014 0.000000 0.951058 -0.309014 
					</float_array>
					<technique_common>
						<accessor count="1285" offset="0" source="#meshId0-normals-array" stride="3">
							<param name="X" type="float" />
							<param name="Y" type="float" />
							<param name="Z" type="float" />
						</accessor>
					</technique_common>
				</source>
				<source id="meshId0-tangents" name="meshId0-tangents">
					<float_array id="meshId0-tangents-array" count="3855"> 
						-0.355710 0.675597 -0.645786 -0.355713 0.675592 -0.645789 0.083222 0.612412 -0.786146 0.083222 0.612410 -0.786148 -0.951795 0.062113 0.300382 -0.951794 0.062119 0.300381 -0.951794 -0.024491 -0.305757 -0.951795 -0.024499 -0.305756 -0.597467 0.148166 0.788087 -0.597466 0.148164 0.788087 -0.031646 0.232872 0.971992 -0.031645 0.232866 0.971994 0.522509 0.315502 0.792113 0.522508 0.315504 0.792113 0.855464 0.395378 0.334451 0.855463 0.395380 0.334451 0.856119 0.471853 -0.210749 0.856120 0.471850 -0.210750 0.550991 0.544356 -0.632523 0.550991 0.544359 -0.632521 -0.587535 -0.007346 -0.809165 -0.587427 -0.008014 -0.809237 0.000747 -0.017786 -0.999842 0.000750 -0.017910 -0.999839 -0.587650 0.021453 -0.808831 0.000278 0.012295 -0.999924 0.000407 0.020225 -0.999795 -0.587368 0.037676 -0.808443 0.000679 -0.014060 -0.999901 -0.587771 -0.007019 -0.808997 -0.587784 -0.002235 -0.809015 0.000679 -0.021403 -0.999771 -0.587775 -0.005848 -0.809003 0.000679 -0.025419 -0.999677 0.000679 -0.019547 -0.999809 -0.587781 -0.003806 -0.809011 -0.587785 -0.000544 -0.809017 0.000408 -0.016811 -0.999859 0.000277 -0.004567 -0.999990 -0.587784 0.001648 -0.809016 -0.587778 0.005736 -0.809002 -0.587779 0.005454 -0.809003 -0.000404 0.002538 -0.999997 -0.000278 0.010554 -0.999944 -0.000000 0.014744 -0.999891 -0.587757 0.009862 -0.808978 -0.587768 0.007614 -0.808994 -0.000000 0.012371 -0.999923 -0.000000 -0.015031 -0.999887 -0.587650 -0.021417 -0.808832 -0.587573 -0.026853 -0.808725 -0.000000 -0.012298 -0.999924 0.588096 -0.005072 0.808775 0.587991 -0.005516 0.808848 0.000309 0.005630 0.999984 0.000441 0.006201 0.999981 0.000680 0.013143 0.999913 0.587439 0.008350 0.809225 0.587561 -0.000834 0.809179 0.000680 0.009177 0.999958 0.588192 0.022068 0.808420 0.588141 0.025692 0.808350 0.000281 0.025936 0.999664 0.000410 0.027364 0.999626 
						0.000286 0.047164 0.998887 0.000415 0.051142 0.998691 0.586828 0.063670 0.807204 0.587347 0.051311 0.807707 0.000276 -0.000118 1.000000 0.587748 -0.009412 0.808989 0.587770 -0.005432 0.809010 0.000406 0.002089 0.999998 0.430756 0.441850 0.786904 0.430756 0.441850 0.786904 0.698144 0.158384 0.698219 0.698144 0.158384 0.698219 0.587787 0.000000 -0.809016 0.587780 0.000000 -0.809021 0.587782 0.000000 -0.809019 0.587787 0.000000 -0.809016 0.587789 0.000000 -0.809014 0.587791 0.000000 -0.809013 0.587783 0.000000 -0.809019 0.587783 0.000000 -0.809019 0.587783 0.000000 -0.809019 0.587782 0.000000 -0.809020 0.587746 0.000000 -0.809046 0.587790 0.000000 -0.809014 0.235029 0.637448 0.733772 0.235029 0.637448 0.733772 0.215713 0.716039 0.663895 0.215712 0.716039 0.663895 0.272256 0.652381 0.707302 0.272256 0.652381 0.707302 -0.682441 0.700018 0.210357 -0.682441 0.700018 0.210357 -0.675749 0.700018 0.230951 -0.675749 0.700018 0.230951 0.195481 0.652381 0.732247 0.195481 0.652381 0.732247 -0.740730 0.574506 0.348227 -0.740729 0.574507 0.348228 -0.803946 0.574503 0.153675 -0.803946 0.574503 0.153675 0.881501 -0.441850 0.166507 0.881501 -0.441850 0.166507 0.770486 -0.637448 -0.003222 0.770486 -0.637448 -0.003222 0.879784 -0.158384 0.448213 0.879784 -0.158385 0.448213 0.951054 -0.000000 0.309025 0.951058 -0.000000 0.309014 0.951057 -0.000000 0.309015 0.951054 -0.000000 0.309026 0.951057 -0.000000 0.309015 0.951058 -0.000000 0.309011 0.951058 -0.000000 0.309011 0.951058 -0.000000 0.309011 0.951059 -0.000000 0.309010 0.951055 -0.000000 0.309023 0.951057 -0.000000 0.309014 0.951055 -0.000000 0.309023 0.587718 -0.021270 -0.808786 0.587728 -0.020275 -0.808805 0.587743 0.012477 -0.808951 0.587772 0.007191 -0.808995 0.588096 -0.007128 -0.808760 0.587889 -0.019927 -0.808696 
						0.587895 -0.027482 -0.808471 0.587907 -0.018921 -0.808707 0.587785 -0.000369 -0.809017 0.587766 0.007597 -0.808996 0.587722 0.014675 -0.808930 0.587779 0.004675 -0.809008 0.587697 0.017346 -0.808895 0.587693 0.017727 -0.808890 0.587743 -0.011958 -0.808959 0.587783 -0.002838 -0.809014 0.951052 -0.003102 -0.309017 0.950978 -0.012771 -0.308996 0.951111 -0.008125 -0.308742 0.951177 0.002799 -0.308633 0.950796 -0.016302 0.309390 0.950997 -0.012542 -0.308947 0.951000 -0.012259 -0.308949 0.950817 -0.017398 0.309265 0.950917 -0.010834 0.309256 0.950843 -0.013844 0.309364 0.950969 -0.002170 0.309279 0.951046 0.004763 -0.309011 0.951039 -0.005846 -0.309014 0.950843 -0.013701 0.309369 0.950849 -0.016237 -0.309229 0.950855 -0.015438 0.309252 0.950867 -0.011445 0.309388 0.950869 -0.011652 -0.309373 0.950841 0.003295 0.309662 0.951124 0.010839 -0.308617 0.951133 0.004120 -0.308753 0.950810 -0.008740 0.309652 0.950846 0.000904 0.309664 0.951195 0.012240 -0.308348 0.951229 0.008839 -0.308359 0.950841 -0.003282 0.309662 0.951137 0.002998 -0.308754 0.951169 0.005001 -0.308631 0.950841 -0.003276 0.309663 0.950846 0.001108 0.309663 0.950969 -0.001890 0.309281 0.950916 0.006166 0.309389 0.950909 -0.006305 0.309406 0.950951 -0.005925 0.309285 0.586326 0.069475 0.807091 0.585950 0.078015 0.806583 0.947556 0.084010 0.308349 0.948501 0.071858 0.308516 0.950864 0.014899 0.309249 0.950816 0.015519 0.309367 0.587738 0.012690 0.808952 0.587687 0.018295 0.808882 0.950971 -0.000926 0.309280 0.950867 0.011889 0.309372 0.950696 0.017776 0.309615 0.950706 0.017151 0.309618 0.587929 0.037162 0.808059 0.949955 0.043293 0.309373 0.950473 0.028003 0.309542 0.588094 0.028615 0.808286 0.949053 0.061552 0.309048 0.949935 0.043921 0.309344 0.950953 -0.005832 0.309281 0.950925 -0.003444 0.309403 
						-0.608564 0.733562 -0.302550 -0.608571 0.733555 -0.302551 -0.588055 0.008217 0.808779 -0.587953 0.008028 0.808855 -0.950887 0.009084 0.309405 -0.950924 0.009341 0.309284 -0.950493 0.034526 0.308821 -0.950098 0.045000 0.308689 -0.587128 0.047755 0.808084 -0.587311 0.040652 0.808340 -0.950632 0.029860 0.308879 -0.950489 0.034540 0.308833 -0.587565 0.027348 0.808714 -0.587611 0.024377 0.808777 -0.950917 0.017114 0.308972 -0.950652 0.029166 0.308886 -0.587632 0.022873 0.808805 -0.587759 0.009477 0.808981 -0.588092 0.028086 0.808306 -0.950427 0.032496 0.309245 -0.950469 0.032395 0.309125 -0.587954 0.035324 0.808123 -0.588049 0.031161 0.808225 -0.950561 0.032264 0.308856 -0.950633 0.029838 0.308880 -0.587845 0.040789 0.807945 -0.950526 0.029117 0.309276 -0.950472 0.032313 0.309126 -0.587800 0.041992 0.807916 -0.587977 0.034249 0.808153 -0.951056 -0.000883 0.309016 -0.587727 0.013162 0.808952 -0.587772 0.005740 0.809006 -0.950975 -0.013338 0.308980 -0.951265 0.001597 -0.308370 -0.951264 0.002237 -0.308370 -0.950853 0.024595 -0.308665 -0.950417 0.040016 -0.308392 -0.950999 0.023695 -0.308284 -0.951118 0.017671 -0.308323 -0.951155 0.015308 -0.308335 -0.951124 0.017318 -0.308325 -0.951071 0.020269 -0.308307 -0.951152 0.015481 -0.308334 -0.950968 0.019175 -0.308694 -0.951108 0.012522 -0.308606 -0.951116 0.017800 -0.308322 -0.951110 0.018122 -0.308320 -0.951038 -0.017235 -0.308593 -0.951126 -0.005680 -0.308752 -0.587785 0.000000 0.809017 -0.587785 -0.000000 0.809017 -0.000000 -0.000000 1.000000 0.000000 0.000000 1.000000 -0.951057 -0.000000 0.309017 -0.951057 0.000000 0.309017 -0.951057 -0.000000 -0.309017 -0.951057 0.000000 -0.309017 -0.587785 0.000000 -0.809017 -0.587785 -0.000000 -0.809017 -0.000000 -0.000000 -1.000000 -0.000000 -0.000002 -1.000000 0.587785 0.000000 -0.809017 0.587785 -0.000002 -0.809017 
						0.951057 -0.000000 -0.309017 0.951057 0.000000 -0.309017 0.951057 -0.000000 0.309017 0.951057 -0.000000 0.309017 0.951057 -0.000004 0.309017 0.587785 -0.000002 0.809017 0.587785 -0.000000 0.809017 0.951057 0.000000 0.309017 0.369837 0.838355 -0.400476 0.369837 0.838355 -0.400477 0.222084 0.901665 -0.371050 0.222085 0.901666 -0.371049 0.190414 0.912723 -0.361497 0.190417 0.912722 -0.361496 -0.702948 -0.704410 0.098339 -0.702946 -0.704412 0.098340 -0.696525 -0.537315 0.475547 -0.696525 -0.537315 0.475547 -0.429039 -0.332321 0.839934 -0.429038 -0.332322 0.839934 0.045157 -0.102367 0.993721 0.045157 -0.102366 0.993721 0.532928 0.135537 0.835235 0.532928 0.135535 0.835235 0.823564 0.362916 0.435930 0.823564 0.362915 0.435930 0.826237 0.563276 -0.007185 0.826237 0.563277 -0.007184 0.617630 0.724286 -0.306501 0.617630 0.724287 -0.306500 0.000373 0.056447 0.998406 0.000248 0.053059 0.998591 0.012555 -0.002760 -0.999917 -0.576781 -0.002975 -0.816893 -0.576029 0.000902 -0.817429 0.012926 0.000807 -0.999916 0.009173 -0.011649 -0.999890 -0.580309 -0.011634 -0.814313 -0.000000 -0.015810 -0.999875 -0.587720 -0.014934 -0.808927 -0.009526 -0.012097 -0.999881 -0.594676 -0.010905 -0.803892 -0.597243 -0.002582 -0.802056 -0.594676 -0.010905 -0.803892 -0.009526 -0.012097 -0.999881 -0.012720 -0.006200 -0.999900 -0.597571 0.000757 -0.801816 -0.014690 -0.004423 -0.999882 -0.950397 -0.003767 -0.311016 -0.949826 -0.004936 -0.312740 -0.950592 -0.001898 -0.310438 -0.951055 -0.001898 -0.309016 -0.951350 -0.001212 -0.308109 -0.951652 0.002838 -0.307164 -0.951350 -0.001212 -0.308109 -0.951194 0.005145 -0.308552 -0.948637 -0.000251 0.316367 -0.948777 0.001740 0.315940 -0.949497 0.006282 0.313712 -0.951024 0.008326 0.309006 -0.952571 0.006353 0.304250 -0.952571 0.006353 0.304250 -0.953498 0.001912 0.301392 -0.953739 -0.000285 0.300635 
						-0.578759 0.002650 0.815495 -0.578126 -0.000391 0.815947 -0.581710 0.009469 0.813341 -0.587741 0.012309 0.808955 -0.593663 0.009292 0.804660 -0.596566 -0.000786 0.802564 -0.593663 0.009292 0.804660 -0.595797 -0.005596 0.803115 0.000713 -0.003406 0.999994 -0.000907 -0.005565 0.999984 0.000311 0.000396 1.000000 -0.000000 0.000415 1.000000 -0.000111 0.000141 1.000000 0.001202 0.003009 0.999995 -0.000111 0.000141 1.000000 0.000151 0.005130 0.999987 0.580244 0.000001 0.814443 0.580919 -0.002195 0.813959 0.583394 -0.006857 0.812160 0.587765 -0.008544 0.808987 0.591696 -0.006168 0.806137 0.591696 -0.006168 0.806137 0.593571 0.001796 0.804780 0.592546 0.005674 0.805517 0.806125 0.010380 0.591655 0.814116 -0.070492 0.576408 0.893339 -0.157673 0.420815 0.951053 -0.002576 0.309016 0.895319 0.153615 0.418099 0.895319 0.153615 0.418099 0.817871 0.068974 0.571252 0.810694 -0.010274 0.585380 0.955241 0.005784 -0.295774 0.999941 0.000482 0.010838 0.996899 0.073566 0.027922 0.955394 -0.000006 -0.295333 0.970018 0.146039 0.194259 0.953834 -0.011859 -0.300101 0.950980 -0.012693 0.308992 0.950938 -0.015819 -0.308978 0.969995 -0.165116 0.178457 0.947987 -0.012147 -0.318077 0.947987 -0.012147 -0.318077 0.969995 -0.165116 0.178457 0.996860 -0.079046 0.004674 0.946676 -0.003308 -0.322171 0.999895 -0.000048 -0.014494 0.946376 0.000486 -0.323068 0.598436 -0.002909 -0.801166 0.598841 0.000859 -0.800868 0.595298 -0.011900 -0.803416 0.587716 -0.015482 -0.808919 0.580145 -0.011887 -0.814427 0.576250 -0.003387 -0.817266 0.580145 -0.011887 -0.814427 0.575417 0.000493 -0.817860 -0.012003 0.002637 -0.999924 -0.596163 0.002296 -0.802860 -0.596396 -0.000653 -0.802690 -0.012431 -0.000776 -0.999922 -0.008585 0.010898 -0.999904 -0.593928 0.009712 -0.804460 0.000001 0.014227 -0.999899 -0.587728 0.013355 -0.808949 
						0.008309 0.010554 -0.999910 -0.580932 0.010672 -0.813882 -0.577510 0.002779 -0.816379 0.011951 -0.000546 -0.999928 -0.576764 -0.000855 -0.816910 0.010873 -0.005646 -0.999925 -0.955955 0.000447 -0.293512 -0.955701 -0.005852 -0.294280 -0.954409 0.014436 -0.298151 -0.950873 0.019628 -0.308959 -0.947146 0.015325 -0.320437 -0.945763 0.007104 -0.324781 -0.945001 0.004227 -0.327041 -0.940709 -0.006085 0.339159 -0.940995 0.004160 0.338396 -0.944316 0.025628 0.328042 -0.950520 0.033580 0.308845 -0.956772 0.025568 0.289713 -0.960052 0.007308 0.279726 -0.960746 -0.001086 0.277427 -0.559405 0.012197 0.828805 -0.556662 0.004955 0.830725 -0.567681 0.030853 0.822670 -0.587306 0.040275 0.808362 -0.606686 0.030375 0.794361 -0.613459 0.007663 0.789689 -0.613984 -0.001087 0.789318 0.039881 0.009514 0.999159 0.041164 -0.001350 0.999152 0.029148 0.037011 0.998890 -0.000000 0.049447 0.998777 -0.029603 0.037593 0.998855 -0.044006 0.014544 0.998926 -0.049047 0.004777 0.998785 0.636958 -0.006563 0.770870 0.634580 0.011167 0.772776 0.618023 0.049268 0.784615 0.586559 0.064465 0.807337 0.555190 0.049326 0.830260 0.540983 0.014684 0.840905 0.538314 -0.000002 0.842745 0.845954 0.009389 0.533174 0.851474 -0.054549 0.521553 0.918312 -0.101688 0.382573 0.948640 0.071226 0.308236 0.866891 0.207321 0.453341 0.780426 0.083403 0.619661 0.772059 -0.011111 0.635453 0.950260 0.004997 -0.311418 0.999998 0.000330 0.001950 0.996951 0.075507 0.019677 0.950845 0.003436 -0.309648 0.970080 0.152878 0.188606 0.950869 0.000778 -0.309593 0.951050 -0.003432 0.309019 0.951056 0.000707 -0.309019 0.970071 -0.158211 0.184204 0.951122 0.000272 -0.308815 0.996939 -0.077114 0.012888 0.951076 0.000007 -0.308957 0.999983 -0.000197 -0.005777 0.951046 -0.000007 -0.309050 0.578568 0.002490 -0.815631 0.578013 -0.000759 -0.816027 
						0.581413 0.009937 -0.813548 0.587733 0.012902 -0.808952 0.594000 0.009831 -0.804405 0.596945 0.002708 -0.802278 0.597455 -0.000396 -0.801902 0.019417 -0.001255 -0.999811 -0.580635 0.001264 -0.814163 -0.581182 0.005509 -0.813755 0.018759 0.005882 -0.999807 0.013415 -0.017037 -0.999765 -0.583526 -0.006654 -0.812067 -0.000000 -0.023068 -0.999734 -0.587764 -0.008372 -0.808989 -0.583526 -0.006654 -0.812067 0.013415 -0.017037 -0.999765 -0.013892 -0.017642 -0.999748 -0.591553 -0.005941 -0.806244 -0.592775 -0.001359 -0.805367 -0.018809 -0.007596 -0.999794 -0.592869 0.000393 -0.805299 -0.021008 -0.004122 -0.999771 -0.953795 -0.001224 -0.300456 -0.953412 -0.005492 -0.301622 -0.952950 0.007981 -0.303024 -0.952950 0.007981 -0.303024 -0.950997 0.011160 -0.308998 -0.948841 0.008858 -0.315631 -0.948096 0.005439 -0.317938 -0.947452 0.004579 -0.319864 -0.947393 -0.005766 0.320020 -0.947243 -0.000564 0.320515 -0.948661 0.009558 0.316151 -0.948661 0.009558 0.316151 -0.950981 0.012566 0.308993 -0.953307 0.009534 0.301854 -0.954612 0.002801 0.297838 -0.954931 -0.000415 0.296829 -0.581074 0.002146 0.813848 -0.580466 -0.000000 0.814285 -0.583396 0.006856 0.812159 -0.587762 0.008842 0.808986 -0.583396 0.006856 0.812159 -0.591998 0.006645 0.805912 -0.593023 0.001548 0.805184 -0.592896 -0.000208 0.805279 0.005420 0.001407 0.999984 0.005382 0.000000 0.999986 0.004105 0.005213 0.999978 0.004105 0.005213 0.999978 -0.000000 0.006854 0.999977 -0.003983 0.005059 0.999979 -0.005617 0.004983 0.999972 -0.007748 0.005453 0.999955 0.586709 0.000000 0.809798 0.586926 -0.000276 0.809641 0.587417 -0.000578 0.809284 0.587785 -0.000344 0.809017 0.587417 -0.000578 0.809284 0.587736 0.000078 0.809053 0.586876 -0.003305 0.809670 0.587960 -0.005576 0.808871 0.805766 0.000000 0.592235 0.814670 -0.076556 0.574850 0.893158 -0.158048 0.421059 
						0.951052 -0.003033 0.309016 0.893158 -0.158048 0.421059 0.895472 0.153305 0.417884 0.816686 0.064056 0.573517 0.810569 -0.019450 0.585319 0.956105 0.000000 -0.293026 0.999955 0.000000 0.009432 0.996941 0.073175 0.027476 0.955783 -0.004074 -0.294046 0.970032 0.147100 0.193391 0.954221 -0.013587 -0.298795 0.954221 -0.013587 -0.298795 0.970032 0.147100 0.193391 0.950996 -0.011233 0.308998 0.950901 -0.018053 -0.308967 0.970012 -0.164012 0.179382 0.947553 -0.013797 -0.319301 0.997325 -0.073018 0.003462 0.945811 -0.000510 -0.324717 0.999866 0.010425 -0.012614 0.945864 0.005901 -0.324509 0.605844 -0.005844 -0.795562 0.607088 -0.000000 -0.794635 0.599930 -0.019344 -0.799819 0.587600 -0.025153 -0.808761 0.599930 -0.019344 -0.799819 0.575327 -0.019278 -0.817696 0.569095 -0.005468 -0.822253 0.567789 0.000795 -0.823174 0.017340 -0.000691 -0.999849 -0.585873 -0.000520 -0.810403 -0.585620 0.000165 -0.810586 0.016461 0.005905 -0.999847 0.012212 -0.015508 -0.999805 -0.586657 -0.001767 -0.809833 0.000001 -0.020901 -0.999782 -0.587783 -0.001969 -0.809016 -0.012530 -0.015911 -0.999795 -0.588521 -0.001155 -0.808481 -0.588505 -0.000195 -0.808493 -0.016858 -0.007148 -0.999832 -0.588393 0.000049 -0.808575 -0.018954 -0.004220 -0.999811 -0.956362 0.000761 -0.292183 -0.956155 -0.005932 -0.292801 -0.954648 0.015520 -0.297333 -0.950849 0.020893 -0.308950 -0.946908 0.016214 -0.321095 -0.945471 0.007301 -0.325625 -0.944718 0.004177 -0.327857 -0.942486 -0.000862 0.334243 -0.943037 0.005956 0.332634 -0.945574 0.021118 0.324722 -0.950698 0.027461 0.308901 -0.955764 0.020704 0.293404 -0.958390 0.005903 0.285401 -0.958954 -0.000865 0.283559 -0.569981 0.005208 0.821642 -0.569065 -0.000750 0.822292 -0.575328 0.019273 0.817696 -0.587601 0.025083 0.808762 -0.599670 0.018925 0.800024 -0.603666 0.004717 0.797223 -0.603878 -0.000662 0.797077 
						0.014490 0.000026 0.999895 0.013582 -0.005800 0.999891 0.009974 0.012665 0.999870 -0.000001 0.016905 0.999857 -0.010043 0.012753 0.999868 -0.014756 0.007259 0.999865 -0.017632 0.005290 0.999831 0.596299 -0.000001 0.802763 0.595814 0.002586 0.803118 0.593331 0.008764 0.804911 0.587743 0.011868 0.808960 0.581749 0.009409 0.813314 0.578948 0.002822 0.815360 0.578479 0.000001 0.815697 0.815824 0.000002 0.578300 0.824078 -0.072573 0.561809 0.899638 -0.144566 0.412011 0.950952 0.014831 0.308984 0.889006 0.166365 0.426604 0.809913 0.078517 0.581271 0.801369 0.000000 0.598171 0.953974 -0.000001 -0.299890 0.999966 0.000000 0.008212 0.996952 0.073469 0.026254 0.953758 -0.002302 -0.300568 0.970047 0.148255 0.192432 0.952845 -0.007529 -0.303364 0.951013 -0.009594 0.309003 0.951009 -0.009970 -0.309002 0.970030 -0.162728 0.180445 0.949176 -0.007547 -0.314654 0.996927 -0.077899 0.008312 0.948380 -0.002216 -0.317128 0.999936 -0.000000 -0.011361 0.948224 0.000000 -0.317602 0.601068 -0.000533 -0.799198 0.600903 0.005842 -0.799300 0.596109 -0.013197 -0.802795 0.587701 -0.016953 -0.808900 0.579493 -0.012893 -0.814875 0.576222 -0.007122 -0.817262 0.574326 -0.005310 -0.818609 0.013189 0.000260 -0.999913 -0.583862 -0.001064 -0.811852 -0.583487 0.000334 -0.812123 0.012197 0.005703 -0.999909 0.009161 -0.011635 -0.999890 -0.585276 -0.003932 -0.810825 -0.000001 -0.015639 -0.999878 -0.587777 -0.004775 -0.809009 -0.009326 -0.011843 -0.999886 -0.589861 -0.003271 -0.807498 -0.590405 -0.000712 -0.807107 -0.012892 -0.002835 -0.999913 -0.590377 0.000205 -0.807128 -0.013324 0.000830 -0.999911 -0.955799 0.000321 -0.294020 -0.955550 -0.005832 -0.294771 -0.954279 0.013850 -0.298596 -0.950888 0.018785 -0.308964 -0.947322 0.014660 -0.319946 -0.946023 0.006910 -0.324025 -0.945297 0.004260 -0.326185 -0.940880 -0.001017 0.338738 
						-0.941530 0.007025 0.336857 -0.944508 0.024940 0.327540 -0.950555 0.032477 0.308854 -0.956562 0.024536 0.290493 -0.959669 0.006991 0.281046 -0.960334 -0.001019 0.278852 -0.568182 0.005729 0.822883 -0.567166 -0.000825 0.823603 -0.574067 0.021197 0.818534 -0.587564 0.027474 0.808711 -0.600688 0.020574 0.799219 -0.606546 0.002079 0.795046 -0.606258 -0.006219 0.795244 0.021453 0.001763 0.999768 0.021003 -0.005916 0.999762 0.014664 0.018621 0.999719 -0.000000 0.024642 0.999696 -0.014601 0.018541 0.999722 -0.018755 0.007583 0.999795 -0.020378 0.004153 0.999784 0.603774 0.000004 0.797155 0.602725 0.004831 0.797935 0.597855 0.015998 0.801444 0.587655 0.021162 0.808835 0.577222 0.016375 0.816423 0.571737 0.008483 0.820393 0.568856 0.005202 0.822421 0.817245 0.010114 0.576202 0.824544 -0.066234 0.561908 0.900521 -0.142678 0.410737 0.950914 0.017328 0.308970 0.888080 0.168188 0.427817 0.808187 0.072852 0.584402 0.800774 -0.010501 0.598874 0.949988 -0.000110 -0.312287 1.000000 0.000297 0.000036 0.996952 0.075824 0.018360 0.950041 0.000782 -0.312124 0.970080 0.153398 0.188184 0.950305 0.003056 -0.311305 0.951053 -0.002707 0.309016 0.951049 0.003812 -0.309016 0.970075 -0.157657 0.184659 0.951718 0.002744 -0.306963 0.996942 -0.076961 0.013544 0.952134 -0.002480 -0.305670 0.999987 -0.000210 -0.005071 0.951722 -0.005233 -0.306916 0.589379 -0.000472 -0.807856 0.589434 0.000064 -0.807817 0.588888 -0.001734 -0.808213 0.587782 -0.002187 -0.809016 0.586725 -0.001656 -0.809784 0.586217 -0.000429 -0.810154 0.586087 0.000121 -0.810248 0.001456 0.002950 -0.999995 -0.588824 0.000284 -0.808261 -0.588667 -0.000069 -0.808376 0.000059 0.005126 -0.999987 0.000646 -0.000819 -0.999999 -0.588815 0.001624 -0.808266 0.000001 -0.001170 -0.999999 -0.587783 0.002675 -0.809014 -0.000686 -0.000871 -0.999999 
						-0.586178 0.002522 -0.810179 -0.585000 0.000752 -0.811033 -0.000881 -0.000194 -1.000000 -0.584649 -0.000249 -0.811286 -0.000889 0.000054 -1.000000 -0.955736 0.000275 -0.294225 -0.955474 -0.005818 -0.295019 -0.954250 0.013721 -0.298695 -0.950891 0.018712 -0.308961 -0.947328 0.014644 -0.319930 -0.946021 0.006912 -0.324033 -0.945287 0.004255 -0.326213 -0.940696 -0.006097 0.339195 -0.941011 0.004142 0.338351 -0.944369 0.025433 0.327903 -0.950537 0.033023 0.308850 -0.956625 0.024835 0.290263 -0.959737 0.007048 0.280811 -0.960396 -0.001028 0.278637 -0.566727 0.009998 0.823845 -0.564294 0.005110 0.825558 -0.572933 0.022917 0.819282 -0.587524 0.029666 0.808663 -0.601717 0.022235 0.798400 -0.607998 0.002493 0.793934 -0.607780 -0.006312 0.794080 0.023128 0.005518 0.999717 0.023790 -0.000781 0.999717 0.016954 0.021530 0.999624 -0.000000 0.028548 0.999592 -0.016949 0.021524 0.999625 -0.022025 0.008335 0.999723 -0.023767 0.003994 0.999710 0.604844 -0.005921 0.796322 0.604797 0.001697 0.796378 0.598738 0.017420 0.800755 0.587626 0.023151 0.808802 0.576165 0.018000 0.817135 0.570038 0.009007 0.821569 0.566971 0.005175 0.823721 0.819202 0.010070 0.573417 0.826415 -0.065461 0.559244 0.901855 -0.139815 0.408791 0.950840 0.021291 0.308948 0.886539 0.171207 0.429810 0.806071 0.073689 0.587214 0.798573 -0.010550 0.601806 0.948270 -0.000290 -0.317465 0.999985 0.000204 -0.005382 0.996941 0.077009 0.013345 0.948435 0.001998 -0.316967 0.970075 0.157538 0.184759 0.949188 0.007501 -0.314619 0.951052 0.002894 0.309017 0.951014 0.009611 -0.308999 0.970080 -0.153479 0.188119 0.952743 0.007092 -0.303693 0.996952 -0.075796 0.018491 0.953669 -0.001319 -0.300856 1.000000 -0.000300 0.000180 0.953389 -0.005491 -0.301696 0.583122 0.001370 -0.812384 0.582741 -0.000205 -0.812658 0.584728 0.004781 -0.811216 
						0.587778 0.006207 -0.808999 0.590778 0.004717 -0.806821 0.591975 0.001140 -0.805956 0.592093 -0.000340 -0.805870 -0.010297 -0.000926 -0.999947 -0.592656 0.001439 -0.805454 -0.593190 -0.000215 -0.805063 -0.009188 -0.005567 -0.999942 -0.007021 0.008922 -0.999936 -0.590789 0.004726 -0.806812 0.000000 0.011755 -0.999931 -0.587772 0.006504 -0.809000 0.006927 0.008791 -0.999937 -0.584450 0.005226 -0.811413 -0.582706 0.001381 -0.812682 0.009554 0.002098 -0.999952 -0.582304 -0.000424 -0.812971 0.009875 -0.000616 -0.999951 -0.953890 0.002221 -0.300148 -0.953859 -0.000298 -0.300255 -0.953272 0.009378 -0.301968 -0.950980 0.012699 -0.308992 -0.948581 0.009868 -0.316380 -0.947802 0.005652 -0.318810 -0.947183 0.004539 -0.320661 -0.942322 -0.000885 0.334708 -0.942882 0.006064 0.333072 -0.945468 0.021512 0.325005 -0.950684 0.027999 0.308893 -0.955859 0.021156 0.293062 -0.958545 0.006034 0.284878 -0.959117 -0.000884 0.283009 -0.563212 0.010160 0.826250 -0.560513 0.003530 0.828138 -0.570345 0.026842 0.820966 -0.587427 0.035094 0.808516 -0.604352 0.026534 0.796275 -0.610931 0.003340 0.791677 -0.610219 -0.006466 0.792206 0.032848 0.004248 0.999451 0.032476 -0.006666 0.999450 0.023511 0.029857 0.999278 -0.000000 0.039932 0.999202 -0.023919 0.030375 0.999252 -0.033662 0.011000 0.999373 -0.037214 0.003349 0.999302 0.619625 -0.006230 0.784873 0.618592 0.006042 0.785689 0.607858 0.032287 0.793389 0.587251 0.042751 0.808275 0.566175 0.033101 0.823620 0.554338 0.009727 0.832235 0.551277 -0.001426 0.834321 0.832976 0.009727 0.553224 0.839365 -0.059938 0.540254 0.910568 -0.120302 0.395465 0.949997 0.047195 0.308671 0.876488 0.190188 0.442264 0.792009 0.072964 0.606133 0.785312 -0.021245 0.618735 0.947890 0.004645 -0.318564 1.000000 0.000300 0.000217 0.996952 0.075884 0.018117 0.948685 0.005018 -0.316182 
						0.970081 0.154078 0.187622 0.949427 0.006566 -0.313919 0.951055 -0.001936 0.309014 0.951024 0.008292 -0.309006 0.970077 -0.157198 0.185041 0.952487 0.005987 -0.304521 0.997390 -0.071305 0.011364 0.952997 0.001391 -0.302978 0.999941 0.010027 -0.004222 0.953044 -0.000409 -0.302832 0.576124 0.003159 -0.817356 0.575479 -0.000941 -0.817816 0.579646 0.012668 -0.814770 0.587706 0.016447 -0.808907 0.595714 0.012546 -0.803099 0.599064 0.003073 -0.800696 0.599497 -0.000912 -0.800377 0.000680 0.022579 0.999745 0.000680 0.024929 0.999689 0.000679 0.037446 0.999298 0.000679 0.032105 0.999484 -0.587782 0.000000 0.809019 -0.587785 -0.000000 0.809017 -0.587784 -0.000000 0.809018 -0.587782 0.000000 0.809019 -0.587781 0.000000 0.809020 -0.587786 0.000000 0.809016 -0.587785 0.000000 0.809018 -0.587785 -0.000000 0.809017 -0.587785 -0.000000 0.809017 -0.587785 0.000000 0.809017 -0.587745 0.000000 0.809046 -0.587780 0.000000 0.809021 -0.951052 0.000000 -0.309030 -0.951059 0.000000 -0.309008 -0.951058 0.000000 -0.309012 -0.951052 0.000000 -0.309032 -0.951054 0.000000 -0.309024 -0.951056 0.000000 -0.309020 -0.951057 0.000000 -0.309016 -0.951057 0.000000 -0.309016 -0.951055 0.000000 -0.309021 -0.951059 0.000000 -0.309008 -0.951055 0.000000 -0.309022 -0.951059 0.000000 -0.309009 -0.296911 0.012459 -0.954824 -0.296937 0.004731 -0.954885 -0.296914 0.004731 -0.954892 -0.296905 0.012459 -0.954826 -0.296853 0.004731 -0.954912 -0.296853 0.004731 -0.954911 -0.296886 -0.002997 -0.954908 -0.296881 -0.002997 -0.954910 -0.296891 -0.002997 -0.954907 -0.296898 -0.002997 -0.954905 -0.296887 -0.011176 -0.954847 -0.296914 -0.011176 -0.954839 -0.296857 -0.002997 -0.954917 -0.296899 -0.002997 -0.954904 -0.296880 -0.002997 -0.954910 -0.296811 -0.002998 -0.954931 -0.296487 -0.002998 -0.955032 -0.296918 -0.002997 -0.954898 -0.296713 -0.002998 -0.954962 
						-0.296935 -0.002997 -0.954893 -0.292751 0.003007 -0.956184 -0.292821 -0.004745 -0.956155 -0.292800 -0.004745 -0.956162 -0.292752 0.003007 -0.956184 -0.292715 0.003007 -0.956195 -0.292757 0.001780 -0.956185 -0.292751 0.001780 -0.956187 -0.292766 0.003007 -0.956179 -0.292767 0.003007 -0.956179 -0.292757 0.003007 -0.956182 -0.292752 -0.004745 -0.956177 -0.292712 -0.004745 -0.956189 -0.292375 0.003008 -0.956299 -0.292753 0.003007 -0.956183 -0.292988 0.003007 -0.956111 -0.292849 0.003007 -0.956154 -0.292736 0.003007 -0.956188 -0.292734 0.003007 -0.956189 -0.292793 -0.012497 -0.956094 -0.292786 -0.012497 -0.956096 -0.488531 0.000000 -0.872547 -0.488531 0.000000 -0.872547 -0.000000 0.000000 -1.000000 -0.000000 0.000000 -1.000000 0.951057 0.000000 -0.309017 0.951057 0.000000 -0.309017 0.951057 0.000000 0.309017 0.951057 0.000000 0.309017 -0.000000 -0.000000 1.000000 -0.000000 -0.000000 1.000000 -0.488434 -0.000000 0.872601 -0.488434 -0.000000 0.872601 -0.346019 0.000000 -0.938227 -0.348696 0.000000 -0.937236 0.587785 0.000000 -0.809017 0.587785 -0.000000 -0.809017 0.587785 -0.000000 0.809017 0.587785 -0.000000 0.809017 -0.348590 0.000000 0.937275 -0.345915 0.000000 0.938266 -0.000000 -0.707112 0.707102 -0.000000 -0.707121 0.707093 -0.000000 -0.707143 0.707071 -0.000000 -0.707121 0.707093 -0.000000 0.999709 -0.024115 -0.007882 0.999744 -0.021186 -0.007829 0.999744 -0.021229 -0.000000 0.999709 -0.024114 0.000000 -0.999709 0.024117 -0.007827 -0.999744 0.021231 -0.007880 -0.999745 0.021186 0.000000 -0.999709 0.024118 0.000000 -0.707106 0.707108 0.000000 -0.707102 0.707112 0.000000 -0.707114 0.707100 0.000000 -0.707107 0.707107 0.000000 -0.707152 0.707062 0.000000 -0.707121 0.707092 -0.000001 -0.707106 0.707108 -0.000001 -0.707103 0.707110 0.000000 -0.707112 0.707102 -0.000000 -0.707113 0.707101 -0.000000 -0.707113 0.707100 
						0.000000 -0.707100 0.707113 0.000000 -0.707111 0.707103 0.000000 -0.707100 0.707114 -0.000000 -0.707126 0.707088 -0.000000 -0.707099 0.707114 -0.000000 -0.707103 0.707111 -0.000000 -0.707114 0.707100 0.000000 -0.707100 0.707113 0.000000 -0.707102 0.707112 0.000000 -0.707106 0.707107 0.000000 -0.707141 0.707073 -0.000000 1.000000 0.000000 -0.000000 1.000000 -0.000001 -0.000000 1.000000 -0.000000 0.000000 1.000000 0.000001 -0.000000 -0.707143 0.707070 -0.000000 -0.707126 0.707088 0.000000 0.000008 1.000000 0.000000 0.000025 1.000000 0.000000 -0.000031 1.000000 -0.000000 -0.000103 1.000000 0.000000 -0.000000 1.000000 0.000000 0.000001 1.000000 0.000000 1.000000 0.000001 0.000000 1.000000 0.000000 0.000001 1.000000 0.000000 0.000002 1.000000 0.000000 0.000003 1.000000 0.000000 0.000001 1.000000 0.000000 0.000008 1.000000 0.000000 -0.000000 1.000000 0.000000 0.000001 1.000000 0.000000 0.000001 1.000000 0.000000 0.000001 1.000000 0.000000 0.000002 1.000000 0.000000 0.000003 1.000000 0.000000 0.000001 0.957607 -0.288077 -0.000001 0.957607 -0.288077 -0.000001 1.000000 0.000000 -0.000031 1.000000 0.000000 0.000009 1.000000 0.000000 -0.000001 1.000000 0.000000 0.000001 1.000000 0.000000 -0.026115 0.999649 -0.004370 -0.011893 0.999882 -0.009699 -0.011987 0.999881 -0.009699 -0.026197 0.999647 -0.004310 0.022003 0.999757 0.001315 0.030379 0.999440 0.014008 0.030391 0.999439 0.014045 0.022065 0.999756 0.001360 0.011909 0.999925 -0.002682 0.011972 0.999925 -0.002683 0.005524 0.999984 -0.001335 0.005544 0.999984 -0.001350 0.003688 0.999993 -0.000001 0.003688 0.999993 -0.000001 0.002985 0.999993 -0.002164 0.002982 0.999993 -0.002173 -0.001390 0.999975 -0.007002 -0.001431 0.999974 -0.007033 -0.037054 0.999243 0.011829 -0.037053 0.999243 0.011881 0.029668 0.998996 0.033554 
						0.029697 0.998997 0.033513 -0.424350 0.169255 -0.889539 -0.424350 0.169256 -0.889539 -0.155247 -0.146343 -0.976976 -0.155245 -0.146340 -0.976977 -0.575354 0.446668 -0.685169 -0.575352 0.446669 -0.685170 0.866163 0.169258 -0.470228 0.866162 0.169259 -0.470228 0.868199 0.446674 -0.216134 0.868198 0.446674 -0.216135 0.699850 -0.146346 -0.699138 0.699850 -0.146346 -0.699137 0.454949 -0.428863 -0.780448 0.454943 -0.428857 -0.780455 0.279029 -0.619392 -0.733823 0.279025 -0.619390 -0.733826 0.224857 -0.685938 -0.692047 0.224865 -0.685938 -0.692044 0.205594 -0.619396 -0.757680 0.205598 -0.619395 -0.757680 0.090688 -0.428855 -0.898810 0.090687 -0.428856 -0.898809 0.000036 -0.000001 -1.000000 0.000153 -0.000001 -1.000000 0.000026 -0.000001 -1.000000 -0.000002 -0.000001 -1.000000 0.000022 -0.000001 -1.000000 0.000051 -0.000001 -1.000000 0.000038 -0.000001 -1.000000 0.000002 -0.000001 -1.000000 0.000019 -0.000001 -1.000000 0.000019 -0.000001 -1.000000 -0.000001 -0.000001 1.000000 -0.000001 -0.000002 1.000000 0.000001 -0.000004 1.000000 0.000000 -0.000004 1.000000 -0.000001 0.000000 1.000000 -0.000001 0.000000 1.000000 -0.000001 0.000000 1.000000 -0.000001 -0.000000 1.000000 -0.000000 0.957607 -0.288077 -0.000000 0.957607 -0.288077 -0.000000 0.957607 -0.288077 -0.000000 0.957607 -0.288077 -1.000000 0.000000 -0.000000 -1.000000 0.000000 0.000000 -1.000000 0.000000 0.000000 -1.000000 0.000000 -0.000000 0.000002 -0.997859 -0.065404 0.000002 -0.965926 -0.258818 -0.000001 -0.965926 -0.258818 -0.000001 -0.997859 -0.065404 0.000000 0.997859 0.065404 0.000000 0.965926 0.258819 -0.000000 0.965926 0.258819 0.000000 0.997859 0.065404 -0.000002 0.866026 0.499999 -0.000000 0.866026 0.499999 0.000001 -0.866028 -0.499995 -0.000001 -0.866028 -0.499995 0.000001 -0.707108 -0.707106 -0.000001 -0.707107 -0.707106 -0.000002 0.724767 0.688994 
						-0.000001 0.724767 0.688994 0.000001 0.521749 0.853099 0.000002 0.521749 0.853099 0.000000 0.258823 0.965925 0.000001 0.258823 0.965925 0.000002 -0.500004 -0.866023 0.000002 -0.258827 -0.965924 0.000005 -0.258827 -0.965924 0.000006 -0.500004 -0.866023 0.000002 -0.065405 -0.997859 -0.000002 -0.065405 -0.997859 0.000000 0.077434 0.996997 -0.000001 0.077434 0.996997 -0.297278 -0.073934 -0.951924 -0.297279 -0.073934 -0.951924 -0.293348 -0.062528 -0.953959 -0.293348 -0.062528 -0.953959 -0.000001 -0.000000 1.000000 -0.000001 0.000000 1.000000 -0.000001 -0.000000 1.000000 -0.000001 -0.000000 1.000000 -0.000000 1.000000 0.000002 -0.000000 1.000000 0.000003 -0.000001 0.000002 1.000000 0.000001 -0.000003 1.000000 0.000001 -0.000003 1.000000 -0.000001 0.000002 1.000000 -0.000003 -0.000002 1.000000 -0.000003 -0.000002 1.000000 -0.000000 -0.000010 1.000000 -0.000000 0.000000 1.000000 0.000001 -0.000006 -1.000000 0.000002 -0.000006 -1.000000 -0.000000 -0.000005 -1.000000 -0.000000 -0.000005 -1.000000 -0.000005 -1.000000 -0.000000 -0.000019 -1.000000 -0.000000 -0.000005 -1.000000 -0.000000 -0.000001 -1.000000 -0.000000 -0.000000 -1.000000 -0.000000 0.000000 -1.000000 -0.000000 -0.000000 -1.000000 -0.000000 -1.000000 -0.000000 0.000000 0.000007 -1.000000 -0.000000 0.000033 -1.000000 -0.000000 0.000007 -1.000000 -0.000000 0.000002 -1.000000 -0.000000 -0.000002 -1.000000 -0.000000 0.000000 -1.000000 -0.000000 0.000000 -0.997859 -0.065404 0.000000 -0.997859 -0.065404 0.000000 -1.000000 -0.000000 -0.000000 -1.000000 -0.000000 0.000003 -1.000000 -0.000000 -0.000000 -1.000000 -0.000000 -0.000000 -1.000000 -0.000000 -0.000001 -1.000000 -0.000000 0.000001 0.000000 1.000000 0.000001 0.000000 1.000000 0.000004 -0.000006 1.000000 0.000005 -0.000005 1.000000 0.000001 0.000004 1.000000 -0.000000 0.000000 1.000000 -0.000000 0.000000 1.000000 
						0.000001 0.000004 1.000000 -0.129868 -0.422021 -0.897236 -0.274217 -0.374410 -0.885789 -0.634750 -0.084753 -0.768056 -0.608383 -0.094247 -0.788028 -0.866199 0.218252 -0.449517 -0.919994 0.169019 -0.353614 0.952141 0.169007 0.254685 0.964991 0.218236 0.145484 0.964976 -0.084759 -0.248268 0.955384 -0.094253 -0.279926 0.742500 -0.374413 -0.555435 0.632447 -0.422027 -0.649541 0.445010 -0.607607 -0.657861 0.215631 -0.700717 -0.680073 0.243018 -0.756110 -0.607651 0.005794 -0.889168 -0.457545 0.182590 -0.806764 -0.561955 0.090889 -0.955769 -0.279724 0.160563 -0.756109 -0.634443 0.264250 -0.889168 -0.373566 0.026670 -0.607600 -0.793795 0.225291 -0.700711 -0.676940 0.000000 -1.000000 -0.000000 0.237948 -0.955769 0.172879 0.294118 -0.955769 -0.000000 0.000000 -1.000000 -0.000000 -0.000004 0.000001 -1.000000 -0.000011 0.000001 -1.000000 -0.000001 0.000001 -1.000000 0.000000 0.000001 -1.000000 0.000000 0.000001 -1.000000 -0.000001 0.000001 -1.000000 -0.000001 0.000001 -1.000000 0.000002 0.000001 -1.000000 -0.000003 0.000001 -1.000000 -0.000023 0.000001 -1.000000 0.000000 -1.000000 0.000000 -0.237948 -0.955769 -0.172879 -0.294117 -0.955769 0.000000 0.000000 -1.000000 0.000000 0.000000 -1.000000 -0.000000 0.090888 -0.955769 0.279723 0.000000 -1.000000 0.000000 -0.090887 -0.955769 0.279723 0.000000 -1.000000 -0.000000 -0.237947 -0.955769 0.172878 -0.090888 -0.955769 0.279723 0.000000 -1.000000 -0.000000 0.000000 -1.000000 0.000000 -0.090888 -0.955769 -0.279724 0.000000 -1.000000 0.000000 0.090888 -0.955769 -0.279724 0.000000 -1.000000 -0.000000 0.237948 -0.955768 -0.172880 -0.000001 0.000000 1.000000 -0.000001 0.000000 1.000000 0.000001 -0.000002 -1.000000 0.000001 -0.000002 -1.000000 0.000001 -0.000000 -1.000000 0.000002 -0.000001 -1.000000 0.000002 -0.000001 -1.000000 0.000001 -0.000000 -1.000000 0.000000 -0.000000 -1.000000 
						0.000000 -0.000000 -1.000000 -0.000001 -0.000000 -1.000000 -0.000002 -0.000001 -1.000000 -0.000002 -0.000001 -1.000000 -0.000001 -0.000000 -1.000000 -0.000000 1.000000 0.000000 -0.000000 1.000000 0.000000 0.000000 1.000000 -0.000000 -0.000000 1.000000 0.000000 -0.000000 1.000000 0.000000 -0.000000 1.000000 0.000000 -0.000000 1.000000 -0.000000 -0.000000 1.000000 -0.000000 -0.000000 1.000000 -0.000000 -0.000000 1.000000 -0.000000 -0.000000 1.000000 -0.000000 -0.000000 1.000000 -0.000000 -0.000000 1.000000 0.000000 -0.000000 1.000000 0.000000 0.000000 1.000000 0.000000 -0.000000 1.000000 0.000000 0.000000 1.000000 0.000000 0.000000 1.000000 0.000000 -0.000000 1.000000 -0.000000 -0.000000 1.000000 -0.000000 -0.000000 1.000000 -0.000000 0.000000 1.000000 0.000000 0.000000 0.309029 -0.951053 0.000000 0.309074 -0.951038 0.000000 0.309115 -0.951025 0.000000 0.309049 -0.951046 0.000000 0.308991 -0.951065 0.000000 0.308991 -0.951065 0.000000 0.309020 -0.951056 0.000000 0.309025 -0.951054 0.000000 0.308996 -0.951063 0.000000 0.308996 -0.951063 0.000000 0.309007 0.951060 0.000000 0.308981 0.951068 0.000000 0.309016 0.951057 0.000000 0.309028 0.951053 0.000000 0.309031 0.951052 0.000000 0.309049 0.951046 0.000000 0.309047 0.951047 0.000000 0.308992 0.951065 0.000000 0.308938 0.951082 0.000000 0.308986 0.951067 -0.000007 0.809016 0.587786 -0.000008 0.309013 0.951058 -0.000000 0.309013 0.951058 -0.000007 0.809016 0.587786 0.000000 -0.309014 0.951058 0.000000 -0.809016 0.587787 0.000000 -0.809016 0.587787 0.000000 -0.309014 0.951058 -0.000000 0.309013 -0.951058 -0.000000 0.809014 -0.587789 -0.000000 0.809014 -0.587789 -0.000000 0.309013 -0.951058 -0.000015 -1.000000 -0.000003 -0.000008 -0.809014 -0.587789 -0.000000 -0.809014 -0.587789 -0.000000 -1.000000 -0.000003 -0.000000 1.000000 -0.000003 
						-0.000008 1.000000 -0.000003 0.000000 -1.000000 -0.000003 0.000000 -1.000000 -0.000003 -0.000000 -0.309014 -0.951058 -0.000000 -0.309014 -0.951058 
					</float_array>
					<technique_common>
						<accessor count="1285" offset="0" source="#meshId0-tangents-array" stride="3">
							<param name="X" type="float" />
							<param name="Y" type="float" />
							<param name="Z" type="float" />
						</accessor>
					</technique_common>
				</source>
				<source id="meshId0-bitangents" name="meshId0-bitangents">
					<float_array id="meshId0-bitangents-array" count="3855"> 
						0.480447 0.724870 0.493694 0.480445 0.724875 0.493689 0.105858 0.778986 0.618041 0.105858 0.778988 0.618039 0.018087 0.988944 -0.147183 0.018093 0.988944 -0.147184 0.018092 0.990590 -0.135662 0.018084 0.990590 -0.135665 -0.019823 0.979753 -0.199229 -0.019824 0.979753 -0.199227 -0.130883 0.963140 -0.235012 -0.130883 0.963141 -0.235007 -0.290420 0.939322 -0.182563 -0.290421 0.939322 -0.182565 -0.417637 0.908595 -0.005873 -0.417639 0.908594 -0.005874 -0.416294 0.871334 0.259763 -0.416291 0.871336 0.259762 -0.231878 0.827976 0.510576 -0.231880 0.827974 0.510578 0.005865 -0.999971 0.004820 0.006257 -0.999966 0.005361 0.003825 -0.999834 0.017788 0.003824 -0.999832 0.017913 -0.012610 -0.999770 -0.017356 -0.000171 -0.999924 -0.012295 -0.000167 -0.999795 -0.020225 -0.022145 -0.999290 -0.030480 -0.000010 -0.999901 0.014060 0.004126 -0.999975 0.005678 0.001314 -0.999998 0.001808 -0.000015 -0.999771 0.021403 0.003437 -0.999983 0.004731 -0.000017 -0.999677 0.025419 -0.000013 -0.999809 0.019547 0.002237 -0.999993 0.003079 0.000320 -1.000000 0.000440 0.000233 -0.999859 0.016811 0.000239 -0.999990 0.004567 -0.000969 -0.999999 -0.001334 -0.002988 -0.999983 -0.004919 -0.002822 -0.999985 -0.004691 0.000236 -0.999997 -0.002538 0.000234 -0.999944 -0.010554 0.000000 -0.999891 -0.014744 -0.005797 -0.999951 -0.007978 -0.004475 -0.999971 -0.006160 0.000000 -0.999923 -0.012371 -0.000000 -0.999887 0.015031 0.012588 -0.999771 0.017326 0.015784 -0.999639 0.021724 -0.000000 -0.999924 0.012298 -0.004538 -0.999985 -0.002971 -0.004800 -0.999983 -0.003331 -0.005759 -0.999968 0.005632 -0.005758 -0.999964 0.006203 0.000009 -0.999914 0.013143 0.004733 -0.999965 0.006883 -0.000663 -1.000000 -0.000550 0.000006 -0.999958 0.009177 0.012983 -0.999756 0.017844 0.015115 -0.999670 0.020775 -0.000233 -0.999664 0.025936 -0.000229 -0.999626 0.027364 
						-0.000228 -0.998887 0.047164 -0.000220 -0.998691 0.051142 0.037244 -0.997971 0.051641 0.029982 -0.998683 0.041640 -0.001075 -0.999999 -0.000118 -0.006693 -0.999955 -0.006771 -0.004353 -0.999984 -0.003551 -0.001075 -0.999997 0.002090 0.549306 0.563454 -0.617076 0.549306 0.563454 -0.617076 0.420738 0.698303 -0.579097 0.420738 0.698303 -0.579097 -0.809016 0.000000 -0.587787 -0.809021 -0.000000 -0.587780 -0.809019 -0.000000 -0.587782 -0.809016 0.000000 -0.587787 -0.809014 0.000000 -0.587789 -0.809013 0.000000 -0.587791 -0.809019 0.000000 -0.587783 -0.809019 -0.000000 -0.587783 -0.809019 -0.000000 -0.587783 -0.809020 0.000000 -0.587782 -0.809046 0.000000 -0.587746 -0.809014 0.000000 -0.587790 0.780504 0.326147 -0.533331 0.780504 0.326147 -0.533331 0.951057 0.000000 -0.309017 0.951057 0.000000 -0.309017 0.768312 0.295145 -0.567967 0.768312 0.295145 -0.567967 0.146842 -0.150623 0.977625 0.146842 -0.150624 0.977625 0.455839 0.150620 0.877225 0.455839 0.150620 0.877225 0.955420 -0.295145 0.007894 0.955420 -0.295144 0.007894 0.634318 0.427381 0.644194 0.634319 0.427380 0.644194 -0.134521 -0.427385 0.894006 -0.134521 -0.427385 0.894006 0.417129 0.563454 -0.713108 0.417129 0.563454 -0.713108 0.266038 0.326147 -0.907112 0.266039 0.326146 -0.907112 0.420738 0.698302 -0.579097 0.420738 0.698302 -0.579097 -0.309025 -0.000001 0.951054 -0.309014 -0.000001 0.951058 -0.309015 -0.000001 0.951057 -0.309026 -0.000001 0.951054 -0.309015 -0.000001 0.951057 -0.309011 -0.000001 0.951058 -0.309011 -0.000001 0.951058 -0.309011 -0.000001 0.951058 -0.309010 -0.000001 0.951059 -0.309023 -0.000001 0.951055 -0.309014 -0.000001 0.951057 -0.309023 -0.000001 0.951055 -0.009391 -0.999766 0.019468 -0.008807 -0.999787 0.018663 0.007051 -0.999922 -0.010300 0.003944 -0.999974 -0.006023 -0.004381 -0.999975 0.005628 -0.011906 -0.999801 0.015981 
						-0.015990 -0.999622 0.022352 -0.010953 -0.999821 0.015430 0.000171 -1.000000 0.000581 0.004853 -0.999971 -0.005864 0.008626 -0.999892 -0.011872 0.002748 -0.999989 -0.003782 0.010196 -0.999850 -0.014033 0.010420 -0.999843 -0.014341 -0.007029 -0.999929 0.009675 -0.001668 -0.999996 0.002296 -0.003058 -0.999995 0.000626 -0.012254 -0.999918 0.003614 -0.007617 -0.999967 0.002849 0.002773 -0.999996 -0.000523 -0.016097 -0.999865 -0.003215 -0.010739 -0.999914 0.007535 -0.010470 -0.999918 0.007448 -0.017140 -0.999847 -0.003551 -0.010140 -0.999941 -0.003849 -0.013002 -0.999904 -0.004782 -0.001992 -0.999998 -0.000893 0.004386 -0.999989 -0.001916 -0.005704 -0.999983 0.001363 -0.012957 -0.999906 -0.004461 -0.015242 -0.999868 0.005631 -0.014879 -0.999881 -0.004166 -0.011081 -0.999934 -0.002932 -0.010882 -0.999932 0.004214 0.003133 -0.999995 0.001020 0.010384 -0.999941 -0.003117 0.003993 -0.999992 -0.001044 -0.008310 -0.999962 -0.002706 0.000860 -1.000000 0.000280 0.011644 -0.999925 -0.003775 0.008408 -0.999961 -0.002726 -0.003120 -0.999995 -0.001016 0.002926 -0.999995 -0.000697 0.004832 -0.999987 -0.001314 -0.003264 -0.999995 -0.000556 0.000905 -0.999999 0.000801 -0.002130 -0.999998 0.000438 0.005530 -0.999980 0.002931 -0.006591 -0.999978 -0.000121 -0.006229 -0.999981 -0.000002 0.041401 -0.997583 0.055797 0.046420 -0.996952 0.062706 0.080050 -0.996465 0.025496 0.068496 -0.997415 0.021727 0.014241 -0.999889 0.004386 0.014829 -0.999880 0.004580 0.007459 -0.999919 0.010266 0.010753 -0.999833 0.014801 -0.001079 -0.999999 0.000323 0.011108 -0.999929 0.004287 0.016903 -0.999842 0.005505 0.016308 -0.999853 0.005311 0.021864 -0.999309 0.030049 0.041165 -0.999062 0.013406 0.026627 -0.999608 0.008671 0.016835 -0.999591 0.023139 0.058377 -0.998104 0.019518 0.041613 -0.999035 0.014059 -0.005879 -0.999982 -0.000781 -0.003608 -0.999994 -0.000043 
						0.732045 0.666149 0.142673 0.732039 0.666157 0.142670 -0.009491 -0.999950 0.003258 -0.009380 -0.999951 0.003106 -0.009233 -0.999957 0.000983 -0.009477 -0.999955 0.001062 -0.032728 -0.999404 0.011001 -0.042690 -0.998987 0.014238 -0.027787 -0.998859 0.038840 -0.023612 -0.999173 0.033093 -0.028398 -0.999554 0.009227 -0.032849 -0.999403 0.010673 -0.016075 -0.999626 0.022125 -0.014328 -0.999703 0.019721 -0.016276 -0.999854 0.005288 -0.027738 -0.999575 0.009013 -0.013445 -0.999738 0.018505 -0.005570 -0.999955 0.007667 -0.016912 -0.999605 0.022429 -0.030976 -0.999472 0.009826 -0.030880 -0.999475 0.009791 -0.021170 -0.999376 0.028282 -0.018333 -0.999514 0.025197 -0.030685 -0.999479 0.009970 -0.028378 -0.999555 0.009220 -0.023997 -0.999168 0.032982 -0.027763 -0.999576 0.008780 -0.030804 -0.999478 0.009765 -0.025095 -0.999118 0.033672 -0.020539 -0.999413 0.027411 0.000619 -0.999999 -0.000955 -0.008317 -0.999913 0.010227 -0.003954 -0.999983 0.004222 0.012463 -0.999911 -0.004803 -0.001520 -0.999999 -0.000492 -0.002128 -0.999998 -0.000690 -0.023447 -0.999698 -0.007427 -0.038116 -0.999199 -0.012184 -0.022541 -0.999719 -0.007307 -0.016810 -0.999844 -0.005449 -0.014562 -0.999883 -0.004721 -0.016474 -0.999850 -0.005340 -0.019281 -0.999795 -0.006251 -0.014726 -0.999880 -0.004774 -0.018165 -0.999816 -0.006146 -0.011838 -0.999922 -0.004090 -0.016933 -0.999842 -0.005489 -0.017239 -0.999836 -0.005588 0.016504 -0.999851 0.004978 0.005513 -0.999984 0.001413 0.000000 -1.000000 0.000000 0.000000 -1.000000 0.000000 0.000000 -1.000000 -0.000000 0.000000 -1.000000 0.000000 -0.000000 -1.000000 -0.000000 -0.000000 -1.000000 -0.000000 0.000000 -1.000000 -0.000000 0.000000 -1.000000 -0.000000 0.000000 -1.000000 -0.000000 0.000000 -1.000000 -0.000000 0.000000 -1.000000 0.000000 0.000000 -1.000000 0.000002 0.000000 -1.000000 0.000000 -0.000001 -1.000000 0.000002 
						-0.000000 -1.000000 -0.000000 -0.000000 -1.000000 -0.000000 -0.000000 -1.000000 -0.000000 -0.000000 -1.000000 -0.000000 -0.000004 -1.000000 -0.000001 -0.000001 -1.000000 -0.000002 0.000000 -1.000000 -0.000000 0.000000 -1.000000 -0.000000 0.161640 0.366407 0.916307 0.161640 0.366407 0.916307 0.634661 0.155216 0.757043 0.634660 0.155214 0.757043 0.940110 -0.063483 0.334907 0.940109 -0.063485 0.334909 -0.652632 0.583865 -0.482880 -0.652634 0.583863 -0.482879 -0.659483 0.740531 -0.129216 -0.659483 0.740531 -0.129216 -0.517728 0.852441 0.072814 -0.517728 0.852441 0.072815 -0.401083 0.909184 0.111884 -0.401083 0.909184 0.111884 -0.410004 0.904833 0.114776 -0.410004 0.904833 0.114777 -0.491740 0.839872 0.229799 -0.491739 0.839872 0.229799 -0.487233 0.720980 0.492740 -0.487234 0.720979 0.492740 -0.265797 0.559019 0.785398 -0.265798 0.559018 0.785398 0.000546 -0.998405 0.056447 0.000538 -0.998591 0.053059 0.976593 -0.214710 0.012854 0.798214 -0.214708 -0.562810 0.815875 0.062275 -0.574866 0.997975 0.062277 0.012951 0.618604 -0.785563 0.014828 0.509164 -0.785565 -0.351625 -0.000000 -0.999875 0.015810 0.008778 -0.999888 0.012082 -0.618599 -0.785556 0.015398 -0.492308 -0.785575 0.374839 -0.783022 -0.214713 0.583760 -0.492308 -0.785575 0.374839 -0.618599 -0.785556 0.015398 -0.974634 -0.223380 0.013784 -0.800232 0.062276 0.596449 -0.998762 0.047602 0.014463 0.303956 -0.223432 -0.926115 0.312167 0.047554 -0.948836 0.193477 -0.785649 -0.587642 0.001805 -0.999998 0.000587 -0.189713 -0.785650 0.588866 -0.300003 -0.223444 0.927400 -0.189713 -0.785650 0.588866 -0.307975 0.047533 0.950206 -0.316209 0.032395 -0.948136 -0.307685 -0.232250 -0.922708 -0.198778 -0.785626 -0.585900 -0.007918 -0.999965 0.002574 0.183484 -0.785624 0.590871 0.183484 -0.785624 0.590871 0.292728 -0.232248 0.927562 0.300469 0.032394 0.953241 
						-0.793588 -0.232079 -0.562457 -0.815517 0.032759 -0.577805 -0.507562 -0.785594 -0.353867 -0.007234 -0.999924 0.009959 0.493529 -0.785595 0.373188 0.782374 -0.223463 0.581339 0.493529 -0.785595 0.373188 0.802064 0.047478 0.595348 -0.970335 -0.241764 -0.000132 -0.999868 0.016214 -0.000817 -0.618670 -0.785651 0.000504 0.000001 -1.000000 0.000415 0.618672 -0.785650 0.000179 0.974716 -0.223445 -0.000499 0.618672 -0.785650 0.000179 0.998870 0.047530 -0.000394 -0.814443 0.000000 0.580244 -0.788184 -0.251187 0.561846 -0.505627 -0.785620 0.356571 -0.005021 -0.999964 -0.006913 0.495886 -0.785625 -0.369986 0.495886 -0.785625 -0.369986 0.781162 -0.241782 -0.575611 0.805370 0.016173 -0.592552 -0.591746 0.013640 0.806009 -0.575438 -0.231284 0.784461 -0.378159 -0.769666 0.514403 -0.002450 -0.999997 -0.000797 0.373447 -0.770486 -0.516613 0.373447 -0.770486 -0.516613 0.570088 -0.231741 -0.788223 0.585470 0.013720 -0.810578 0.295183 0.047456 0.954261 -0.010845 0.017133 0.999794 -0.010258 -0.230324 0.973060 0.287863 -0.223465 0.931235 -0.011062 -0.771958 0.635578 0.176802 -0.785561 0.592988 -0.012072 -0.999919 -0.003923 -0.015045 -0.999875 0.004888 -0.012968 -0.768103 -0.640194 -0.205860 -0.785557 -0.583542 -0.205860 -0.785557 -0.583542 -0.012968 -0.768103 -0.640194 -0.013555 -0.228502 -0.973449 -0.314104 -0.232074 -0.920587 -0.014491 0.017140 -0.999748 -0.322909 0.032753 -0.945863 0.782110 -0.214708 0.584982 0.799281 0.062277 0.597721 0.491556 -0.785560 0.375858 -0.009101 -0.999880 0.012525 -0.509352 -0.785560 -0.351363 -0.795379 -0.232236 -0.559856 -0.509352 -0.785560 -0.351363 -0.817440 0.032388 -0.575102 0.976599 -0.214715 -0.012289 0.783843 -0.214713 -0.582656 0.801109 0.062246 -0.595272 0.997984 0.062235 -0.012455 0.618633 -0.785557 -0.013873 0.493229 -0.785573 -0.373632 -0.000000 -0.999899 -0.014227 -0.007853 -0.999911 -0.010802 
						-0.618618 -0.785577 -0.013432 -0.508454 -0.785577 0.352623 -0.797688 -0.214702 0.563557 -0.974646 -0.223457 -0.011527 -0.815355 0.062286 0.575601 -0.998810 0.047478 -0.011129 0.285995 -0.223456 -0.931812 0.293688 0.047422 -0.954724 0.173678 -0.785500 -0.593992 -0.018668 -0.999807 -0.006062 -0.209696 -0.785500 0.582252 -0.318084 -0.223365 0.921374 -0.326483 0.047597 0.944004 -0.339213 0.016003 -0.940573 -0.329308 -0.241744 -0.912752 -0.222105 -0.785218 -0.578016 -0.031936 -0.999436 0.010379 0.160135 -0.785227 0.598143 0.270461 -0.232163 0.934319 0.277249 0.032326 0.960254 -0.805984 -0.241466 -0.540448 -0.830578 0.016399 -0.556661 -0.523226 -0.785029 -0.331609 -0.023671 -0.999189 0.032585 0.477427 -0.785058 0.394649 0.767081 -0.231966 0.598146 0.788874 0.032734 0.613683 -0.971877 -0.231892 0.041000 -0.998616 0.032710 0.041186 -0.618005 -0.784761 0.047111 0.000001 -0.998777 0.049447 0.617966 -0.784748 0.047850 0.969338 -0.241345 0.046216 0.998665 0.016464 0.048962 -0.770724 0.015827 0.636972 -0.748233 -0.241513 0.617916 -0.462681 -0.784089 0.413678 0.037894 -0.997920 0.052152 0.536441 -0.784095 -0.312131 0.816112 -0.250760 -0.520654 0.842745 0.000001 -0.538314 -0.533256 0.014339 0.845832 -0.518563 -0.235536 0.821958 -0.312674 -0.779028 0.543462 0.067740 -0.997460 0.022008 0.435381 -0.757795 -0.485993 0.620362 -0.226947 -0.750763 0.635550 0.013032 -0.771949 0.310844 0.047523 0.949272 -0.001955 0.017136 0.999851 -0.001814 -0.229677 0.973265 0.302552 -0.223433 0.926575 -0.002460 -0.770618 0.637292 0.192123 -0.785636 0.588103 -0.003264 -0.999994 -0.001063 0.000671 -1.000000 -0.000221 -0.004251 -0.769549 -0.638574 -0.190852 -0.785649 -0.588499 -0.005143 -0.229161 -0.973375 -0.300518 -0.232106 -0.925103 -0.005773 0.017124 -0.999837 -0.308884 0.032737 -0.950536 0.796920 -0.214712 0.564639 0.814472 0.062244 0.576854 
						0.507924 -0.785571 0.353399 0.007581 -0.999917 -0.010440 -0.493124 -0.785587 -0.373741 -0.779970 -0.232240 -0.581130 -0.801474 0.032388 -0.597152 0.970137 -0.241803 0.019144 0.793408 -0.223480 -0.566180 0.813001 0.047488 -0.580322 0.999693 0.016100 0.018852 0.618509 -0.785478 0.021684 0.505461 -0.785636 -0.356771 0.000000 -0.999734 0.023068 0.004921 -0.999965 0.006773 0.505461 -0.785636 -0.356771 0.618509 -0.785478 0.021684 -0.618499 -0.785465 0.022455 -0.496042 -0.785641 0.369743 -0.786406 -0.214742 0.579182 -0.974532 -0.223353 0.020031 -0.803721 0.062281 0.591738 -0.998649 0.047631 0.020788 0.293118 -0.223483 -0.929590 0.301037 0.047489 -0.952429 0.181503 -0.785625 -0.591482 0.181503 -0.785625 -0.591482 -0.010613 -0.999938 -0.003449 -0.201884 -0.785615 0.584852 -0.311058 -0.223419 0.923757 -0.319298 0.047588 0.946459 -0.320072 0.016141 -0.947256 -0.310874 -0.241808 -0.919177 -0.202729 -0.785607 -0.584570 -0.202729 -0.785607 -0.584570 -0.011951 -0.999921 0.003883 0.179618 -0.785608 0.592079 0.289073 -0.232262 0.928704 0.296661 0.032390 0.954434 -0.788065 -0.251206 -0.562004 -0.814285 -0.000000 -0.580466 -0.505610 -0.785634 -0.356562 -0.005198 -0.999961 0.007152 -0.505610 -0.785634 -0.356562 0.495511 -0.785637 0.370464 0.782983 -0.232108 0.577117 0.804843 0.032757 0.592583 -0.967916 -0.251211 0.005600 -0.999986 -0.000000 0.005382 -0.618641 -0.785646 0.006635 -0.618641 -0.785646 0.006635 -0.000001 -0.999977 0.006854 0.618641 -0.785648 0.006439 0.970315 -0.241753 0.006655 0.999839 0.016251 0.007658 -0.809798 0.000000 0.586709 -0.783717 -0.251215 0.568048 -0.500933 -0.785664 0.363040 -0.000203 -1.000000 -0.000278 -0.500933 -0.785664 0.363040 0.500559 -0.785664 -0.363555 0.785183 -0.241781 -0.570114 0.808830 0.016212 -0.587819 -0.592235 -0.000000 0.805766 -0.574706 -0.239268 0.782601 -0.378584 -0.769604 0.514182 
						-0.002885 -0.999995 -0.000937 -0.378584 -0.769604 0.514182 0.373076 -0.770563 -0.516766 0.572561 -0.214102 -0.791413 0.585560 0.043682 -0.809451 0.293026 0.000000 0.956105 -0.009432 -0.000000 0.999955 -0.009112 -0.240324 0.970650 0.283643 -0.251184 0.925448 -0.009727 -0.771772 0.635825 0.174698 -0.785547 0.593630 0.174698 -0.785547 0.593630 -0.009727 -0.771772 0.635825 -0.010683 -0.999937 -0.003471 -0.017169 -0.999837 0.005579 -0.011577 -0.768355 -0.639919 -0.207846 -0.785544 -0.582856 -0.012071 -0.211214 -0.977365 -0.316612 -0.223479 -0.921854 -0.013088 0.046666 -0.998825 -0.324414 0.047451 -0.944724 0.769186 -0.251148 0.587603 0.794635 0.000000 0.607088 0.485878 -0.785425 0.383444 -0.014785 -0.999684 0.020349 0.485878 -0.785425 0.383444 -0.514773 -0.785427 -0.343675 -0.800512 -0.232210 -0.552503 -0.822757 0.032387 -0.567470 0.974565 -0.223454 0.017056 0.791566 -0.214719 -0.572117 0.809018 0.062279 -0.584475 0.998734 0.047441 0.016723 0.618559 -0.785491 0.019739 0.501843 -0.785641 -0.361830 -0.000007 -0.999782 0.020901 0.001151 -0.999998 0.001597 -0.618543 -0.785490 0.020252 -0.499650 -0.785650 0.364834 -0.789608 -0.214736 0.574811 -0.974570 -0.223355 0.018028 -0.807004 0.062274 0.587254 -0.998690 0.047616 0.018732 0.284632 -0.223457 -0.932229 0.292207 0.047434 -0.955178 0.172358 -0.785491 -0.594388 -0.019873 -0.999782 -0.006448 -0.210767 -0.785483 0.581888 -0.318948 -0.223353 0.921078 -0.327300 0.047618 0.943720 -0.334094 0.032378 -0.941983 -0.324854 -0.232175 -0.916823 -0.216678 -0.785360 -0.579879 -0.026114 -0.999623 0.008495 0.166051 -0.785377 0.596330 0.276292 -0.232191 0.932604 0.283384 0.032373 0.958460 -0.799917 -0.232028 -0.553440 -0.821865 0.032749 -0.568740 -0.514791 -0.785408 -0.343693 -0.014736 -0.999685 0.020298 0.486212 -0.785422 0.383027 0.774809 -0.232054 0.588067 0.796636 0.032745 0.603571 
						-0.970229 -0.241779 0.014067 -0.999776 0.016131 0.013674 -0.618598 -0.785543 0.016121 0.000009 -0.999857 0.016905 0.618589 -0.785547 0.016232 0.970222 -0.241683 0.016073 0.999713 0.016302 0.017544 -0.802763 -0.000001 0.596299 -0.776987 -0.251175 0.577237 -0.493934 -0.785595 0.372652 0.006983 -0.999930 0.009596 0.507519 -0.785594 -0.353931 0.789632 -0.251185 -0.559810 0.815697 -0.000001 -0.578479 -0.578300 0.000003 0.815824 -0.561134 -0.240475 0.792023 -0.362921 -0.772230 0.521488 0.014108 -0.999890 0.004574 0.388235 -0.767835 -0.509612 0.581390 -0.238615 -0.777848 0.598171 -0.000000 -0.801369 0.299890 0.000003 0.953974 -0.008212 0.000003 0.999966 -0.007861 -0.240203 0.970691 0.290381 -0.251178 0.923357 -0.008278 -0.771530 0.636139 0.182058 -0.785609 0.591332 -0.009122 -0.999954 -0.002974 -0.009484 -0.999950 0.003072 -0.009954 -0.768614 -0.639636 -0.200306 -0.785615 -0.585394 -0.010566 -0.238818 -0.971007 -0.307489 -0.251192 -0.917798 -0.011361 -0.000000 -0.999936 -0.317602 0.000001 -0.948224 0.775410 -0.241777 0.583338 0.799154 0.016115 0.600911 0.490579 -0.785532 0.377188 -0.009971 -0.999856 0.013710 -0.510093 -0.785545 -0.350321 -0.794045 -0.241687 -0.557746 -0.818462 0.016296 -0.574329 0.974629 -0.223462 0.012797 0.793049 -0.214724 -0.570058 0.810558 0.062276 -0.582337 0.998795 0.047462 0.012454 0.618608 -0.785560 0.014809 0.503452 -0.785638 -0.359596 -0.000000 -0.999878 0.015639 0.002807 -0.999989 0.003863 -0.618601 -0.785561 0.015074 -0.498067 -0.785642 0.367010 -0.788191 -0.214722 0.576757 -0.976590 -0.214702 0.013200 -0.805553 0.062287 0.589241 -0.997969 0.062286 0.013350 0.286516 -0.223462 -0.931651 0.294179 0.047448 -0.954572 0.174386 -0.785523 -0.593753 -0.017865 -0.999824 -0.005807 -0.208897 -0.785509 0.582527 -0.317307 -0.223343 0.921648 -0.325625 0.047633 0.944298 -0.338591 0.032371 -0.940377 
						-0.329198 -0.232149 -0.915279 -0.221277 -0.785248 -0.578292 -0.030888 -0.999472 0.010035 0.161388 -0.785263 0.597759 0.271817 -0.232139 0.933931 0.278674 0.032391 0.959839 -0.801194 -0.232023 -0.551592 -0.823177 0.032743 -0.566839 -0.516196 -0.785360 -0.341688 -0.016148 -0.999623 0.022228 0.484954 -0.785379 0.384707 0.774663 -0.223451 0.591580 0.794186 0.047405 0.605823 -0.970099 -0.241778 0.021243 -0.999648 0.016086 0.021095 -0.618504 -0.785424 0.023702 0.000001 -0.999696 0.024642 0.618501 -0.785430 0.023600 0.974538 -0.223333 0.019976 0.998662 0.047632 0.020157 -0.797155 0.000003 0.603774 -0.771638 -0.251143 0.584382 -0.488449 -0.785482 0.380048 0.012440 -0.999776 0.017119 0.512662 -0.785477 -0.346705 0.797281 -0.241636 -0.553132 0.822274 0.016334 -0.568857 -0.576291 0.013828 0.817128 -0.560394 -0.232536 0.794913 -0.360723 -0.772578 0.522496 0.016479 -0.999850 0.005356 0.390349 -0.767432 -0.508602 0.583735 -0.230547 -0.778525 0.598966 0.013544 -0.800660 0.312123 0.032746 0.949477 -0.000042 0.017129 0.999853 -0.000463 -0.229588 0.973288 0.303773 -0.232096 0.924042 -0.001808 -0.770522 0.637411 0.194881 -0.785638 0.587192 -0.002575 -0.999996 -0.000835 0.003626 -0.999993 -0.001175 -0.003556 -0.769664 -0.638439 -0.187860 -0.785641 -0.589472 -0.004471 -0.229209 -0.973367 -0.298470 -0.223445 -0.927894 -0.005066 0.017137 -0.999840 -0.306336 0.047521 -0.950737 0.785701 -0.232254 0.573352 0.807392 0.032391 0.589126 0.499222 -0.785644 0.365433 -0.001285 -0.999998 0.001770 -0.501756 -0.785647 -0.361939 -0.791312 -0.214720 -0.572470 -0.808679 0.062292 -0.584943 0.974716 -0.223445 0.000760 0.789372 -0.214726 -0.575139 0.806804 0.062286 -0.587527 0.998869 0.047536 0.000303 0.618670 -0.785650 0.001043 0.499301 -0.785649 -0.365315 0.000000 -0.999999 0.001170 -0.001573 -0.999996 -0.002164 -0.618670 -0.785650 0.001108 
						-0.502396 -0.785649 0.361046 -0.792211 -0.214721 0.571224 -0.976674 -0.214724 0.000902 -0.809720 0.062295 0.583501 -0.998058 0.062292 0.000890 0.286726 -0.223460 -0.931587 0.294428 0.047465 -0.954494 0.174540 -0.785534 -0.593693 -0.017796 -0.999825 -0.005781 -0.208873 -0.785515 0.582527 -0.317315 -0.223344 0.921645 -0.325654 0.047644 0.944288 -0.339250 0.016033 -0.940560 -0.329260 -0.241752 -0.912767 -0.221865 -0.785245 -0.578072 -0.031407 -0.999455 0.010205 0.161020 -0.785259 0.597864 0.271576 -0.232147 0.933999 0.278459 0.032385 0.959902 -0.800849 -0.241581 -0.547977 -0.825411 0.016364 -0.564295 -0.517447 -0.785318 -0.339889 -0.017437 -0.999560 0.024000 0.483676 -0.785338 0.386396 0.773523 -0.223451 0.593069 0.793022 0.047392 0.607347 -0.972418 -0.232028 0.023777 -0.999180 0.032752 0.023802 -0.618438 -0.785356 0.027404 0.000001 -0.999592 0.028548 0.618437 -0.785356 0.027396 0.974469 -0.223307 0.023330 0.998587 0.047646 0.023550 -0.796176 0.016088 0.604852 -0.772503 -0.241782 0.587180 -0.487357 -0.785460 0.381492 0.013607 -0.999732 0.018730 0.513848 -0.785446 -0.345014 0.798496 -0.241626 -0.551381 0.823574 0.016339 -0.566973 -0.573505 0.013868 0.819085 -0.557631 -0.232768 0.796785 -0.357373 -0.773117 0.523999 0.020249 -0.999773 0.006580 0.393837 -0.766770 -0.506909 0.586654 -0.230289 -0.776404 0.601898 0.013505 -0.798459 0.317304 0.032757 0.947758 0.005378 0.017137 0.999839 0.004676 -0.229207 0.973366 0.308752 -0.232092 0.922391 0.003410 -0.769701 0.638395 0.200248 -0.785619 0.585408 0.002752 -0.999996 0.000894 0.009141 -0.999954 -0.002970 0.001704 -0.770514 -0.637421 -0.182587 -0.785617 -0.591158 0.000596 -0.229604 -0.973284 -0.293530 -0.223452 -0.929467 0.000186 0.017134 -0.999853 -0.301111 0.047502 -0.952405 0.790355 -0.232254 0.566918 0.812235 0.032397 0.582429 0.504083 -0.785636 0.358715 
						0.003649 -0.999981 -0.005021 -0.496978 -0.785636 -0.368495 -0.787013 -0.214720 -0.578365 -0.804292 0.062292 -0.590960 0.974663 -0.223463 -0.009829 0.783232 -0.232254 -0.576720 0.804636 0.032400 -0.592884 0.998827 0.047487 -0.009442 0.618630 -0.785600 -0.011354 0.496966 -0.785639 -0.368505 0.000009 -0.999931 -0.011755 -0.003816 -0.999979 -0.005266 -0.618626 -0.785606 -0.011192 -0.504402 -0.785641 0.358254 -0.793897 -0.214735 0.568872 -0.976624 -0.214731 -0.009782 -0.811408 0.062271 0.581153 -0.998011 0.062260 -0.009895 0.291462 -0.232079 -0.928003 0.300084 0.032782 -0.953349 0.179809 -0.785602 -0.592029 -0.012077 -0.999919 -0.003927 -0.203107 -0.785594 0.584457 -0.311954 -0.223398 0.923460 -0.320096 0.047593 0.946189 -0.334559 0.032400 -0.941818 -0.325304 -0.232174 -0.916664 -0.217142 -0.785362 -0.579703 -0.026629 -0.999608 0.008651 0.165501 -0.785367 0.596496 0.275754 -0.232190 0.932764 0.282834 0.032365 0.958623 -0.806717 -0.223231 -0.547152 -0.827107 0.047685 -0.560019 -0.520302 -0.785193 -0.335794 -0.020633 -0.999384 0.028387 0.480374 -0.785207 0.390757 0.771207 -0.223455 0.596078 0.791148 0.047346 0.609790 -0.974163 -0.223425 0.032966 -0.998341 0.047346 0.032755 -0.618223 -0.785084 0.038003 -0.000008 -0.999202 0.039932 0.618203 -0.785067 0.038662 0.974133 -0.223205 0.035269 0.998177 0.047678 0.037013 -0.784727 0.015968 0.619636 -0.761501 -0.241717 0.601406 -0.475937 -0.784987 0.396585 0.025123 -0.999086 0.034590 0.524831 -0.784957 -0.329233 0.810802 -0.232067 -0.537350 0.833911 0.032344 -0.550951 -0.553309 0.014107 0.832857 -0.537941 -0.234248 0.809783 -0.334551 -0.776389 0.534131 0.044885 -0.998886 0.014586 0.415723 -0.762284 -0.496082 0.606237 -0.211235 -0.766718 0.619022 0.042796 -0.784207 0.317997 0.047587 0.946897 -0.000222 0.017133 0.999853 -0.000212 -0.229578 0.973290 0.309258 -0.223413 0.924363 
						-0.000948 -0.770398 0.637563 0.199117 -0.785629 0.585782 -0.001842 -0.999998 -0.000597 0.007887 -0.999966 -0.002559 -0.002979 -0.769764 -0.638322 -0.183923 -0.785632 -0.590723 -0.004007 -0.211800 -0.977305 -0.295625 -0.214744 -0.930855 -0.004686 0.046715 -0.998897 -0.302221 0.062253 -0.951203 0.798688 -0.214708 0.562136 0.816263 0.062278 0.574314 0.509922 -0.785551 0.350557 0.009674 -0.999865 -0.013301 -0.491051 -0.785558 -0.376519 -0.781627 -0.214724 -0.585621 -0.798791 0.062255 -0.598379 0.000015 -0.999745 0.022579 0.000017 -0.999689 0.024929 0.000025 -0.999299 0.037446 0.000022 -0.999484 0.032105 0.809019 0.000000 0.587782 0.809017 0.000000 0.587785 0.809018 0.000000 0.587784 0.809019 0.000000 0.587782 0.809020 0.000000 0.587781 0.809016 0.000000 0.587786 0.809018 0.000000 0.587785 0.809017 0.000000 0.587785 0.809017 0.000000 0.587785 0.809017 0.000000 0.587785 0.809046 0.000000 0.587745 0.809021 0.000000 0.587780 0.309030 0.000001 -0.951052 0.309008 0.000001 -0.951059 0.309012 0.000001 -0.951058 0.309032 0.000001 -0.951052 0.309024 0.000001 -0.951054 0.309020 0.000001 -0.951056 0.309016 0.000001 -0.951057 0.309016 0.000001 -0.951057 0.309021 0.000001 -0.951055 0.309008 0.000001 -0.951059 0.309022 0.000001 -0.951055 0.309009 0.000001 -0.951059 -0.954893 -0.008812 0.296818 -0.954895 -0.003346 0.296923 -0.954903 -0.003346 0.296901 -0.954895 -0.008812 0.296812 -0.954922 -0.003346 0.296839 -0.954921 -0.003346 0.296840 -0.954912 0.002120 0.296881 -0.954914 0.002120 0.296875 -0.954911 0.002120 0.296886 -0.954909 0.002120 0.296893 -0.954912 0.004178 0.296858 -0.954904 0.004178 0.296886 -0.954921 0.002120 0.296852 -0.954908 0.002120 0.296894 -0.954914 0.002120 0.296874 -0.954936 0.002120 0.296806 -0.955036 0.002119 0.296481 -0.954902 0.002120 0.296913 -0.954966 0.002120 0.296708 
						-0.954897 0.002120 0.296930 0.956188 0.002107 -0.292745 0.956165 -0.003326 -0.292808 0.956172 -0.003326 -0.292787 0.956188 0.002107 -0.292747 0.956199 0.002107 -0.292709 0.956187 0.001247 -0.292755 0.956189 0.001247 -0.292749 0.956183 0.002107 -0.292761 0.956183 0.002107 -0.292762 0.956186 0.002107 -0.292751 0.956187 -0.003325 -0.292739 0.956199 -0.003325 -0.292698 0.956303 0.002106 -0.292370 0.956187 0.002107 -0.292748 0.956115 0.002108 -0.292983 0.956158 0.002108 -0.292843 0.956192 0.002107 -0.292731 0.956193 0.002107 -0.292728 0.956164 -0.008758 -0.292700 0.956166 -0.008758 -0.292693 -0.000000 1.000000 0.000000 -0.000000 1.000000 0.000000 0.000000 1.000000 0.000000 0.000000 1.000000 0.000000 0.000000 1.000000 0.000000 0.000000 1.000000 0.000000 -0.000000 1.000000 0.000000 -0.000000 1.000000 0.000000 -0.000000 1.000000 0.000000 -0.000000 1.000000 0.000000 -0.000000 1.000000 0.000000 -0.000000 1.000000 0.000000 -0.000000 1.000000 0.000000 -0.000000 1.000000 0.000000 0.000000 1.000000 0.000000 0.000000 1.000000 0.000000 -0.000000 1.000000 0.000000 -0.000000 1.000000 0.000000 -0.000000 1.000000 -0.000000 -0.000000 1.000000 -0.000000 0.000001 -0.707102 -0.707112 0.000000 -0.707093 -0.707121 0.000000 -0.707071 -0.707143 0.000001 -0.707093 -0.707121 -0.000000 0.024115 0.999709 0.348606 0.022604 0.936997 0.345931 0.022627 0.937987 -0.000000 0.024114 0.999709 0.000000 0.024117 0.999709 -0.345827 0.022627 0.938026 -0.348501 0.022604 0.937036 0.000000 0.024118 0.999709 0.000001 0.707108 0.707106 0.000001 0.707112 0.707102 0.000001 0.707100 0.707114 0.000001 0.707107 0.707107 0.000000 0.707062 0.707152 0.000000 0.707092 0.707121 0.000001 -0.707108 -0.707106 0.000001 -0.707110 -0.707103 0.000001 -0.707102 -0.707112 0.000000 -0.707101 -0.707113 0.000000 -0.707100 -0.707113 
						0.000001 -0.707113 -0.707100 0.000001 0.707103 0.707111 0.000001 0.707114 0.707100 0.000000 0.707088 0.707126 0.000001 0.707114 0.707099 0.000001 0.707111 0.707103 0.000000 0.707100 0.707114 0.000000 -0.707113 -0.707100 0.000001 -0.707112 -0.707102 0.000001 -0.707107 -0.707106 0.000000 -0.707073 -0.707141 0.000000 -0.000000 1.000000 -0.000000 0.000001 1.000000 -0.000000 0.000000 1.000000 0.000000 -0.000001 1.000000 0.000000 0.707070 0.707143 0.000000 0.707088 0.707126 -0.000000 1.000000 -0.000008 -0.000000 1.000000 -0.000025 -0.000000 1.000000 0.000031 -0.000000 1.000000 0.000103 0.000000 1.000000 0.000000 0.000000 1.000000 -0.000001 0.000000 -0.000001 1.000000 -0.000000 -0.000000 1.000000 1.000000 -0.000001 -0.000000 1.000000 -0.000002 -0.000000 1.000000 -0.000003 -0.000000 1.000000 -0.000001 -0.000000 1.000000 -0.000008 -0.000000 1.000000 0.000000 -0.000000 1.000000 -0.000001 -0.000000 1.000000 -0.000001 -0.000000 1.000000 -0.000001 -0.000000 1.000000 -0.000002 -0.000000 1.000000 -0.000003 -0.000000 1.000000 -0.000001 0.000000 1.000000 0.000001 -0.000000 1.000000 0.000001 -0.000000 1.000000 0.000031 -0.000000 1.000000 -0.000009 -0.000000 1.000000 0.000001 -0.000000 1.000000 -0.000001 -0.000000 0.585926 0.018848 0.810145 -0.002356 0.009671 0.999950 0.002110 0.009725 0.999950 0.588848 0.018915 0.808022 0.586095 -0.011834 -0.810156 0.950382 -0.024542 -0.310116 0.950808 -0.024572 -0.308804 0.589017 -0.011901 -0.808033 -0.002273 -0.002656 -0.999994 0.002194 -0.002709 -0.999994 -0.589239 0.002177 -0.807956 -0.586314 0.002157 -0.810081 -0.951263 0.003508 -0.308361 -0.950836 0.003506 -0.309675 -0.951265 0.003506 0.308354 -0.950839 0.003508 0.309667 -0.589262 0.004839 0.807927 -0.586338 0.004858 0.810052 0.950145 0.031561 0.310206 0.950572 0.031576 0.308895 0.950405 -0.038590 0.308613 
						0.950830 -0.038574 0.307301 0.715524 0.664727 -0.214857 0.715524 0.664727 -0.214857 0.710907 0.670144 -0.213349 0.710908 0.670145 -0.213346 0.789961 0.520573 -0.323984 0.789962 0.520572 -0.323982 0.452585 -0.664726 0.594396 0.452585 -0.664726 0.594396 0.448666 -0.520568 0.726435 0.448667 -0.520567 0.726435 0.449731 -0.670144 0.590465 0.449730 -0.670144 0.590466 0.567901 -0.535338 0.625221 0.567906 -0.535342 0.625213 0.783703 -0.294724 0.546761 0.783704 -0.294728 0.546757 0.951057 -0.000001 0.309015 0.951055 0.000004 0.309021 0.955407 0.294725 0.018312 0.955406 0.294728 0.018315 0.826936 0.535344 -0.171996 0.826936 0.535344 -0.171998 1.000000 0.000000 0.000036 1.000000 0.000000 0.000153 1.000000 0.000000 0.000026 1.000000 -0.000000 -0.000002 1.000000 0.000000 0.000022 1.000000 0.000000 0.000051 1.000000 0.000000 0.000038 1.000000 0.000000 0.000002 1.000000 0.000000 0.000019 1.000000 0.000000 0.000019 -0.947665 0.319266 -0.000001 -0.947665 0.319265 -0.000001 -0.938602 -0.345001 -0.000001 -0.938603 -0.345000 -0.000001 -0.000000 1.000000 -0.000000 -0.000000 1.000000 -0.000000 -0.000000 1.000000 -0.000000 -0.000000 1.000000 -0.000000 1.000000 0.000000 -0.000000 1.000000 0.000000 -0.000000 1.000000 0.000000 -0.000000 1.000000 0.000000 -0.000000 0.000000 0.957607 -0.288077 0.000000 0.997859 0.065404 0.000000 0.997859 0.065404 0.000000 0.957607 -0.288077 1.000000 0.000002 0.000000 1.000000 0.000002 0.000000 1.000000 -0.000001 -0.000000 1.000000 -0.000001 -0.000000 1.000000 -0.000000 -0.000000 1.000000 -0.000000 -0.000000 1.000000 0.000000 0.000000 1.000000 -0.000000 -0.000000 1.000000 0.000001 0.000001 1.000000 0.000000 0.000000 1.000000 0.000000 0.000000 1.000000 -0.000001 -0.000001 1.000000 0.000001 0.000001 1.000000 -0.000001 -0.000001 1.000000 0.000001 0.000001 
						1.000000 0.000000 0.000000 1.000000 -0.000000 -0.000000 1.000000 -0.000001 -0.000001 1.000000 -0.000000 -0.000000 1.000000 -0.000000 -0.000001 1.000000 0.000001 0.000002 1.000000 0.000001 0.000002 1.000000 0.000001 0.000005 1.000000 0.000003 0.000005 1.000000 0.000000 0.000002 1.000000 -0.000000 -0.000002 1.000000 -0.000000 -0.000000 1.000000 0.000000 0.000001 -0.954791 0.023020 0.296386 -0.954791 0.023020 0.296387 0.956006 -0.019186 -0.292720 0.956006 -0.019186 -0.292720 0.000000 -1.000000 0.000000 0.000000 -1.000000 0.000000 0.000000 -1.000000 0.000000 0.000000 -1.000000 0.000000 -0.000000 -0.000002 1.000000 -0.000000 -0.000003 1.000000 -0.952899 -0.303289 -0.000000 -0.816032 -0.578006 -0.000000 -0.816032 -0.578006 -0.000000 -0.952899 -0.303288 -0.000000 -0.796139 0.605114 -0.000001 -0.796139 0.605114 -0.000001 -0.000000 1.000000 0.000010 -0.000000 1.000000 -0.000000 0.989123 0.147089 0.000001 0.989123 0.147089 0.000001 0.989123 -0.147089 0.000000 0.989123 -0.147089 0.000000 1.000000 -0.000005 -0.000000 1.000000 -0.000019 -0.000000 1.000000 -0.000005 -0.000000 1.000000 -0.000001 -0.000000 1.000000 -0.000000 -0.000000 1.000000 0.000000 0.000000 1.000000 -0.000000 -0.000000 0.000000 1.000000 0.000000 1.000000 0.000007 0.000000 1.000000 0.000033 0.000000 1.000000 0.000007 0.000000 1.000000 0.000002 0.000000 1.000000 -0.000002 -0.000000 1.000000 0.000000 0.000000 1.000000 0.000000 0.000000 1.000000 0.000000 0.000000 1.000000 0.000000 0.000000 1.000000 -0.000000 -0.000000 1.000000 0.000003 0.000000 1.000000 -0.000000 -0.000000 1.000000 -0.000000 -0.000000 1.000000 -0.000001 -0.000000 -0.254002 0.967204 -0.000000 -0.254002 0.967204 -0.000000 -0.761949 -0.647637 -0.000001 -0.761949 -0.647637 0.000000 -0.945345 0.326071 -0.000000 -0.787355 0.616500 -0.000000 -0.787355 0.616500 -0.000000 
						-0.945345 0.326071 0.000000 0.263893 0.857551 -0.441551 0.523387 0.714625 -0.464088 0.413632 0.802301 -0.430373 0.178828 0.951111 -0.251812 0.433067 0.776684 -0.457400 0.257641 0.940706 -0.220667 0.078719 -0.940708 0.329958 0.081486 -0.776689 0.624592 0.081660 -0.802302 0.591307 -0.003344 -0.951110 0.308833 0.150643 -0.714622 0.683097 -0.046047 -0.857547 0.512341 0.388710 -0.530740 0.753140 0.200022 -0.649992 0.733145 0.717595 -0.281366 0.637095 0.634096 -0.350534 0.689238 0.951057 0.000001 0.309016 0.951056 0.000001 0.309017 0.955022 0.281365 -0.093628 0.918118 0.350533 -0.184894 0.757159 0.530746 -0.380814 0.592751 0.649998 -0.475551 -0.587784 -0.000000 0.809018 -0.587784 -0.000000 0.809018 0.000000 0.000000 1.000000 0.000000 0.000000 1.000000 -1.000000 -0.000001 0.000004 -1.000000 -0.000001 0.000011 -1.000000 -0.000001 0.000001 -1.000000 -0.000001 -0.000000 -1.000000 -0.000001 -0.000000 -1.000000 -0.000001 0.000001 -1.000000 -0.000001 0.000001 -1.000000 -0.000001 -0.000002 -1.000000 -0.000001 0.000003 -1.000000 -0.000001 0.000023 0.587784 0.000000 -0.809018 0.587785 0.000000 -0.809018 -0.000000 -0.000000 -1.000000 -0.000000 -0.000000 -1.000000 -0.951056 -0.000000 0.309018 -0.951056 -0.000000 0.309017 -0.951056 -0.000000 -0.309019 -0.951056 -0.000000 -0.309018 -0.587784 -0.000000 -0.809018 -0.587784 -0.000000 -0.809018 -0.951056 -0.000000 -0.309018 -0.951056 -0.000000 -0.309019 0.951056 0.000000 -0.309018 0.951056 0.000000 -0.309017 0.951056 0.000000 0.309017 0.951057 0.000000 0.309017 0.587785 0.000000 0.809017 0.587785 0.000000 0.809017 -0.254002 -0.967204 -0.000000 -0.254002 -0.967204 -0.000000 0.956730 0.290978 0.000001 0.956730 0.290978 0.000001 0.254002 0.967204 0.000000 0.491344 0.870966 0.000000 0.491344 0.870966 0.000000 0.254002 0.967204 0.000000 0.956730 -0.290978 0.000000 
						0.956730 -0.290978 0.000000 0.254002 -0.967204 0.000000 0.491344 -0.870966 0.000000 0.491344 -0.870966 0.000000 0.254002 -0.967204 0.000000 -0.587786 -0.000000 0.809017 -0.587786 -0.000000 0.809017 0.000000 0.000000 1.000000 -0.000000 -0.000000 1.000000 -0.951057 -0.000000 0.309017 -0.951057 -0.000000 0.309017 -0.951057 -0.000000 -0.309017 -0.951057 -0.000000 -0.309017 -0.587785 -0.000000 -0.809017 -0.587785 -0.000000 -0.809017 -0.000000 -0.000000 -1.000000 -0.000000 -0.000000 -1.000000 0.587785 0.000000 -0.809017 0.587785 0.000000 -0.809017 0.951056 -0.000000 -0.309017 0.951056 0.000000 -0.309017 0.951057 -0.000000 0.309017 0.951057 -0.000000 0.309017 0.951057 0.000000 0.309017 0.587785 0.000000 0.809017 0.587785 0.000000 0.809017 0.951057 -0.000000 0.309017 -0.000000 -0.951053 -0.309029 -0.000000 -0.951038 -0.309074 -0.000000 -0.951025 -0.309115 -0.000000 -0.951046 -0.309049 -0.000000 -0.951065 -0.308991 -0.000000 -0.951065 -0.308991 -0.000000 -0.951056 -0.309020 -0.000000 -0.951054 -0.309025 -0.000000 -0.951063 -0.308996 -0.000000 -0.951063 -0.308996 -0.000000 -0.951060 0.309007 -0.000000 -0.951068 0.308981 -0.000000 -0.951057 0.309016 -0.000000 -0.951053 0.309028 -0.000000 -0.951052 0.309031 -0.000000 -0.951046 0.309049 -0.000000 -0.951047 0.309047 -0.000000 -0.951065 0.308992 -0.000000 -0.951082 0.308938 -0.000000 -0.951067 0.308986 -1.000000 -0.000006 -0.000004 -1.000000 -0.000002 -0.000007 -1.000000 -0.000000 -0.000000 -1.000000 -0.000006 -0.000004 -1.000000 -0.000000 0.000000 -1.000000 -0.000000 0.000000 -1.000000 -0.000000 0.000000 -1.000000 -0.000000 0.000000 -1.000000 -0.000000 0.000000 -1.000000 -0.000000 0.000000 -1.000000 -0.000000 0.000000 -1.000000 -0.000000 0.000000 -1.000000 0.000015 0.000000 -1.000000 0.000006 0.000004 -1.000000 0.000000 0.000000 -1.000000 0.000000 0.000000 -1.000000 -0.000000 0.000000 
						-1.000000 -0.000008 0.000000 -1.000000 -0.000000 -0.000000 -1.000000 -0.000000 -0.000000 -1.000000 0.000000 0.000000 -1.000000 0.000000 0.000000 
					</float_array>
					<technique_common>
						<accessor count="1285" offset="0" source="#meshId0-bitangents-array" stride="3">
							<param name="X" type="float" />
							<param name="Y" type="float" />
							<param name="Z" type="float" />
						</accessor>
					</technique_common>
				</source>
				<source id="meshId0-tex0" name="meshId0-tex0">
					<float_array id="meshId0-tex0-array" count="2570"> 
						0.788820 0.565330 0.844292 0.627857 0.814597 0.652071 0.764516 0.585147 0.561229 0.659601 0.566218 0.743039 0.527908 0.743732 0.529874 0.660168 0.592429 0.656428 0.604338 0.739163 0.623256 0.650672 0.642003 0.732130 0.653498 0.642373 0.678954 0.721990 0.682946 0.631588 0.714933 0.708813 0.711394 0.618392 0.749692 0.692689 0.738647 0.602875 0.782990 0.673731 0.531818 0.065135 0.531674 0.054975 0.574089 0.054268 0.574329 0.064389 0.528316 0.445398 0.571374 0.445863 0.570228 0.545352 0.526950 0.544375 0.574211 0.220597 0.532741 0.221298 0.532195 0.151321 0.573966 0.150685 0.531854 0.069756 0.574430 0.068980 0.573872 0.146046 0.532187 0.146832 0.532762 0.225757 0.574281 0.225238 0.572964 0.293563 0.531167 0.293549 0.530881 0.367073 0.531158 0.298016 0.572969 0.298250 0.572541 0.367282 0.571437 0.441059 0.528372 0.440792 0.530854 0.371451 0.572491 0.371957 0.574014 0.049553 0.531608 0.050417 0.532130 0.001324 0.574632 0.000532 0.330687 0.063747 0.330815 0.054523 0.370711 0.054153 0.370706 0.063778 0.370820 0.143425 0.330712 0.143077 0.330696 0.067955 0.370683 0.068025 0.330307 0.288944 0.331783 0.221085 0.372355 0.222299 0.371082 0.289828 
						0.367413 0.367762 0.365575 0.436204 0.324840 0.433907 0.326547 0.365953 0.370706 0.049790 0.330775 0.050360 0.331521 0.003513 0.371008 0.003312 0.323401 0.851471 0.315420 0.841022 0.351798 0.824125 0.354634 0.836963 0.917036 0.195983 0.943072 0.204442 0.943072 0.215870 0.910319 0.205228 0.890077 0.177367 0.890077 0.142928 0.910319 0.115067 0.943072 0.104425 0.943072 0.115853 0.917036 0.124312 0.900945 0.146460 0.900945 0.173835 0.301186 0.877786 0.289546 0.871672 0.083553 0.848039 0.070405 0.848039 0.079057 0.808873 0.090982 0.814412 0.877499 0.842222 0.864660 0.845058 0.864660 0.804947 0.877499 0.807783 0.090982 0.881667 0.079057 0.887206 0.881557 0.768569 0.892007 0.776550 0.892007 0.873455 0.881557 0.881436 0.420306 0.851471 0.428287 0.841022 0.454161 0.871672 0.442521 0.877786 0.389073 0.836963 0.391909 0.824125 0.938902 0.015715 0.912866 0.007255 0.912866 0.000808 0.942691 0.010499 0.961124 0.035870 0.942691 0.092601 0.912866 0.102292 0.912866 0.095844 0.938902 0.087385 0.954993 0.065238 0.954993 0.037862 0.961124 0.067230 0.615939 0.063520 0.615807 0.053557 0.614002 0.446407 0.613614 0.546143 0.615536 0.220204 0.614983 0.149534 
						0.616040 0.067746 0.614915 0.145341 0.615547 0.224522 0.614744 0.293578 0.614373 0.367894 0.614721 0.297933 0.614304 0.372374 0.614058 0.441982 0.615746 0.049201 0.616666 0.000488 0.655350 0.446767 0.657022 0.545719 0.656606 0.048484 0.657852 0.000714 0.697687 0.062041 0.656775 0.062468 0.656675 0.052976 0.697504 0.052269 0.696339 0.446404 0.697735 0.545152 0.696534 0.220558 0.656153 0.220495 0.655755 0.149259 0.696865 0.148748 0.656860 0.066938 0.697718 0.066353 0.696863 0.144474 0.655707 0.144848 0.696041 0.294407 0.655602 0.294128 0.656143 0.224948 0.696534 0.224669 0.695244 0.368757 0.655211 0.368702 0.655567 0.298597 0.696020 0.298523 0.655351 0.442245 0.655180 0.373100 0.695266 0.372896 0.696327 0.442232 0.697453 0.048114 0.697735 0.000934 0.291505 0.063976 0.291515 0.054645 0.324577 0.438209 0.318257 0.534572 0.276015 0.531247 0.284324 0.435513 0.292081 0.216335 0.291356 0.146728 0.330670 0.147290 0.331866 0.216864 0.291463 0.068117 0.291444 0.142646 0.290925 0.288296 0.291983 0.220469 0.326714 0.361770 0.287892 0.360208 0.290810 0.292387 0.330219 0.293156 0.284637 0.431337 0.287658 0.364310 0.291538 0.050567 0.291252 0.003561 
						0.811393 0.543559 0.871872 0.601258 0.411072 0.064229 0.410976 0.054641 0.450675 0.054899 0.450796 0.064581 0.446787 0.443668 0.443076 0.541014 0.401688 0.538880 0.406478 0.442119 0.451863 0.149562 0.453044 0.220087 0.413374 0.218623 0.411579 0.148706 0.450752 0.068675 0.451966 0.145448 0.411687 0.144186 0.411032 0.068571 0.413263 0.223060 0.452921 0.224157 0.451876 0.292368 0.412230 0.291120 0.412109 0.295455 0.451753 0.296420 0.449732 0.366156 0.409177 0.364739 0.449628 0.370327 0.446913 0.439534 0.406649 0.437704 0.409025 0.369262 0.450705 0.050806 0.411024 0.050238 0.410980 0.003637 0.450380 0.003349 0.490414 0.055274 0.490546 0.065069 0.486837 0.444598 0.484718 0.542427 0.491514 0.150689 0.492410 0.221110 0.490503 0.069472 0.491598 0.146326 0.492335 0.225448 0.490967 0.293536 0.490893 0.297850 0.490063 0.366853 0.490010 0.371313 0.486915 0.440172 0.490369 0.002619 0.490404 0.050880 0.192118 0.634209 0.192118 0.000488 0.219494 0.000488 0.219494 0.634209 0.164742 0.634209 0.164742 0.000488 0.137367 0.634209 0.137367 0.000488 0.109991 0.634209 0.109991 0.000488 0.082615 0.634209 0.082615 0.000488 0.055240 0.634209 0.055240 0.000488 
						0.027864 0.634209 0.027864 0.000488 0.000488 0.634209 0.000488 0.000488 0.274245 0.634209 0.246869 0.634209 0.246869 0.000488 0.274245 0.000488 0.853444 0.708746 0.846900 0.705762 0.858324 0.669189 0.865404 0.670460 0.860340 0.630925 0.867514 0.630404 0.585510 0.747215 0.590950 0.742510 0.619432 0.768140 0.615325 0.774045 0.653372 0.785924 0.650854 0.792662 0.690657 0.794755 0.689885 0.801906 0.728967 0.794083 0.729989 0.801202 0.765919 0.783949 0.768672 0.790595 0.799214 0.764985 0.803526 0.770743 0.826779 0.738371 0.832382 0.742882 0.360034 0.537227 0.365374 0.440609 0.574028 0.050440 0.531622 0.051246 0.531608 0.050417 0.574014 0.049553 0.574039 0.051176 0.531634 0.051966 0.574050 0.051913 0.531645 0.052695 0.574062 0.052647 0.531656 0.053425 0.531664 0.054145 0.531656 0.053425 0.574062 0.052647 0.574074 0.053382 0.531674 0.054975 0.574089 0.054268 0.490407 0.051681 0.490404 0.050880 0.490411 0.052377 0.490413 0.053082 0.490414 0.053787 0.490415 0.054472 0.490414 0.053787 0.490414 0.055274 0.450705 0.050806 0.450700 0.051480 0.450694 0.052153 0.450690 0.052847 0.450685 0.053541 0.450685 0.053541 0.450681 0.054225 0.450675 0.054899 
						0.411013 0.051080 0.411024 0.050238 0.411004 0.051767 0.410997 0.052464 0.410989 0.053161 0.410983 0.053849 0.410989 0.053161 0.410976 0.054641 0.370708 0.050517 0.370706 0.049790 0.370708 0.051219 0.370709 0.051919 0.370710 0.052618 0.370711 0.053308 0.370710 0.052618 0.370711 0.054153 0.330775 0.050360 0.330782 0.051039 0.330789 0.051727 0.330796 0.052435 0.330802 0.053147 0.330802 0.053147 0.330809 0.053846 0.330815 0.054523 0.291538 0.050567 0.291757 0.051228 0.291928 0.051882 0.291994 0.052548 0.291931 0.053221 0.291931 0.053221 0.291757 0.053895 0.291515 0.054645 0.656606 0.048484 0.697453 0.048114 0.697237 0.048806 0.656617 0.049251 0.697064 0.049509 0.656629 0.049971 0.697005 0.050211 0.656641 0.050705 0.697082 0.050903 0.656652 0.051436 0.656652 0.051436 0.697082 0.050903 0.697268 0.051582 0.656662 0.052157 0.697504 0.052269 0.656675 0.052976 0.615756 0.050021 0.615746 0.049201 0.615765 0.050720 0.615775 0.051436 0.615787 0.052157 0.615797 0.052857 0.615787 0.052157 0.615807 0.053557 0.571424 0.441963 0.528364 0.441630 0.528372 0.440792 0.571437 0.441059 0.571414 0.442712 0.528357 0.442358 0.571404 0.443464 0.528349 0.443095 
						0.571395 0.444211 0.528340 0.443832 0.528329 0.444559 0.571385 0.444960 0.528316 0.445398 0.571374 0.445863 0.486902 0.440980 0.486915 0.440172 0.486892 0.441680 0.486880 0.442391 0.486867 0.443101 0.486854 0.443790 0.486837 0.444598 0.446913 0.439534 0.446892 0.440214 0.446870 0.440893 0.446849 0.441594 0.446828 0.442295 0.446808 0.442987 0.446787 0.443668 0.406619 0.438441 0.406649 0.437704 0.406590 0.439141 0.406563 0.439851 0.406536 0.440561 0.406510 0.441262 0.406478 0.442119 0.365536 0.437066 0.365575 0.436204 0.365502 0.437782 0.365470 0.438496 0.365438 0.439210 0.365406 0.439915 0.365374 0.440609 0.324840 0.433907 0.324798 0.434601 0.324755 0.435304 0.324711 0.436029 0.324666 0.436756 0.324623 0.437470 0.324577 0.438209 0.284637 0.431337 0.284814 0.432030 0.284944 0.432712 0.284964 0.433399 0.284851 0.434084 0.284625 0.434763 0.284324 0.435513 0.655351 0.442245 0.696327 0.442232 0.696103 0.442925 0.655350 0.443017 0.695923 0.443630 0.655350 0.443742 0.695858 0.444334 0.655351 0.444481 0.695928 0.445030 0.655351 0.445216 0.696109 0.445713 0.655350 0.445943 0.696339 0.446404 0.655350 0.446767 0.614045 0.442814 0.614058 0.441982 
						0.614036 0.443524 0.614026 0.444252 0.614018 0.444985 0.614010 0.445696 0.614002 0.446407 0.574344 0.065150 0.531826 0.066017 0.531818 0.065135 0.574329 0.064389 0.574360 0.065886 0.531834 0.066739 0.574376 0.066624 0.531840 0.067470 0.531834 0.066739 0.574360 0.065886 0.574393 0.067358 0.531847 0.068201 0.531850 0.068923 0.574409 0.068094 0.531854 0.069756 0.574430 0.068980 0.490540 0.065872 0.490546 0.065069 0.490535 0.066569 0.490535 0.066569 0.490529 0.067276 0.490522 0.067982 0.490514 0.068668 0.490503 0.069472 0.450796 0.064581 0.450788 0.065255 0.450780 0.065928 0.450780 0.065928 0.450773 0.066622 0.450766 0.067317 0.450760 0.068001 0.450752 0.068675 0.411064 0.064953 0.411072 0.064229 0.411056 0.065642 0.411050 0.066340 0.411056 0.065642 0.411044 0.067038 0.411039 0.067727 0.411032 0.068571 0.370702 0.064550 0.370706 0.063778 0.370698 0.065253 0.370698 0.065253 0.370694 0.065954 0.370691 0.066654 0.370688 0.067345 0.370683 0.068025 0.330687 0.063747 0.330689 0.064426 0.330691 0.065115 0.330692 0.065823 0.330691 0.065115 0.330693 0.066535 0.330695 0.067233 0.330696 0.067955 0.291505 0.063976 0.291724 0.064635 0.291896 0.065288 
						0.291962 0.065953 0.291896 0.065288 0.291899 0.066625 0.291726 0.067298 0.291463 0.068117 0.656775 0.062468 0.697687 0.062041 0.697441 0.062822 0.656790 0.063214 0.697266 0.063526 0.656805 0.063934 0.656805 0.063934 0.697266 0.063526 0.697205 0.064228 0.656819 0.064668 0.697279 0.064921 0.656832 0.065398 0.697464 0.065601 0.656845 0.066119 0.697718 0.066353 0.656860 0.066938 0.615955 0.064218 0.615939 0.063520 0.615972 0.064915 0.615988 0.065630 0.615972 0.064915 0.616006 0.066350 0.616023 0.067047 0.616040 0.067746 0.573889 0.146917 0.532190 0.147648 0.532187 0.146832 0.573872 0.146046 0.573903 0.147641 0.532193 0.148357 0.573918 0.148367 0.532195 0.149075 0.573933 0.149089 0.532197 0.149794 0.532196 0.150503 0.573948 0.149812 0.532195 0.151321 0.573966 0.150685 0.491583 0.147122 0.491598 0.146326 0.491571 0.147812 0.491559 0.148513 0.491546 0.149213 0.491532 0.149892 0.491514 0.150689 0.451966 0.145448 0.451948 0.146125 0.451930 0.146802 0.451913 0.147499 0.451896 0.148197 0.451880 0.148885 0.451863 0.149562 0.411665 0.145040 0.411687 0.144186 0.411647 0.145738 0.411630 0.146446 0.411614 0.147153 0.411599 0.147851 0.411579 0.148706 
						0.370810 0.144158 0.370820 0.143425 0.370800 0.144867 0.370790 0.145573 0.370780 0.146280 0.370770 0.146976 0.370759 0.147662 0.330712 0.143077 0.330706 0.143757 0.330699 0.144446 0.330692 0.145155 0.330684 0.145868 0.330677 0.146567 0.330670 0.147290 0.291444 0.142646 0.291652 0.143311 0.291814 0.143969 0.291869 0.144637 0.291795 0.145310 0.291610 0.145982 0.291356 0.146728 0.655707 0.144848 0.696863 0.144474 0.696614 0.145261 0.655716 0.145596 0.696436 0.145969 0.655725 0.146318 0.696374 0.146675 0.655733 0.147054 0.696447 0.147372 0.655741 0.147786 0.696631 0.148057 0.655748 0.148510 0.696865 0.148748 0.655755 0.149259 0.614926 0.146034 0.614915 0.145341 0.614937 0.146727 0.614948 0.147436 0.614961 0.148150 0.614972 0.148842 0.614983 0.149534 0.574225 0.221469 0.532746 0.222109 0.532741 0.221298 0.574211 0.220597 0.574235 0.222193 0.532751 0.222813 0.574246 0.222919 0.532756 0.223526 0.574257 0.223641 0.532760 0.224240 0.532761 0.224945 0.574268 0.224365 0.532762 0.225757 0.574281 0.225238 0.492397 0.221901 0.492410 0.221110 0.492387 0.222587 0.492375 0.223284 0.492364 0.223980 0.492351 0.224656 0.492335 0.225448 0.453044 0.220087 
						0.453023 0.220757 0.453003 0.221426 0.452982 0.222116 0.452961 0.222806 0.452942 0.223487 0.452921 0.224157 0.413351 0.219471 0.413374 0.218623 0.413332 0.220164 0.413314 0.220867 0.413297 0.221569 0.413281 0.222262 0.413263 0.223060 0.372436 0.218602 0.372452 0.217865 0.372420 0.219315 0.372405 0.220027 0.372389 0.220738 0.372375 0.221439 0.372355 0.222299 0.331866 0.216864 0.331853 0.217553 0.331840 0.218251 0.331826 0.218969 0.331812 0.219691 0.331798 0.220399 0.331783 0.221085 0.292081 0.216335 0.292290 0.217009 0.292452 0.217676 0.292507 0.218352 0.292430 0.219034 0.292242 0.219714 0.291983 0.220469 0.656153 0.220495 0.696534 0.220558 0.696312 0.221241 0.656150 0.221306 0.696132 0.221936 0.656149 0.222019 0.696066 0.222629 0.656148 0.222747 0.696133 0.223315 0.656147 0.223471 0.696310 0.223988 0.656144 0.224187 0.696534 0.224669 0.656143 0.224948 0.615537 0.220898 0.615536 0.220204 0.615539 0.221592 0.615540 0.222303 0.615543 0.223017 0.615545 0.223710 0.615547 0.224522 0.572965 0.294444 0.531167 0.294362 0.531167 0.293549 0.572964 0.293563 0.572966 0.295175 0.531168 0.295068 0.572966 0.295908 0.531167 0.295782 0.572968 0.296637 
						0.531166 0.296497 0.531162 0.297202 0.572968 0.297368 0.531158 0.298016 0.572969 0.298250 0.490954 0.294322 0.490967 0.293536 0.490944 0.295005 0.490933 0.295697 0.490921 0.296390 0.490909 0.297062 0.490893 0.297850 0.451876 0.292368 0.451855 0.293035 0.451834 0.293702 0.451814 0.294389 0.451793 0.295076 0.451774 0.295754 0.451753 0.296420 0.412207 0.291851 0.412230 0.291120 0.412185 0.292547 0.412166 0.293252 0.412147 0.293958 0.412129 0.294653 0.412109 0.295455 0.371059 0.290690 0.371082 0.289828 0.371040 0.291406 0.371021 0.292120 0.371003 0.292833 0.370985 0.293537 0.370961 0.294400 0.330307 0.288944 0.330293 0.289632 0.330280 0.290328 0.330265 0.291045 0.330250 0.291765 0.330235 0.292471 0.330219 0.293156 0.290925 0.288296 0.291129 0.288964 0.291287 0.289624 0.291338 0.290293 0.291259 0.290968 0.291070 0.291640 0.290810 0.292387 0.655602 0.294128 0.696041 0.294407 0.695815 0.295089 0.655594 0.294942 0.695632 0.295785 0.655589 0.295658 0.695562 0.296479 0.655584 0.296388 0.695626 0.297166 0.655578 0.297115 0.695799 0.297841 0.655572 0.297833 0.696020 0.298523 0.655567 0.298597 0.614739 0.294278 0.614744 0.293578 0.614735 0.294978 
						0.614731 0.295695 0.614728 0.296415 0.614725 0.297114 0.614721 0.297933 0.572532 0.368161 0.530878 0.367773 0.530881 0.367073 0.572541 0.367282 0.572524 0.368890 0.530875 0.368483 0.572516 0.369622 0.530871 0.369203 0.572509 0.370349 0.530867 0.369923 0.530861 0.370633 0.572501 0.371078 0.530854 0.371451 0.572491 0.371957 0.490053 0.367707 0.490063 0.366853 0.490046 0.368405 0.490038 0.369113 0.490030 0.369821 0.490022 0.370508 0.490010 0.371313 0.449732 0.366156 0.449714 0.366843 0.449696 0.367528 0.449679 0.368235 0.449662 0.368943 0.449645 0.369640 0.449628 0.370327 0.409148 0.365553 0.409177 0.364739 0.409122 0.366259 0.409099 0.366974 0.409075 0.367690 0.409053 0.368397 0.409025 0.369262 0.367552 0.364072 0.367585 0.363202 0.367525 0.364793 0.367498 0.365513 0.367472 0.366233 0.367446 0.366943 0.367413 0.367762 0.326714 0.361770 0.326688 0.362452 0.326662 0.363144 0.326633 0.363856 0.326604 0.364571 0.326576 0.365273 0.326547 0.365953 0.287892 0.360208 0.288078 0.360872 0.288218 0.361526 0.288253 0.362188 0.288160 0.362851 0.287957 0.363510 0.287658 0.364310 0.655211 0.368702 0.695244 0.368757 0.695024 0.369434 0.655203 0.369461 
						0.694846 0.370122 0.655199 0.370174 0.694781 0.370809 0.655194 0.370901 0.694848 0.371489 0.655190 0.371624 0.695023 0.372157 0.655184 0.372339 0.695266 0.372896 0.655180 0.373100 0.614358 0.368715 0.614373 0.367894 0.614347 0.369415 0.614336 0.370133 0.614325 0.370854 0.614315 0.371554 0.614304 0.372374 0.370759 0.147662 0.372452 0.217865 0.367585 0.363202 0.370961 0.294400 0.897973 0.658625 0.924009 0.667084 0.924009 0.678512 0.891256 0.667870 0.871014 0.640009 0.871014 0.605570 0.891256 0.577709 0.924009 0.567067 0.924009 0.578495 0.897973 0.586954 0.881882 0.609102 0.881882 0.636477 0.905234 0.844629 0.879198 0.836170 0.879198 0.829723 0.909024 0.839413 0.927457 0.864784 0.909024 0.921516 0.879198 0.931206 0.879198 0.924759 0.905234 0.916300 0.921325 0.894152 0.921325 0.866777 0.927457 0.896145 0.055291 0.876668 0.078112 0.893695 0.063243 0.937553 0.017483 0.903409 0.000532 0.848889 0.046838 0.849479 0.055980 0.822513 0.018864 0.794818 0.065478 0.761849 0.122568 0.762575 0.163120 0.779971 0.190489 0.868001 0.166946 0.905311 0.120333 0.938280 0.106584 0.894058 0.129830 0.877616 0.138973 0.850650 0.130519 0.823461 0.079227 0.806071 
						0.107698 0.806433 0.570261 0.801788 0.541787 0.802273 0.526727 0.758473 0.583822 0.757501 0.630584 0.790274 0.654291 0.827487 0.627297 0.915647 0.586815 0.933221 0.529720 0.934193 0.482957 0.901421 0.464389 0.847421 0.510699 0.846632 0.519959 0.873562 0.543280 0.889906 0.571754 0.889421 0.594504 0.872292 0.593582 0.818132 0.602842 0.845062 0.519036 0.819402 0.481107 0.792819 0.719697 0.547843 0.719697 0.583075 0.662606 0.583075 0.662606 0.547843 0.548424 0.547843 0.548424 0.583075 0.491333 0.583075 0.491333 0.547843 0.377150 0.547843 0.377150 0.583075 0.320059 0.583075 0.320059 0.547843 0.763821 0.547843 0.763821 0.583075 0.605515 0.547843 0.605515 0.583075 0.434241 0.547843 0.434241 0.583075 0.275944 0.583075 0.275944 0.547843 0.463944 0.926694 0.472093 0.916074 0.494330 0.941583 0.491780 0.944906 0.454258 0.934981 0.454258 0.996020 0.419035 0.995170 0.420563 0.931854 0.415768 0.931854 0.417295 0.995171 0.382073 0.996020 0.382073 0.934982 0.119386 0.845339 0.120989 0.849208 0.093153 0.867419 0.088031 0.855052 0.123538 0.852531 0.101302 0.878039 0.458822 0.939061 0.490177 0.948775 0.459743 0.962600 0.457995 0.949330 0.489631 0.952927 
						0.490178 0.957079 0.118840 0.841186 0.087204 0.844784 0.120989 0.833165 0.119386 0.837034 0.088951 0.831513 0.094074 0.819146 0.473014 0.985587 0.464866 0.974967 0.491780 0.960949 0.494330 0.964271 0.102856 0.729790 0.521394 0.729790 0.521394 0.759935 0.086461 0.759935 0.123538 0.829842 0.102223 0.808526 0.729260 0.086755 0.699115 0.103150 0.719167 0.072838 0.729260 0.056444 0.729260 0.521689 0.699115 0.521689 0.072544 0.749843 0.056149 0.759935 0.906701 0.244667 0.902960 0.240266 0.902960 0.223586 0.907289 0.217889 0.960114 0.217889 0.965875 0.217889 0.960114 0.179263 0.906995 0.179263 0.902960 0.173566 0.902960 0.156886 0.906405 0.152485 0.978756 0.152485 0.978756 0.244667 0.972518 0.214141 0.975270 0.205094 0.975270 0.192058 0.965875 0.179263 0.972518 0.183010 0.959996 0.303629 0.959836 0.314250 0.874481 0.312360 0.874650 0.301109 0.959722 0.377978 0.959925 0.388598 0.874576 0.391118 0.874360 0.379869 0.959640 0.367357 0.874273 0.368617 0.959637 0.356735 0.874271 0.357366 0.959669 0.346114 0.874304 0.346114 0.959709 0.335492 0.874346 0.334863 0.959755 0.324871 0.874395 0.323611 0.960278 0.293011 0.874949 0.289862 0.960278 0.399214 
						0.874949 0.402364 0.070003 0.977789 0.072587 0.988185 0.061336 0.988374 0.063570 0.977897 0.075737 0.974873 0.082616 0.983086 0.070003 0.950020 0.072587 0.939624 0.082616 0.944724 0.075737 0.952936 0.063570 0.949912 0.061336 0.939435 0.057739 0.952634 0.051141 0.944195 0.053692 0.957636 0.044063 0.952941 0.052246 0.963905 0.041533 0.963905 0.053692 0.970174 0.044063 0.974868 0.057739 0.975175 0.051141 0.983614 0.014600 0.780511 0.010818 0.775306 0.010818 0.768872 0.014599 0.763667 0.020718 0.761679 0.026837 0.763666 0.030619 0.768871 0.030619 0.775306 0.026838 0.780511 0.020719 0.782499 0.010581 0.910112 0.000488 0.910112 0.000488 0.893432 0.010581 0.893432 0.000488 0.970092 0.000488 0.917267 0.010581 0.917267 0.010581 0.970092 0.925708 0.599474 0.962053 0.599474 0.962053 0.691656 0.925708 0.691656 0.823141 0.000488 0.823141 0.419026 0.730959 0.419026 0.730959 0.000488 0.228951 0.958040 0.224763 0.958040 0.224763 0.865859 0.228951 0.865859 0.921848 0.907329 0.935233 0.907329 0.935233 0.999512 0.921848 0.999512 0.948619 0.907329 0.948619 0.999512 0.220575 0.958040 0.220575 0.865859 0.216387 0.958040 0.216387 0.865859 0.962005 0.907329 
						0.962005 0.999512 0.972306 0.907329 0.972306 0.999512 0.985693 0.907329 0.985693 0.999512 0.212199 0.958040 0.208010 0.958040 0.208010 0.865859 0.212199 0.865859 0.203823 0.958040 0.203823 0.865859 0.999078 0.907329 0.999078 0.999512 0.248778 0.849878 0.221409 0.761849 0.687868 0.934193 0.714862 0.846034 0.022373 0.916047 0.022373 0.969165 0.012281 0.969165 0.012281 0.916047 0.000488 0.749843 0.000488 0.759935 0.012281 0.976146 0.012281 0.969165 0.022373 0.969165 0.022373 0.976146 0.000488 0.917267 0.010581 0.917267 0.729260 0.000488 0.719167 0.000488 0.057676 0.840889 0.067769 0.840889 0.067769 0.853924 0.057676 0.853924 0.521688 0.635909 0.525134 0.640309 0.525134 0.656990 0.521099 0.662687 0.467980 0.662687 0.462218 0.662687 0.462218 0.701313 0.467980 0.701313 0.520805 0.701313 0.525134 0.707010 0.525134 0.723690 0.521393 0.728091 0.465733 0.728091 0.435420 0.728091 0.000488 0.728091 0.000488 0.635909 0.435420 0.635909 0.465733 0.635909 0.455575 0.666434 0.452823 0.675482 0.452823 0.688518 0.455575 0.697565 0.000488 0.975851 0.010581 0.975851 0.010581 0.887655 0.000488 0.887655 0.022373 0.992826 0.022373 0.998416 0.012281 0.998416 
						0.012281 0.992826 0.148928 0.989624 0.153386 0.980828 0.163577 0.983819 0.162575 0.993629 0.174164 0.982951 0.176750 0.992467 0.176750 0.917299 0.174164 0.926816 0.163577 0.925948 0.162575 0.916138 0.153385 0.928939 0.148928 0.920143 0.144948 0.935390 0.137628 0.928781 0.139388 0.944440 0.130184 0.940900 0.137449 0.954883 0.127587 0.954883 0.139388 0.965326 0.130184 0.968867 0.144948 0.974377 0.137628 0.980986 0.870305 0.174349 0.880996 0.174349 0.880996 0.188571 0.870305 0.188571 0.076739 0.955826 0.085099 0.944319 0.098625 0.939924 0.112152 0.944319 0.120512 0.955826 0.120512 0.970049 0.112152 0.981555 0.098625 0.985950 0.085098 0.981555 0.076739 0.970049 0.870305 0.245463 0.880996 0.245463 0.880996 0.259686 0.870305 0.259686 0.870305 0.160125 0.880996 0.160125 0.870305 0.145903 0.880996 0.145903 0.870305 0.273909 0.880996 0.273909 0.880996 0.288131 0.870305 0.288131 0.870305 0.231240 0.880996 0.231240 0.870305 0.217017 0.880996 0.217017 0.870305 0.202794 0.880996 0.202794 0.012281 0.910286 0.022373 0.910286 0.067769 0.831432 0.057676 0.831432 0.067769 0.823805 0.067769 0.831432 0.057676 0.831432 0.057676 0.823805 0.057676 0.863381 
						0.067769 0.863381 0.057676 0.871009 0.057676 0.863381 0.067769 0.863381 0.067769 0.871009 0.824840 0.199806 0.861487 0.199806 0.861487 0.228280 0.824840 0.228280 0.824840 0.171332 0.861487 0.171332 0.824840 0.142858 0.861487 0.142858 0.824840 0.114384 0.861487 0.114384 0.824840 0.085910 0.861487 0.085910 0.824840 0.057436 0.861487 0.057436 0.824840 0.028962 0.861487 0.028962 0.824840 0.000488 0.861487 0.000488 0.824840 0.285227 0.824840 0.256754 0.861487 0.256754 0.861487 0.285227 0.002903 0.741860 0.000488 0.738536 0.000488 0.734427 0.002903 0.731103 0.006810 0.729834 0.010718 0.731103 0.013133 0.734427 0.013133 0.738536 0.010718 0.741860 0.006810 0.743129 0.027477 0.738536 0.025062 0.741860 0.021154 0.743129 0.017247 0.741860 0.014832 0.738536 0.014832 0.734427 0.017247 0.731104 0.021154 0.729834 0.025062 0.731103 0.027477 0.734427 0.741301 0.928379 0.737193 0.928379 0.737193 0.803007 0.741301 0.803007 0.733084 0.928379 0.728976 0.928379 0.728976 0.803007 0.733084 0.803007 0.753626 0.928379 0.749518 0.928379 0.749518 0.803006 0.753626 0.803006 0.765952 0.928379 0.761844 0.928379 0.761844 0.803006 0.765952 0.803006 0.745409 0.928379 
						0.745409 0.803006 0.724867 0.928379 0.724867 0.803007 0.757735 0.928379 0.757735 0.803006 
					</float_array>
					<technique_common>
						<accessor count="1285" offset="0" source="#meshId0-tex0-array" stride="2">
							<param name="S" type="float" />
							<param name="T" type="float" />
						</accessor>
					</technique_common>
				</source>
				<source id="meshId0-color0" name="meshId0-color0">
					<float_array id="meshId0-color0-array" count="3855"> 
						1.000000 0.847059 0.000000 1.000000 0.847059 0.000000 1.000000 0.847059 0.000000 1.000000 0.847059 0.000000 1.000000 0.847059 0.000000 1.000000 0.847059 0.000000 1.000000 0.847059 0.000000 1.000000 0.847059 0.000000 1.000000 0.847059 0.000000 1.000000 0.847059 0.000000 1.000000 0.847059 0.000000 1.000000 0.847059 0.000000 1.000000 0.847059 0.000000 1.000000 0.847059 0.000000 1.000000 0.847059 0.000000 1.000000 0.847059 0.000000 1.000000 0.847059 0.000000 1.000000 0.847059 0.000000 1.000000 0.847059 0.000000 1.000000 0.847059 0.000000 1.000000 0.305882 0.000000 1.000000 0.305882 0.000000 1.000000 0.305882 0.000000 1.000000 0.305882 0.000000 1.000000 1.000000 1.000000 1.000000 1.000000 1.000000 1.000000 1.000000 1.000000 1.000000 1.000000 1.000000 1.000000 1.000000 1.000000 1.000000 1.000000 1.000000 1.000000 1.000000 1.000000 1.000000 1.000000 1.000000 1.000000 1.000000 1.000000 1.000000 1.000000 1.000000 1.000000 1.000000 1.000000 1.000000 1.000000 1.000000 1.000000 1.000000 1.000000 1.000000 1.000000 1.000000 1.000000 1.000000 1.000000 1.000000 1.000000 1.000000 1.000000 1.000000 1.000000 1.000000 1.000000 1.000000 1.000000 1.000000 1.000000 1.000000 1.000000 1.000000 1.000000 1.000000 1.000000 1.000000 1.000000 1.000000 1.000000 1.000000 1.000000 1.000000 1.000000 1.000000 1.000000 1.000000 1.000000 1.000000 1.000000 1.000000 1.000000 1.000000 1.000000 1.000000 1.000000 1.000000 1.000000 0.305882 0.000000 1.000000 0.305882 0.000000 1.000000 0.305882 0.000000 1.000000 0.305882 0.000000 1.000000 1.000000 1.000000 1.000000 1.000000 1.000000 1.000000 1.000000 1.000000 1.000000 1.000000 1.000000 1.000000 1.000000 1.000000 1.000000 1.000000 1.000000 1.000000 1.000000 1.000000 1.000000 1.000000 1.000000 
						1.000000 1.000000 1.000000 1.000000 1.000000 1.000000 1.000000 1.000000 1.000000 1.000000 1.000000 1.000000 1.000000 1.000000 1.000000 1.000000 1.000000 1.000000 1.000000 1.000000 1.000000 1.000000 1.000000 1.000000 1.000000 1.000000 1.000000 1.000000 1.000000 1.000000 1.000000 1.000000 1.000000 1.000000 1.000000 1.000000 1.000000 1.000000 1.000000 1.000000 1.000000 1.000000 1.000000 1.000000 1.000000 1.000000 1.000000 1.000000 1.000000 1.000000 1.000000 1.000000 1.000000 1.000000 1.000000 1.000000 1.000000 1.000000 1.000000 1.000000 1.000000 1.000000 1.000000 1.000000 1.000000 1.000000 1.000000 1.000000 1.000000 1.000000 1.000000 1.000000 1.000000 1.000000 1.000000 1.000000 1.000000 1.000000 1.000000 1.000000 1.000000 1.000000 1.000000 1.000000 1.000000 1.000000 1.000000 1.000000 1.000000 1.000000 1.000000 1.000000 1.000000 1.000000 1.000000 1.000000 1.000000 1.000000 1.000000 1.000000 1.000000 1.000000 1.000000 1.000000 1.000000 1.000000 1.000000 1.000000 1.000000 1.000000 1.000000 1.000000 1.000000 1.000000 1.000000 1.000000 1.000000 1.000000 1.000000 1.000000 1.000000 1.000000 1.000000 1.000000 1.000000 1.000000 1.000000 1.000000 1.000000 1.000000 1.000000 1.000000 1.000000 1.000000 1.000000 1.000000 1.000000 1.000000 1.000000 1.000000 1.000000 1.000000 1.000000 1.000000 1.000000 1.000000 1.000000 1.000000 1.000000 1.000000 1.000000 1.000000 1.000000 1.000000 1.000000 1.000000 1.000000 1.000000 1.000000 1.000000 1.000000 1.000000 1.000000 1.000000 1.000000 1.000000 1.000000 1.000000 1.000000 1.000000 1.000000 1.000000 1.000000 1.000000 1.000000 0.305882 0.000000 1.000000 0.305882 0.000000 1.000000 1.000000 1.000000 1.000000 1.000000 1.000000 1.000000 1.000000 1.000000 1.000000 1.000000 1.000000 
						1.000000 1.000000 1.000000 1.000000 1.000000 1.000000 1.000000 1.000000 1.000000 1.000000 1.000000 1.000000 1.000000 1.000000 1.000000 1.000000 1.000000 1.000000 1.000000 1.000000 1.000000 1.000000 1.000000 1.000000 1.000000 1.000000 1.000000 1.000000 1.000000 1.000000 1.000000 1.000000 1.000000 1.000000 1.000000 1.000000 1.000000 1.000000 1.000000 1.000000 1.000000 1.000000 1.000000 0.305882 0.000000 1.000000 0.305882 0.000000 1.000000 0.305882 0.000000 1.000000 0.305882 0.000000 1.000000 1.000000 1.000000 1.000000 1.000000 1.000000 1.000000 1.000000 1.000000 1.000000 1.000000 1.000000 1.000000 1.000000 1.000000 1.000000 1.000000 1.000000 1.000000 1.000000 1.000000 1.000000 1.000000 1.000000 1.000000 1.000000 1.000000 1.000000 1.000000 1.000000 1.000000 1.000000 1.000000 1.000000 1.000000 1.000000 1.000000 1.000000 1.000000 1.000000 1.000000 1.000000 1.000000 1.000000 1.000000 1.000000 1.000000 1.000000 1.000000 1.000000 1.000000 1.000000 1.000000 1.000000 1.000000 1.000000 1.000000 1.000000 1.000000 1.000000 1.000000 1.000000 1.000000 1.000000 1.000000 1.000000 1.000000 1.000000 1.000000 1.000000 1.000000 1.000000 1.000000 0.305882 0.000000 1.000000 0.305882 0.000000 1.000000 1.000000 1.000000 1.000000 1.000000 1.000000 1.000000 1.000000 1.000000 1.000000 1.000000 1.000000 1.000000 1.000000 1.000000 1.000000 1.000000 1.000000 1.000000 1.000000 1.000000 1.000000 1.000000 1.000000 1.000000 1.000000 1.000000 1.000000 1.000000 1.000000 1.000000 1.000000 1.000000 1.000000 1.000000 1.000000 1.000000 1.000000 1.000000 1.000000 1.000000 1.000000 1.000000 1.000000 1.000000 1.000000 1.000000 1.000000 1.000000 1.000000 1.000000 1.000000 1.000000 1.000000 1.000000 1.000000 1.000000 1.000000 1.000000 1.000000 
						1.000000 0.847059 0.000000 1.000000 0.847059 0.000000 1.000000 0.305882 0.000000 1.000000 0.305882 0.000000 1.000000 0.305882 0.000000 1.000000 0.305882 0.000000 1.000000 1.000000 1.000000 1.000000 1.000000 1.000000 1.000000 1.000000 1.000000 1.000000 1.000000 1.000000 1.000000 1.000000 1.000000 1.000000 1.000000 1.000000 1.000000 1.000000 1.000000 1.000000 1.000000 1.000000 1.000000 1.000000 1.000000 1.000000 1.000000 1.000000 1.000000 1.000000 1.000000 1.000000 1.000000 1.000000 1.000000 1.000000 1.000000 1.000000 1.000000 1.000000 1.000000 1.000000 1.000000 1.000000 1.000000 1.000000 1.000000 1.000000 1.000000 1.000000 1.000000 1.000000 1.000000 1.000000 1.000000 1.000000 1.000000 1.000000 1.000000 1.000000 1.000000 1.000000 1.000000 1.000000 1.000000 1.000000 1.000000 1.000000 1.000000 1.000000 1.000000 1.000000 1.000000 1.000000 1.000000 1.000000 1.000000 1.000000 1.000000 1.000000 1.000000 1.000000 1.000000 0.305882 0.000000 1.000000 0.305882 0.000000 1.000000 1.000000 1.000000 1.000000 1.000000 1.000000 1.000000 1.000000 1.000000 1.000000 1.000000 1.000000 1.000000 1.000000 1.000000 1.000000 1.000000 1.000000 1.000000 1.000000 1.000000 1.000000 1.000000 1.000000 1.000000 1.000000 1.000000 1.000000 1.000000 1.000000 1.000000 1.000000 1.000000 1.000000 1.000000 1.000000 1.000000 1.000000 1.000000 1.000000 1.000000 1.000000 1.000000 1.000000 1.000000 1.000000 1.000000 1.000000 1.000000 1.000000 1.000000 1.000000 1.000000 1.000000 1.000000 1.000000 1.000000 1.000000 1.000000 1.000000 1.000000 1.000000 1.000000 1.000000 1.000000 1.000000 1.000000 1.000000 1.000000 1.000000 1.000000 1.000000 1.000000 1.000000 1.000000 1.000000 1.000000 1.000000 1.000000 1.000000 1.000000 1.000000 1.000000 1.000000 
						1.000000 1.000000 1.000000 1.000000 1.000000 1.000000 1.000000 1.000000 1.000000 1.000000 1.000000 1.000000 1.000000 1.000000 1.000000 1.000000 1.000000 1.000000 1.000000 1.000000 1.000000 1.000000 1.000000 1.000000 1.000000 1.000000 1.000000 1.000000 1.000000 1.000000 1.000000 1.000000 1.000000 1.000000 1.000000 1.000000 1.000000 1.000000 1.000000 1.000000 1.000000 1.000000 1.000000 1.000000 1.000000 1.000000 1.000000 1.000000 1.000000 1.000000 1.000000 1.000000 1.000000 1.000000 1.000000 1.000000 1.000000 1.000000 1.000000 1.000000 1.000000 1.000000 1.000000 1.000000 1.000000 1.000000 1.000000 1.000000 1.000000 1.000000 1.000000 1.000000 1.000000 1.000000 1.000000 1.000000 1.000000 1.000000 1.000000 1.000000 1.000000 1.000000 1.000000 1.000000 1.000000 1.000000 1.000000 1.000000 1.000000 1.000000 1.000000 1.000000 1.000000 1.000000 1.000000 1.000000 1.000000 1.000000 1.000000 1.000000 1.000000 1.000000 1.000000 1.000000 1.000000 1.000000 1.000000 1.000000 1.000000 1.000000 1.000000 1.000000 1.000000 1.000000 1.000000 1.000000 1.000000 1.000000 1.000000 1.000000 1.000000 1.000000 1.000000 1.000000 1.000000 1.000000 1.000000 0.305882 0.000000 1.000000 0.305882 0.000000 1.000000 0.305882 0.000000 1.000000 0.305882 0.000000 1.000000 0.305882 0.000000 1.000000 0.305882 0.000000 1.000000 1.000000 1.000000 1.000000 1.000000 1.000000 1.000000 1.000000 1.000000 1.000000 1.000000 1.000000 1.000000 1.000000 1.000000 1.000000 0.305882 0.000000 1.000000 0.305882 0.000000 1.000000 0.305882 0.000000 1.000000 1.000000 1.000000 1.000000 1.000000 1.000000 1.000000 1.000000 1.000000 1.000000 1.000000 1.000000 1.000000 1.000000 1.000000 1.000000 0.305882 0.000000 1.000000 0.305882 0.000000 1.000000 0.305882 0.000000 
						1.000000 1.000000 1.000000 1.000000 1.000000 1.000000 1.000000 1.000000 1.000000 1.000000 1.000000 1.000000 1.000000 1.000000 1.000000 1.000000 0.305882 0.000000 1.000000 0.305882 0.000000 1.000000 0.305882 0.000000 1.000000 1.000000 1.000000 1.000000 1.000000 1.000000 1.000000 1.000000 1.000000 1.000000 1.000000 1.000000 1.000000 1.000000 1.000000 1.000000 0.305882 0.000000 1.000000 0.305882 0.000000 1.000000 0.305882 0.000000 1.000000 1.000000 1.000000 1.000000 1.000000 1.000000 1.000000 1.000000 1.000000 1.000000 1.000000 1.000000 1.000000 1.000000 1.000000 1.000000 0.305882 0.000000 1.000000 0.305882 0.000000 1.000000 0.305882 0.000000 1.000000 1.000000 1.000000 1.000000 1.000000 1.000000 1.000000 1.000000 1.000000 1.000000 1.000000 1.000000 1.000000 1.000000 1.000000 1.000000 0.305882 0.000000 1.000000 0.305882 0.000000 1.000000 0.305882 0.000000 1.000000 1.000000 1.000000 1.000000 1.000000 1.000000 1.000000 1.000000 1.000000 1.000000 1.000000 1.000000 1.000000 1.000000 1.000000 1.000000 1.000000 1.000000 1.000000 1.000000 1.000000 1.000000 1.000000 1.000000 1.000000 1.000000 1.000000 1.000000 1.000000 1.000000 1.000000 0.305882 0.000000 1.000000 0.305882 0.000000 1.000000 0.305882 0.000000 1.000000 0.305882 0.000000 1.000000 0.305882 0.000000 1.000000 0.305882 0.000000 1.000000 1.000000 1.000000 1.000000 1.000000 1.000000 1.000000 1.000000 1.000000 1.000000 1.000000 1.000000 1.000000 1.000000 1.000000 1.000000 0.305882 0.000000 1.000000 0.305882 0.000000 1.000000 0.305882 0.000000 1.000000 1.000000 1.000000 1.000000 1.000000 1.000000 1.000000 1.000000 1.000000 1.000000 1.000000 1.000000 1.000000 1.000000 1.000000 1.000000 1.000000 1.000000 1.000000 1.000000 1.000000 1.000000 1.000000 1.000000 
						1.000000 1.000000 1.000000 1.000000 1.000000 1.000000 1.000000 1.000000 1.000000 1.000000 1.000000 1.000000 1.000000 1.000000 1.000000 1.000000 1.000000 1.000000 1.000000 1.000000 1.000000 1.000000 1.000000 1.000000 1.000000 1.000000 1.000000 1.000000 1.000000 1.000000 1.000000 1.000000 1.000000 1.000000 1.000000 1.000000 1.000000 1.000000 1.000000 1.000000 1.000000 1.000000 1.000000 1.000000 1.000000 1.000000 1.000000 1.000000 1.000000 1.000000 1.000000 1.000000 1.000000 1.000000 1.000000 1.000000 1.000000 1.000000 1.000000 1.000000 1.000000 1.000000 1.000000 1.000000 1.000000 1.000000 1.000000 1.000000 1.000000 1.000000 1.000000 1.000000 1.000000 1.000000 1.000000 1.000000 1.000000 1.000000 1.000000 1.000000 1.000000 1.000000 1.000000 1.000000 1.000000 1.000000 1.000000 1.000000 1.000000 1.000000 1.000000 1.000000 1.000000 1.000000 1.000000 1.000000 1.000000 1.000000 1.000000 1.000000 1.000000 1.000000 1.000000 1.000000 1.000000 1.000000 1.000000 1.000000 1.000000 1.000000 1.000000 1.000000 1.000000 1.000000 1.000000 1.000000 1.000000 1.000000 1.000000 1.000000 1.000000 1.000000 1.000000 1.000000 1.000000 1.000000 1.000000 1.000000 1.000000 1.000000 1.000000 1.000000 1.000000 1.000000 1.000000 1.000000 1.000000 1.000000 1.000000 1.000000 1.000000 1.000000 1.000000 1.000000 1.000000 1.000000 1.000000 1.000000 1.000000 1.000000 1.000000 1.000000 1.000000 1.000000 1.000000 1.000000 1.000000 1.000000 1.000000 1.000000 1.000000 1.000000 1.000000 1.000000 1.000000 1.000000 1.000000 1.000000 1.000000 1.000000 1.000000 1.000000 1.000000 1.000000 1.000000 1.000000 1.000000 1.000000 1.000000 1.000000 1.000000 1.000000 1.000000 1.000000 1.000000 1.000000 1.000000 1.000000 1.000000 1.000000 1.000000 1.000000 
						1.000000 1.000000 1.000000 1.000000 1.000000 1.000000 1.000000 1.000000 1.000000 1.000000 1.000000 1.000000 1.000000 1.000000 1.000000 1.000000 0.305882 0.000000 1.000000 0.305882 0.000000 1.000000 0.305882 0.000000 1.000000 0.305882 0.000000 1.000000 0.305882 0.000000 1.000000 0.305882 0.000000 1.000000 1.000000 1.000000 1.000000 1.000000 1.000000 1.000000 1.000000 1.000000 1.000000 1.000000 1.000000 1.000000 1.000000 1.000000 1.000000 1.000000 1.000000 1.000000 1.000000 1.000000 1.000000 1.000000 1.000000 1.000000 1.000000 1.000000 1.000000 1.000000 1.000000 1.000000 0.305882 0.000000 1.000000 0.305882 0.000000 1.000000 0.305882 0.000000 1.000000 1.000000 1.000000 1.000000 1.000000 1.000000 1.000000 1.000000 1.000000 1.000000 1.000000 1.000000 1.000000 1.000000 1.000000 1.000000 0.305882 0.000000 1.000000 0.305882 0.000000 1.000000 0.305882 0.000000 1.000000 1.000000 1.000000 1.000000 1.000000 1.000000 1.000000 1.000000 1.000000 1.000000 1.000000 1.000000 1.000000 1.000000 1.000000 1.000000 0.305882 0.000000 1.000000 0.305882 0.000000 1.000000 0.305882 0.000000 1.000000 1.000000 1.000000 1.000000 1.000000 1.000000 1.000000 1.000000 1.000000 1.000000 1.000000 1.000000 1.000000 1.000000 1.000000 1.000000 0.305882 0.000000 1.000000 0.305882 0.000000 1.000000 0.305882 0.000000 1.000000 1.000000 1.000000 1.000000 1.000000 1.000000 1.000000 1.000000 1.000000 1.000000 1.000000 1.000000 1.000000 1.000000 1.000000 1.000000 0.305882 0.000000 1.000000 0.305882 0.000000 1.000000 0.305882 0.000000 1.000000 1.000000 1.000000 1.000000 1.000000 1.000000 1.000000 1.000000 1.000000 1.000000 1.000000 1.000000 1.000000 1.000000 1.000000 1.000000 0.305882 0.000000 1.000000 0.305882 0.000000 1.000000 0.305882 0.000000 
						1.000000 1.000000 1.000000 1.000000 1.000000 1.000000 1.000000 1.000000 1.000000 1.000000 1.000000 1.000000 1.000000 1.000000 1.000000 1.000000 0.305882 0.000000 1.000000 0.305882 0.000000 1.000000 0.305882 0.000000 1.000000 0.305882 0.000000 1.000000 0.305882 0.000000 1.000000 0.305882 0.000000 1.000000 1.000000 1.000000 1.000000 1.000000 1.000000 1.000000 1.000000 1.000000 1.000000 1.000000 1.000000 1.000000 1.000000 1.000000 1.000000 1.000000 1.000000 1.000000 1.000000 1.000000 1.000000 1.000000 1.000000 1.000000 1.000000 1.000000 1.000000 1.000000 1.000000 1.000000 0.305882 0.000000 1.000000 0.305882 0.000000 1.000000 0.305882 0.000000 1.000000 1.000000 1.000000 1.000000 1.000000 1.000000 1.000000 1.000000 1.000000 1.000000 1.000000 1.000000 1.000000 1.000000 1.000000 1.000000 1.000000 1.000000 1.000000 1.000000 1.000000 1.000000 1.000000 1.000000 1.000000 1.000000 1.000000 1.000000 1.000000 1.000000 1.000000 1.000000 1.000000 1.000000 1.000000 1.000000 1.000000 1.000000 1.000000 1.000000 1.000000 1.000000 1.000000 1.000000 1.000000 1.000000 1.000000 1.000000 1.000000 1.000000 1.000000 1.000000 1.000000 1.000000 1.000000 1.000000 1.000000 1.000000 1.000000 1.000000 1.000000 1.000000 1.000000 1.000000 1.000000 1.000000 1.000000 1.000000 1.000000 1.000000 1.000000 1.000000 1.000000 1.000000 1.000000 1.000000 1.000000 1.000000 1.000000 1.000000 1.000000 1.000000 1.000000 1.000000 1.000000 1.000000 1.000000 1.000000 1.000000 1.000000 1.000000 1.000000 1.000000 1.000000 1.000000 1.000000 1.000000 1.000000 1.000000 1.000000 1.000000 1.000000 1.000000 1.000000 1.000000 1.000000 1.000000 1.000000 1.000000 1.000000 1.000000 1.000000 1.000000 1.000000 1.000000 1.000000 1.000000 1.000000 1.000000 1.000000 
						1.000000 1.000000 1.000000 1.000000 1.000000 1.000000 1.000000 1.000000 1.000000 1.000000 1.000000 1.000000 1.000000 1.000000 1.000000 1.000000 1.000000 1.000000 1.000000 1.000000 1.000000 1.000000 1.000000 1.000000 1.000000 1.000000 1.000000 1.000000 1.000000 1.000000 1.000000 1.000000 1.000000 1.000000 1.000000 1.000000 1.000000 1.000000 1.000000 1.000000 1.000000 1.000000 1.000000 1.000000 1.000000 1.000000 1.000000 1.000000 1.000000 1.000000 1.000000 1.000000 1.000000 1.000000 1.000000 1.000000 1.000000 1.000000 1.000000 1.000000 1.000000 1.000000 1.000000 1.000000 1.000000 1.000000 1.000000 1.000000 1.000000 1.000000 1.000000 1.000000 1.000000 1.000000 1.000000 1.000000 1.000000 1.000000 1.000000 1.000000 1.000000 1.000000 1.000000 1.000000 1.000000 1.000000 1.000000 1.000000 1.000000 1.000000 1.000000 1.000000 1.000000 1.000000 1.000000 1.000000 1.000000 1.000000 1.000000 1.000000 1.000000 1.000000 1.000000 1.000000 1.000000 1.000000 1.000000 1.000000 1.000000 1.000000 1.000000 1.000000 1.000000 1.000000 1.000000 1.000000 1.000000 1.000000 1.000000 1.000000 1.000000 1.000000 1.000000 1.000000 1.000000 1.000000 1.000000 1.000000 1.000000 1.000000 1.000000 1.000000 1.000000 1.000000 1.000000 1.000000 1.000000 1.000000 1.000000 1.000000 1.000000 1.000000 1.000000 1.000000 1.000000 1.000000 1.000000 1.000000 1.000000 1.000000 1.000000 1.000000 1.000000 1.000000 1.000000 1.000000 1.000000 1.000000 1.000000 1.000000 1.000000 1.000000 1.000000 1.000000 1.000000 1.000000 1.000000 1.000000 1.000000 1.000000 1.000000 1.000000 1.000000 1.000000 1.000000 1.000000 1.000000 1.000000 1.000000 1.000000 1.000000 1.000000 1.000000 1.000000 1.000000 1.000000 1.000000 1.000000 1.000000 1.000000 1.000000 1.000000 
						1.000000 1.000000 1.000000 1.000000 1.000000 1.000000 1.000000 1.000000 1.000000 1.000000 1.000000 1.000000 1.000000 1.000000 1.000000 1.000000 1.000000 1.000000 1.000000 1.000000 1.000000 1.000000 1.000000 1.000000 1.000000 1.000000 1.000000 1.000000 1.000000 1.000000 1.000000 1.000000 1.000000 1.000000 1.000000 1.000000 1.000000 1.000000 1.000000 1.000000 1.000000 1.000000 1.000000 1.000000 1.000000 1.000000 1.000000 1.000000 1.000000 1.000000 1.000000 1.000000 1.000000 1.000000 1.000000 1.000000 1.000000 1.000000 1.000000 1.000000 1.000000 1.000000 1.000000 1.000000 1.000000 1.000000 1.000000 1.000000 1.000000 1.000000 1.000000 1.000000 1.000000 1.000000 1.000000 1.000000 1.000000 1.000000 1.000000 1.000000 1.000000 1.000000 1.000000 1.000000 1.000000 1.000000 1.000000 1.000000 1.000000 1.000000 1.000000 1.000000 1.000000 1.000000 1.000000 1.000000 1.000000 1.000000 1.000000 1.000000 1.000000 1.000000 1.000000 1.000000 1.000000 1.000000 1.000000 1.000000 1.000000 1.000000 1.000000 1.000000 1.000000 1.000000 1.000000 1.000000 1.000000 1.000000 1.000000 1.000000 1.000000 1.000000 1.000000 1.000000 1.000000 1.000000 1.000000 1.000000 1.000000 1.000000 1.000000 1.000000 1.000000 1.000000 1.000000 1.000000 1.000000 1.000000 1.000000 1.000000 1.000000 1.000000 1.000000 1.000000 1.000000 1.000000 1.000000 1.000000 1.000000 1.000000 1.000000 1.000000 1.000000 1.000000 1.000000 1.000000 1.000000 1.000000 1.000000 1.000000 1.000000 1.000000 1.000000 1.000000 1.000000 1.000000 1.000000 1.000000 1.000000 1.000000 1.000000 1.000000 1.000000 1.000000 1.000000 1.000000 1.000000 1.000000 1.000000 1.000000 1.000000 1.000000 1.000000 1.000000 1.000000 1.000000 1.000000 1.000000 1.000000 1.000000 1.000000 1.000000 
						1.000000 1.000000 1.000000 1.000000 1.000000 1.000000 1.000000 1.000000 1.000000 1.000000 1.000000 1.000000 1.000000 1.000000 1.000000 1.000000 1.000000 1.000000 1.000000 1.000000 1.000000 1.000000 1.000000 1.000000 1.000000 1.000000 1.000000 1.000000 1.000000 1.000000 1.000000 1.000000 1.000000 1.000000 1.000000 1.000000 1.000000 1.000000 1.000000 1.000000 1.000000 1.000000 1.000000 1.000000 1.000000 1.000000 1.000000 1.000000 1.000000 1.000000 1.000000 1.000000 1.000000 1.000000 1.000000 1.000000 1.000000 1.000000 1.000000 1.000000 1.000000 1.000000 1.000000 1.000000 1.000000 1.000000 1.000000 1.000000 1.000000 1.000000 1.000000 1.000000 1.000000 1.000000 1.000000 1.000000 1.000000 1.000000 1.000000 1.000000 1.000000 1.000000 1.000000 1.000000 1.000000 1.000000 1.000000 1.000000 1.000000 1.000000 1.000000 1.000000 1.000000 1.000000 1.000000 1.000000 1.000000 1.000000 1.000000 1.000000 1.000000 1.000000 1.000000 1.000000 1.000000 1.000000 1.000000 1.000000 1.000000 1.000000 1.000000 1.000000 1.000000 1.000000 1.000000 1.000000 1.000000 1.000000 1.000000 1.000000 1.000000 1.000000 1.000000 1.000000 1.000000 1.000000 1.000000 1.000000 1.000000 1.000000 1.000000 1.000000 1.000000 1.000000 1.000000 1.000000 1.000000 1.000000 1.000000 1.000000 1.000000 1.000000 1.000000 1.000000 1.000000 1.000000 1.000000 1.000000 1.000000 1.000000 1.000000 1.000000 1.000000 1.000000 1.000000 1.000000 1.000000 1.000000 1.000000 1.000000 1.000000 1.000000 1.000000 1.000000 1.000000 1.000000 1.000000 1.000000 1.000000 1.000000 1.000000 1.000000 1.000000 1.000000 1.000000 1.000000 1.000000 1.000000 1.000000 1.000000 1.000000 1.000000 1.000000 1.000000 1.000000 1.000000 1.000000 1.000000 1.000000 1.000000 1.000000 1.000000 
						1.000000 1.000000 1.000000 1.000000 1.000000 1.000000 1.000000 1.000000 1.000000 1.000000 1.000000 1.000000 1.000000 1.000000 1.000000 1.000000 1.000000 1.000000 1.000000 1.000000 1.000000 1.000000 1.000000 1.000000 1.000000 1.000000 1.000000 1.000000 1.000000 1.000000 1.000000 1.000000 1.000000 1.000000 1.000000 1.000000 1.000000 1.000000 1.000000 1.000000 1.000000 1.000000 1.000000 1.000000 1.000000 1.000000 1.000000 1.000000 1.000000 1.000000 1.000000 1.000000 1.000000 1.000000 1.000000 1.000000 1.000000 1.000000 1.000000 1.000000 1.000000 1.000000 1.000000 1.000000 1.000000 1.000000 1.000000 1.000000 1.000000 1.000000 1.000000 1.000000 1.000000 1.000000 1.000000 1.000000 1.000000 1.000000 1.000000 1.000000 1.000000 1.000000 1.000000 1.000000 1.000000 1.000000 1.000000 1.000000 1.000000 1.000000 1.000000 1.000000 1.000000 1.000000 1.000000 1.000000 1.000000 1.000000 1.000000 1.000000 1.000000 1.000000 1.000000 1.000000 1.000000 1.000000 1.000000 1.000000 1.000000 1.000000 1.000000 1.000000 1.000000 1.000000 1.000000 1.000000 1.000000 1.000000 1.000000 1.000000 1.000000 1.000000 1.000000 1.000000 1.000000 1.000000 1.000000 1.000000 1.000000 1.000000 1.000000 1.000000 1.000000 1.000000 1.000000 1.000000 1.000000 1.000000 1.000000 1.000000 1.000000 1.000000 1.000000 1.000000 1.000000 1.000000 1.000000 1.000000 1.000000 1.000000 1.000000 1.000000 1.000000 1.000000 1.000000 1.000000 1.000000 1.000000 1.000000 1.000000 1.000000 1.000000 1.000000 1.000000 1.000000 1.000000 1.000000 1.000000 1.000000 1.000000 1.000000 1.000000 1.000000 1.000000 1.000000 1.000000 1.000000 1.000000 1.000000 1.000000 1.000000 1.000000 1.000000 1.000000 1.000000 1.000000 1.000000 1.000000 1.000000 1.000000 1.000000 1.000000 
						1.000000 1.000000 1.000000 1.000000 1.000000 1.000000 1.000000 1.000000 1.000000 1.000000 1.000000 1.000000 1.000000 1.000000 1.000000 1.000000 1.000000 1.000000 1.000000 1.000000 1.000000 1.000000 1.000000 1.000000 1.000000 1.000000 1.000000 1.000000 1.000000 1.000000 1.000000 1.000000 1.000000 1.000000 1.000000 1.000000 1.000000 1.000000 1.000000 1.000000 1.000000 1.000000 1.000000 1.000000 1.000000 1.000000 1.000000 1.000000 1.000000 1.000000 1.000000 1.000000 1.000000 1.000000 1.000000 1.000000 1.000000 1.000000 1.000000 1.000000 1.000000 1.000000 1.000000 1.000000 1.000000 1.000000 1.000000 1.000000 1.000000 1.000000 1.000000 1.000000 1.000000 1.000000 1.000000 1.000000 1.000000 1.000000 1.000000 1.000000 1.000000 1.000000 1.000000 1.000000 1.000000 1.000000 1.000000 1.000000 1.000000 1.000000 1.000000 1.000000 1.000000 1.000000 1.000000 1.000000 1.000000 1.000000 1.000000 1.000000 1.000000 1.000000 1.000000 1.000000 1.000000 1.000000 1.000000 1.000000 1.000000 1.000000 1.000000 1.000000 1.000000 1.000000 1.000000 1.000000 1.000000 1.000000 1.000000 1.000000 1.000000 1.000000 1.000000 1.000000 1.000000 1.000000 1.000000 1.000000 1.000000 1.000000 1.000000 1.000000 1.000000 1.000000 1.000000 1.000000 1.000000 1.000000 1.000000 1.000000 1.000000 1.000000 1.000000 1.000000 1.000000 1.000000 1.000000 1.000000 1.000000 1.000000 1.000000 1.000000 1.000000 1.000000 1.000000 1.000000 1.000000 1.000000 1.000000 1.000000 1.000000 1.000000 1.000000 1.000000 1.000000 1.000000 1.000000 1.000000 1.000000 1.000000 1.000000 1.000000 1.000000 1.000000 1.000000 1.000000 1.000000 1.000000 1.000000 1.000000 1.000000 1.000000 1.000000 1.000000 1.000000 1.000000 1.000000 1.000000 1.000000 1.000000 1.000000 1.000000 
						1.000000 1.000000 1.000000 1.000000 1.000000 1.000000 1.000000 1.000000 1.000000 1.000000 1.000000 1.000000 1.000000 1.000000 1.000000 1.000000 1.000000 1.000000 1.000000 1.000000 1.000000 1.000000 1.000000 1.000000 1.000000 1.000000 1.000000 1.000000 1.000000 1.000000 1.000000 1.000000 1.000000 1.000000 1.000000 1.000000 1.000000 1.000000 1.000000 1.000000 1.000000 1.000000 1.000000 1.000000 1.000000 1.000000 1.000000 1.000000 1.000000 1.000000 1.000000 1.000000 1.000000 1.000000 1.000000 1.000000 1.000000 1.000000 1.000000 1.000000 1.000000 1.000000 1.000000 1.000000 1.000000 1.000000 1.000000 1.000000 1.000000 1.000000 1.000000 1.000000 1.000000 1.000000 1.000000 1.000000 1.000000 1.000000 1.000000 1.000000 1.000000 1.000000 1.000000 1.000000 1.000000 1.000000 1.000000 1.000000 1.000000 1.000000 1.000000 1.000000 1.000000 1.000000 1.000000 1.000000 1.000000 1.000000 1.000000 1.000000 1.000000 1.000000 1.000000 1.000000 1.000000 1.000000 1.000000 1.000000 1.000000 1.000000 1.000000 1.000000 1.000000 1.000000 1.000000 1.000000 1.000000 1.000000 1.000000 1.000000 1.000000 1.000000 1.000000 1.000000 1.000000 1.000000 1.000000 1.000000 1.000000 1.000000 1.000000 1.000000 1.000000 1.000000 1.000000 1.000000 1.000000 1.000000 1.000000 1.000000 1.000000 1.000000 1.000000 1.000000 1.000000 1.000000 1.000000 1.000000 1.000000 1.000000 1.000000 1.000000 1.000000 1.000000 1.000000 1.000000 1.000000 1.000000 1.000000 1.000000 1.000000 1.000000 1.000000 1.000000 1.000000 1.000000 1.000000 1.000000 1.000000 1.000000 1.000000 1.000000 1.000000 1.000000 1.000000 1.000000 1.000000 1.000000 1.000000 1.000000 1.000000 1.000000 1.000000 1.000000 1.000000 1.000000 1.000000 1.000000 1.000000 1.000000 1.000000 1.000000 
						1.000000 1.000000 1.000000 1.000000 1.000000 1.000000 1.000000 1.000000 1.000000 1.000000 1.000000 1.000000 1.000000 1.000000 1.000000 1.000000 1.000000 1.000000 1.000000 1.000000 1.000000 1.000000 1.000000 1.000000 1.000000 1.000000 1.000000 1.000000 1.000000 1.000000 1.000000 1.000000 1.000000 1.000000 1.000000 1.000000 1.000000 1.000000 1.000000 1.000000 1.000000 1.000000 1.000000 1.000000 1.000000 1.000000 1.000000 1.000000 1.000000 1.000000 1.000000 1.000000 1.000000 1.000000 1.000000 1.000000 1.000000 1.000000 1.000000 1.000000 1.000000 1.000000 1.000000 1.000000 1.000000 1.000000 1.000000 1.000000 1.000000 1.000000 1.000000 1.000000 1.000000 1.000000 1.000000 1.000000 1.000000 1.000000 1.000000 1.000000 1.000000 1.000000 1.000000 1.000000 1.000000 1.000000 1.000000 1.000000 1.000000 1.000000 1.000000 1.000000 1.000000 1.000000 1.000000 1.000000 1.000000 1.000000 1.000000 1.000000 1.000000 1.000000 1.000000 1.000000 1.000000 1.000000 1.000000 1.000000 1.000000 1.000000 1.000000 1.000000 1.000000 1.000000 1.000000 1.000000 1.000000 1.000000 1.000000 1.000000 1.000000 1.000000 1.000000 1.000000 1.000000 1.000000 1.000000 1.000000 1.000000 1.000000 1.000000 1.000000 1.000000 1.000000 1.000000 1.000000 1.000000 1.000000 1.000000 1.000000 1.000000 1.000000 1.000000 1.000000 1.000000 1.000000 1.000000 1.000000 1.000000 1.000000 1.000000 1.000000 1.000000 1.000000 1.000000 1.000000 1.000000 1.000000 1.000000 1.000000 1.000000 1.000000 1.000000 1.000000 1.000000 1.000000 1.000000 1.000000 1.000000 1.000000 1.000000 1.000000 1.000000 1.000000 1.000000 1.000000 1.000000 1.000000 1.000000 1.000000 1.000000 1.000000 1.000000 1.000000 1.000000 1.000000 1.000000 1.000000 1.000000 1.000000 1.000000 1.000000 
						1.000000 1.000000 1.000000 1.000000 1.000000 1.000000 1.000000 1.000000 1.000000 1.000000 1.000000 1.000000 1.000000 1.000000 1.000000 1.000000 1.000000 1.000000 1.000000 1.000000 1.000000 1.000000 1.000000 1.000000 1.000000 1.000000 1.000000 1.000000 1.000000 1.000000 1.000000 1.000000 1.000000 1.000000 1.000000 1.000000 1.000000 1.000000 1.000000 1.000000 1.000000 1.000000 1.000000 1.000000 1.000000 1.000000 1.000000 1.000000 1.000000 1.000000 1.000000 1.000000 1.000000 1.000000 1.000000 1.000000 1.000000 1.000000 1.000000 1.000000 1.000000 1.000000 1.000000 1.000000 1.000000 1.000000 1.000000 1.000000 1.000000 1.000000 1.000000 1.000000 1.000000 1.000000 1.000000 1.000000 1.000000 1.000000 1.000000 1.000000 1.000000 1.000000 1.000000 1.000000 1.000000 1.000000 1.000000 1.000000 1.000000 1.000000 1.000000 1.000000 1.000000 1.000000 1.000000 1.000000 1.000000 1.000000 1.000000 1.000000 1.000000 1.000000 1.000000 1.000000 1.000000 1.000000 1.000000 1.000000 1.000000 1.000000 1.000000 1.000000 1.000000 1.000000 1.000000 1.000000 1.000000 1.000000 1.000000 1.000000 1.000000 1.000000 1.000000 1.000000 1.000000 1.000000 1.000000 1.000000 1.000000 1.000000 1.000000 1.000000 1.000000 1.000000 1.000000 1.000000 1.000000 1.000000 1.000000 1.000000 1.000000 1.000000 1.000000 1.000000 1.000000 1.000000 1.000000 1.000000 1.000000 1.000000 1.000000 1.000000 1.000000 1.000000 1.000000 1.000000 1.000000 1.000000 1.000000 1.000000 1.000000 1.000000 1.000000 1.000000 1.000000 1.000000 1.000000 1.000000 1.000000 1.000000 1.000000 1.000000 1.000000 1.000000 1.000000 1.000000 1.000000 1.000000 1.000000 1.000000 1.000000 1.000000 1.000000 1.000000 1.000000 1.000000 1.000000 1.000000 1.000000 1.000000 1.000000 1.000000 
						1.000000 1.000000 1.000000 1.000000 1.000000 1.000000 1.000000 1.000000 1.000000 1.000000 1.000000 1.000000 1.000000 1.000000 1.000000 1.000000 1.000000 1.000000 1.000000 1.000000 1.000000 1.000000 1.000000 1.000000 1.000000 1.000000 1.000000 1.000000 1.000000 1.000000 1.000000 1.000000 1.000000 1.000000 1.000000 1.000000 1.000000 1.000000 1.000000 1.000000 1.000000 1.000000 1.000000 1.000000 1.000000 1.000000 1.000000 1.000000 1.000000 1.000000 1.000000 1.000000 1.000000 1.000000 1.000000 1.000000 1.000000 1.000000 1.000000 1.000000 1.000000 1.000000 1.000000 1.000000 1.000000 1.000000 1.000000 1.000000 1.000000 1.000000 1.000000 1.000000 1.000000 1.000000 1.000000 1.000000 1.000000 1.000000 1.000000 1.000000 1.000000 1.000000 1.000000 1.000000 1.000000 1.000000 1.000000 1.000000 1.000000 1.000000 1.000000 1.000000 1.000000 1.000000 1.000000 1.000000 1.000000 1.000000 1.000000 1.000000 1.000000 1.000000 1.000000 1.000000 1.000000 1.000000 1.000000 1.000000 1.000000 1.000000 1.000000 1.000000 1.000000 1.000000 1.000000 1.000000 1.000000 1.000000 1.000000 1.000000 1.000000 1.000000 1.000000 1.000000 1.000000 1.000000 1.000000 1.000000 1.000000 1.000000 1.000000 1.000000 1.000000 1.000000 1.000000 1.000000 1.000000 1.000000 1.000000 1.000000 1.000000 1.000000 1.000000 1.000000 1.000000 1.000000 1.000000 1.000000 1.000000 1.000000 1.000000 1.000000 1.000000 1.000000 1.000000 1.000000 1.000000 1.000000 1.000000 1.000000 1.000000 1.000000 1.000000 1.000000 1.000000 1.000000 1.000000 1.000000 1.000000 1.000000 1.000000 1.000000 1.000000 1.000000 1.000000 1.000000 1.000000 1.000000 1.000000 1.000000 1.000000 1.000000 1.000000 1.000000 1.000000 1.000000 1.000000 1.000000 1.000000 1.000000 1.000000 1.000000 
						1.000000 1.000000 1.000000 1.000000 1.000000 1.000000 1.000000 1.000000 1.000000 1.000000 1.000000 1.000000 1.000000 1.000000 1.000000 1.000000 1.000000 1.000000 1.000000 1.000000 1.000000 1.000000 1.000000 1.000000 1.000000 1.000000 1.000000 1.000000 1.000000 1.000000 1.000000 1.000000 1.000000 1.000000 1.000000 1.000000 1.000000 1.000000 1.000000 1.000000 1.000000 1.000000 1.000000 1.000000 1.000000 1.000000 1.000000 1.000000 1.000000 1.000000 1.000000 1.000000 1.000000 1.000000 1.000000 1.000000 1.000000 1.000000 1.000000 1.000000 1.000000 1.000000 1.000000 1.000000 1.000000 1.000000 1.000000 1.000000 1.000000 1.000000 1.000000 1.000000 1.000000 1.000000 1.000000 1.000000 1.000000 1.000000 1.000000 1.000000 1.000000 1.000000 1.000000 1.000000 1.000000 1.000000 1.000000 1.000000 1.000000 1.000000 1.000000 1.000000 1.000000 1.000000 1.000000 1.000000 1.000000 1.000000 1.000000 1.000000 1.000000 1.000000 1.000000 1.000000 1.000000 1.000000 1.000000 1.000000 1.000000 1.000000 1.000000 1.000000 1.000000 1.000000 1.000000 1.000000 1.000000 1.000000 1.000000 1.000000 1.000000 1.000000 1.000000 1.000000 1.000000 1.000000 1.000000 1.000000 1.000000 1.000000 1.000000 1.000000 1.000000 1.000000 1.000000 1.000000 1.000000 1.000000 1.000000 1.000000 1.000000 1.000000 1.000000 1.000000 1.000000 1.000000 1.000000 1.000000 1.000000 1.000000 1.000000 1.000000 1.000000 1.000000 1.000000 1.000000 1.000000 1.000000 1.000000 1.000000 1.000000 1.000000 1.000000 1.000000 1.000000 1.000000 1.000000 1.000000 1.000000 1.000000 1.000000 1.000000 1.000000 1.000000 1.000000 1.000000 1.000000 1.000000 1.000000 1.000000 1.000000 1.000000 1.000000 1.000000 1.000000 1.000000 1.000000 1.000000 1.000000 1.000000 1.000000 1.000000 
						1.000000 1.000000 1.000000 1.000000 1.000000 1.000000 1.000000 1.000000 1.000000 1.000000 1.000000 1.000000 1.000000 1.000000 1.000000 1.000000 1.000000 1.000000 1.000000 1.000000 1.000000 1.000000 1.000000 1.000000 1.000000 1.000000 1.000000 1.000000 1.000000 1.000000 1.000000 1.000000 1.000000 1.000000 1.000000 1.000000 1.000000 1.000000 1.000000 1.000000 1.000000 1.000000 1.000000 1.000000 1.000000 1.000000 1.000000 1.000000 1.000000 1.000000 1.000000 1.000000 1.000000 1.000000 1.000000 1.000000 1.000000 1.000000 1.000000 1.000000 1.000000 1.000000 1.000000 1.000000 1.000000 1.000000 1.000000 1.000000 1.000000 1.000000 1.000000 1.000000 1.000000 1.000000 1.000000 1.000000 1.000000 1.000000 1.000000 1.000000 1.000000 1.000000 1.000000 1.000000 1.000000 1.000000 1.000000 1.000000 1.000000 1.000000 1.000000 1.000000 1.000000 1.000000 1.000000 1.000000 1.000000 1.000000 1.000000 1.000000 1.000000 1.000000 1.000000 1.000000 1.000000 1.000000 1.000000 1.000000 1.000000 1.000000 1.000000 1.000000 1.000000 1.000000 1.000000 1.000000 1.000000 1.000000 1.000000 1.000000 1.000000 1.000000 1.000000 1.000000 1.000000 1.000000 1.000000 1.000000 1.000000 1.000000 1.000000 1.000000 1.000000 1.000000 1.000000 1.000000 1.000000 1.000000 1.000000 1.000000 1.000000 1.000000 1.000000 1.000000 1.000000 1.000000 1.000000 1.000000 1.000000 1.000000 1.000000 1.000000 1.000000 1.000000 1.000000 1.000000 1.000000 1.000000 1.000000 1.000000 1.000000 1.000000 1.000000 1.000000 1.000000 1.000000 1.000000 1.000000 1.000000 1.000000 1.000000 1.000000 1.000000 1.000000 1.000000 1.000000 1.000000 1.000000 1.000000 1.000000 1.000000 1.000000 1.000000 1.000000 1.000000 1.000000 1.000000 1.000000 1.000000 1.000000 1.000000 1.000000 
						1.000000 1.000000 1.000000 1.000000 1.000000 1.000000 1.000000 1.000000 1.000000 1.000000 1.000000 1.000000 1.000000 1.000000 1.000000 
					</float_array>
					<technique_common>
						<accessor count="1285" offset="0" source="#meshId0-color0-array" stride="3">
							<param name="R" type="float" />
							<param name="G" type="float" />
							<param name="B" type="float" />
						</accessor>
					</technique_common>
				</source>
				<vertices id="meshId0-vertices">
					<input semantic="POSITION" source="#meshId0-positions" />
				</vertices>
				<polylist count="1468" material="defaultMaterial">
					<input offset="0" semantic="VERTEX" source="#meshId0-vertices" />
					<input offset="0" semantic="NORMAL" source="#meshId0-normals" />
					<input offset="0" semantic="TANGENT" source="#meshId0-tangents" />
					<input offset="0" semantic="BINORMAL" source="#meshId0-bitangents" />
					<input offset="0" semantic="TEXCOORD" source="#meshId0-tex0" set="0" />
					<input offset="0" semantic="COLOR" source="#meshId0-color0" set="0" />
					<vcount>
						3 3 3 3 3 3 3 3 3 3 3 3 3 3 3 3 3 3 3 3 3 3 3 3 3 3 3 3 3 3 3 3 3 3 3 3 3 3 3 3 3 3 3 3 3 3 3 3 3 3 3 3 3 3 3 3 3 3 3 3 3 3 3 3 
						3 3 3 3 3 3 3 3 3 3 3 3 3 3 3 3 3 3 3 3 3 3 3 3 3 3 3 3 3 3 3 3 3 3 3 3 3 3 3 3 3 3 3 3 3 3 3 3 3 3 3 3 3 3 3 3 3 3 3 3 3 3 3 3 
						3 3 3 3 3 3 3 3 3 3 3 3 3 3 3 3 3 3 3 3 3 3 3 3 3 3 3 3 3 3 3 3 3 3 3 3 3 3 3 3 3 3 3 3 3 3 3 3 3 3 3 3 3 3 3 3 3 3 3 3 3 3 3 3 
						3 3 3 3 3 3 3 3 3 3 3 3 3 3 3 3 3 3 3 3 3 3 3 3 3 3 3 3 3 3 3 3 3 3 3 3 3 3 3 3 3 3 3 3 3 3 3 3 3 3 3 3 3 3 3 3 3 3 3 3 3 3 3 3 
						3 3 3 3 3 3 3 3 3 3 3 3 3 3 3 3 3 3 3 3 3 3 3 3 3 3 3 3 3 3 3 3 3 3 3 3 3 3 3 3 3 3 3 3 3 3 3 3 3 3 3 3 3 3 3 3 3 3 3 3 3 3 3 3 
						3 3 3 3 3 3 3 3 3 3 3 3 3 3 3 3 3 3 3 3 3 3 3 3 3 3 3 3 3 3 3 3 3 3 3 3 3 3 3 3 3 3 3 3 3 3 3 3 3 3 3 3 3 3 3 3 3 3 3 3 3 3 3 3 
						3 3 3 3 3 3 3 3 3 3 3 3 3 3 3 3 3 3 3 3 3 3 3 3 3 3 3 3 3 3 3 3 3 3 3 3 3 3 3 3 3 3 3 3 3 3 3 3 3 3 3 3 3 3 3 3 3 3 3 3 3 3 3 3 
						3 3 3 3 3 3 3 3 3 3 3 3 3 3 3 3 3 3 3 3 3 3 3 3 3 3 3 3 3 3 3 3 3 3 3 3 3 3 3 3 3 3 3 3 3 3 3 3 3 3 3 3 3 3 3 3 3 3 3 3 3 3 3 3 
						3 3 3 3 3 3 3 3 3 3 3 3 3 3 3 3 3 3 3 3 3 3 3 3 3 3 3 3 3 3 3 3 3 3 3 3 3 3 3 3 3 3 3 3 3 3 3 3 3 3 3 3 3 3 3 3 3 3 3 3 3 3 3 3 
						3 3 3 3 3 3 3 3 3 3 3 3 3 3 3 3 3 3 3 3 3 3 3 3 3 3 3 3 3 3 3 3 3 3 3 3 3 3 3 3 3 3 3 3 3 3 3 3 3 3 3 3 3 3 3 3 3 3 3 3 3 3 3 3 
						3 3 3 3 3 3 3 3 3 3 3 3 3 3 3 3 3 3 3 3 3 3 3 3 3 3 3 3 3 3 3 3 3 3 3 3 3 3 3 3 3 3 3 3 3 3 3 3 3 3 3 3 3 3 3 3 3 3 3 3 3 3 3 3 
						3 3 3 3 3 3 3 3 3 3 3 3 3 3 3 3 3 3 3 3 3 3 3 3 3 3 3 3 3 3 3 3 3 3 3 3 3 3 3 3 3 3 3 3 3 3 3 3 3 3 3 3 3 3 3 3 3 3 3 3 3 3 3 3 
						3 3 3 3 3 3 3 3 3 3 3 3 3 3 3 3 3 3 3 3 3 3 3 3 3 3 3 3 3 3 3 3 3 3 3 3 3 3 3 3 3 3 3 3 3 3 3 3 3 3 3 3 3 3 3 3 3 3 3 3 3 3 3 3 
						3 3 3 3 3 3 3 3 3 3 3 3 3 3 3 3 3 3 3 3 3 3 3 3 3 3 3 3 3 3 3 3 3 3 3 3 3 3 3 3 3 3 3 3 3 3 3 3 3 3 3 3 3 3 3 3 3 3 3 3 3 3 3 3 
						3 3 3 3 3 3 3 3 3 3 3 3 3 3 3 3 3 3 3 3 3 3 3 3 3 3 3 3 3 3 3 3 3 3 3 3 3 3 3 3 3 3 3 3 3 3 3 3 3 3 3 3 3 3 3 3 3 3 3 3 3 3 3 3 
						3 3 3 3 3 3 3 3 3 3 3 3 3 3 3 3 3 3 3 3 3 3 3 3 3 3 3 3 3 3 3 3 3 3 3 3 3 3 3 3 3 3 3 3 3 3 3 3 3 3 3 3 3 3 3 3 3 3 3 3 3 3 3 3 
						3 3 3 3 3 3 3 3 3 3 3 3 3 3 3 3 3 3 3 3 3 3 3 3 3 3 3 3 3 3 3 3 3 3 3 3 3 3 3 3 3 3 3 3 3 3 3 3 3 3 3 3 3 3 3 3 3 3 3 3 3 3 3 3 
						3 3 3 3 3 3 3 3 3 3 3 3 3 3 3 3 3 3 3 3 3 3 3 3 3 3 3 3 3 3 3 3 3 3 3 3 3 3 3 3 3 3 3 3 3 3 3 3 3 3 3 3 3 3 3 3 3 3 3 3 3 3 3 3 
						3 3 3 3 3 3 3 3 3 3 3 3 3 3 3 3 3 3 3 3 3 3 3 3 3 3 3 3 3 3 3 3 3 3 3 3 3 3 3 3 3 3 3 3 3 3 3 3 3 3 3 3 3 3 3 3 3 3 3 3 3 3 3 3 
						3 3 3 3 3 3 3 3 3 3 3 3 3 3 3 3 3 3 3 3 3 3 3 3 3 3 3 3 3 3 3 3 3 3 3 3 3 3 3 3 3 3 3 3 3 3 3 3 3 3 3 3 3 3 3 3 3 3 3 3 3 3 3 3 
						3 3 3 3 3 3 3 3 3 3 3 3 3 3 3 3 3 3 3 3 3 3 3 3 3 3 3 3 3 3 3 3 3 3 3 3 3 3 3 3 3 3 3 3 3 3 3 3 3 3 3 3 3 3 3 3 3 3 3 3 3 3 3 3 
						3 3 3 3 3 3 3 3 3 3 3 3 3 3 3 3 3 3 3 3 3 3 3 3 3 3 3 3 3 3 3 3 3 3 3 3 3 3 3 3 3 3 3 3 3 3 3 3 3 3 3 3 3 3 3 3 3 3 3 3 3 3 3 3 
						3 3 3 3 3 3 3 3 3 3 3 3 3 3 3 3 3 3 3 3 3 3 3 3 3 3 3 3 3 3 3 3 3 3 3 3 3 3 3 3 3 3 3 3 3 3 3 3 3 3 3 3 3 3 3 3 3 3 3 3 
					</vcount>
					<p>
						0 1 2 2 3 0 4 5 6 6 7 4 8 9 5 5 4 8 10 11 9 9 8 10 12 13 11 11 10 12 14 15 13 13 12 14 16 17 15 15 14 16 18 19 17 17 16 18 20 21 22 22 23 20 24 25 26 26 27 24 28 29 30 30 31 28 32 33 34 34 35 32 36 37 38 38 39 36 40 41 42 42 43 40 44 45 46 46 47 44 48 49 50 50 51 48 52 53 54 54 55 52 56 57 58 58 59 56 60 61 62 62 63 60 64 65 66 66 67 64 68 69 70 70 71 68 72 73 74 74 75 72 76 77 78 76 78 79 76 79 80 80 81 82 82 83 84 82 84 85 82 85 86 87 76 80 80 82 86 80 86 87 88 89 73 73 72 88 90 91 92 92 93 90 94 95 96 96 97 94 98 99 91 91 90 98 97 96 100 100 101 97 
						102 103 95 95 94 102 104 105 106 106 107 104 108 109 105 105 104 108 75 74 109 109 108 75 110 111 112 110 112 113 110 113 114 115 116 117 115 117 118 115 118 119 120 110 114 120 114 121 121 115 119 121 119 120 122 23 22 22 123 122 124 125 26 26 25 124 126 28 31 31 127 126 33 128 129 129 34 33 38 37 130 130 131 38 132 43 42 42 133 132 44 47 134 134 135 44 136 48 51 51 137 136 138 139 125 125 124 138 140 136 137 137 141 140 3 2 19 19 18 3 142 143 144 144 145 142 138 146 147 147 139 138 148 149 150 150 151 148 152 153 154 154 155 152 156 157 158 158 159 156 160 161 162 162 163 160 164 165 166 166 167 164 168 140 141 141 169 168 52 170 171 171 53 52 172 173 174 174 175 172 176 177 178 178 179 176 180 58 57 57 181 180 
						60 182 183 183 61 60 184 185 186 186 187 184 188 189 67 67 66 188 69 190 191 191 70 69 192 193 1 1 0 192 194 195 196 196 197 194 198 199 200 200 201 198 202 203 204 204 205 202 206 207 208 208 209 206 210 211 212 212 213 210 214 215 216 216 217 214 218 219 220 220 221 218 222 223 224 224 225 222 197 196 226 226 227 197 228 229 199 199 198 228 203 202 230 230 231 203 232 233 207 207 206 232 212 211 234 234 235 212 216 215 236 236 237 216 218 238 239 239 219 218 222 225 240 240 241 222 227 226 21 21 20 227 231 230 30 30 29 231 39 235 234 234 36 39 236 41 40 40 237 236 45 239 238 238 46 45 49 241 240 240 50 49 242 243 244 244 245 242 246 247 243 243 242 246 248 249 247 247 246 248 250 251 249 249 248 250 250 252 253 253 251 250 
						252 254 255 255 253 252 254 256 257 257 255 254 256 258 259 259 257 256 260 261 262 262 263 260 245 244 262 262 261 245 264 265 266 266 267 264 267 266 268 268 269 267 270 271 272 272 273 270 273 272 274 274 275 273 275 274 276 276 277 275 277 276 278 278 279 277 279 278 280 280 281 279 281 280 282 282 283 281 283 282 284 284 285 283 265 264 285 285 284 265 55 54 195 195 194 55 201 200 286 286 287 201 223 68 71 71 224 223 288 289 290 290 291 288 292 293 289 289 288 292 294 295 293 293 292 294 296 297 295 295 294 296 298 299 300 300 301 298 302 298 301 301 303 302 289 304 305 305 290 289 293 306 304 304 289 293 306 293 295 295 307 306 297 308 307 307 295 297 309 310 299 299 298 309 311 309 298 298 302 311 312 305 304 304 313 312 313 304 306 306 314 313 
						314 306 307 307 315 314 315 307 308 308 316 315 317 310 309 309 318 317 318 309 311 311 319 318 320 321 312 312 313 320 322 320 313 313 314 322 315 323 322 322 314 315 323 315 316 316 324 323 318 325 326 326 317 318 319 327 325 325 318 319 328 329 321 321 320 328 330 328 320 320 322 330 330 322 323 323 331 330 324 332 331 331 323 324 325 333 334 334 326 325 327 335 333 333 325 327 336 329 328 328 337 336 337 328 330 330 338 337 331 339 338 338 330 331 339 331 332 332 340 339 341 334 333 333 342 341 342 333 335 335 343 342 344 336 337 337 345 344 345 337 338 338 346 345 339 347 346 346 338 339 340 348 347 347 339 340 349 341 342 342 350 349 350 342 343 343 351 350 352 353 354 354 355 352 355 354 356 356 357 355 357 356 358 358 359 357 359 358 360 360 361 359 
						362 363 364 364 365 362 365 364 366 366 367 365 355 368 369 369 352 355 357 370 368 368 355 357 359 371 370 370 357 359 361 372 371 371 359 361 373 374 362 362 365 373 375 373 365 365 367 375 369 368 288 288 291 369 368 370 292 292 288 368 370 371 294 294 292 370 372 296 294 294 371 372 300 374 373 373 301 300 301 373 375 375 303 301 376 377 378 378 379 376 380 381 377 377 376 380 382 383 381 381 380 382 384 385 383 383 382 384 386 385 384 384 387 386 388 386 387 387 389 388 377 390 391 391 378 377 381 392 390 390 377 381 392 381 383 383 393 392 385 394 393 393 383 385 395 394 385 385 386 395 396 395 386 386 388 396 397 391 390 390 398 397 398 390 392 392 399 398 399 392 393 393 400 399 400 393 394 394 401 400 401 394 395 395 402 401 402 395 396 396 403 402 
						404 405 397 397 398 404 406 404 398 398 399 406 400 407 406 406 399 400 407 400 401 401 408 407 402 409 408 408 401 402 403 410 409 409 402 403 411 412 405 405 404 411 413 411 404 404 406 413 413 406 407 407 414 413 408 415 414 414 407 408 409 416 415 415 408 409 410 417 416 416 409 410 418 412 411 411 419 418 419 411 413 413 420 419 414 421 420 420 413 414 421 414 415 415 422 421 422 415 416 416 423 422 423 416 417 417 424 423 425 418 419 419 426 425 426 419 420 420 427 426 421 428 427 427 420 421 422 429 428 428 421 422 429 422 423 423 430 429 430 423 424 424 431 430 432 433 434 434 435 432 435 434 436 436 437 435 437 436 438 438 439 437 439 438 440 440 441 439 441 440 442 442 443 441 443 442 444 444 445 443 435 446 447 447 432 435 437 448 446 446 435 437 
						439 449 448 448 437 439 441 450 449 449 439 441 451 450 441 441 443 451 452 451 443 443 445 452 447 446 376 376 379 447 446 448 380 380 376 446 448 449 382 382 380 448 450 384 382 382 449 450 384 450 451 451 387 384 387 451 452 452 389 387 453 454 455 455 456 453 457 458 454 454 453 457 459 460 461 461 462 459 463 464 460 460 459 463 465 464 463 463 466 465 467 465 466 466 468 467 454 469 470 470 455 454 458 471 469 469 454 458 472 461 460 460 473 472 464 474 473 473 460 464 475 474 464 464 465 475 476 475 465 465 467 476 477 470 469 469 478 477 478 469 471 471 479 478 480 472 473 473 481 480 481 473 474 474 482 481 482 474 475 475 483 482 483 475 476 476 484 483 485 486 477 477 478 485 487 485 478 478 479 487 481 488 489 489 480 481 488 481 482 482 490 488 
						483 491 490 490 482 483 484 492 491 491 483 484 493 494 486 486 485 493 495 493 485 485 487 495 496 489 488 488 497 496 490 498 497 497 488 490 491 499 498 498 490 491 492 500 499 499 491 492 501 494 493 493 502 501 502 493 495 495 503 502 497 504 505 505 496 497 504 497 498 498 506 504 506 498 499 499 507 506 507 499 500 500 508 507 509 501 502 502 510 509 510 502 503 503 511 510 504 512 513 513 505 504 506 514 512 512 504 506 514 506 507 507 515 514 515 507 508 508 516 515 517 518 519 519 520 517 520 519 521 521 522 520 523 524 525 525 526 523 526 525 527 527 528 526 528 527 529 529 530 528 530 529 531 531 532 530 520 533 534 534 517 520 522 535 533 533 520 522 526 536 537 537 523 526 528 538 536 536 526 528 539 538 528 528 530 539 540 539 530 530 532 540 
						534 533 453 453 456 534 533 535 457 457 453 533 537 536 459 459 462 537 538 463 459 459 536 538 463 538 539 539 466 463 466 539 540 540 468 466 541 542 543 543 544 541 545 546 542 542 541 545 547 548 546 546 545 547 549 550 548 548 547 549 551 550 549 549 552 551 553 551 552 552 554 553 542 555 556 556 543 542 546 557 555 555 542 546 557 546 548 548 558 557 550 559 558 558 548 550 560 559 550 550 551 560 561 560 551 551 553 561 562 556 555 555 563 562 563 555 557 557 564 563 564 557 558 558 565 564 565 558 559 559 566 565 566 559 560 560 567 566 567 560 561 561 568 567 569 570 562 562 563 569 571 569 563 563 564 571 565 572 571 571 564 565 572 565 566 566 573 572 567 574 573 573 566 567 568 575 574 574 567 568 576 577 570 570 569 576 578 576 569 569 571 578 
						578 571 572 572 579 578 573 580 579 579 572 573 574 581 580 580 573 574 575 582 581 581 574 575 583 577 576 576 584 583 584 576 578 578 585 584 579 586 585 585 578 579 586 579 580 580 587 586 587 580 581 581 588 587 588 581 582 582 589 588 590 583 584 584 591 590 591 584 585 585 592 591 586 593 592 592 585 586 587 594 593 593 586 587 594 587 588 588 595 594 595 588 589 589 596 595 597 598 599 599 600 597 600 599 601 601 602 600 602 601 603 603 604 602 604 603 605 605 606 604 606 605 607 607 608 606 608 607 609 609 610 608 600 611 612 612 597 600 602 613 611 611 600 602 604 614 613 613 602 604 606 615 614 614 604 606 616 615 606 606 608 616 617 616 608 608 610 617 612 611 541 541 544 612 611 613 545 545 541 611 613 614 547 547 545 613 615 549 547 547 614 615 
						549 615 616 616 552 549 552 616 617 617 554 552 618 619 620 620 621 618 622 623 619 619 618 622 624 625 623 623 622 624 626 627 625 625 624 626 628 627 626 626 629 628 630 628 629 629 631 630 619 632 633 633 620 619 623 634 632 632 619 623 634 623 625 625 635 634 627 636 635 635 625 627 637 636 627 627 628 637 638 637 628 628 630 638 639 633 632 632 640 639 640 632 634 634 641 640 641 634 635 635 642 641 642 635 636 636 643 642 643 636 637 637 644 643 644 637 638 638 645 644 646 647 639 639 640 646 648 646 640 640 641 648 642 649 648 648 641 642 649 642 643 643 650 649 644 651 650 650 643 644 645 652 651 651 644 645 653 654 647 647 646 653 655 653 646 646 648 655 655 648 649 649 656 655 650 657 656 656 649 650 651 658 657 657 650 651 652 659 658 658 651 652 
						660 654 653 653 661 660 661 653 655 655 662 661 656 663 662 662 655 656 663 656 657 657 664 663 664 657 658 658 665 664 665 658 659 659 666 665 667 660 661 661 668 667 668 661 662 662 669 668 663 670 669 669 662 663 664 671 670 670 663 664 671 664 665 665 672 671 672 665 666 666 673 672 674 675 676 676 677 674 677 676 678 678 679 677 679 678 680 680 681 679 681 680 682 682 683 681 683 682 684 684 685 683 685 684 686 686 687 685 677 688 689 689 674 677 679 690 688 688 677 679 681 691 690 690 679 681 683 692 691 691 681 683 693 692 683 683 685 693 694 693 685 685 687 694 689 688 618 618 621 689 688 690 622 622 618 688 690 691 624 624 622 690 692 626 624 624 691 692 626 692 693 693 629 626 629 693 694 694 631 629 695 696 697 697 698 695 699 700 696 696 695 699 
						701 702 700 700 699 701 703 704 702 702 701 703 705 704 703 703 706 705 707 705 706 706 708 707 696 709 710 710 697 696 700 711 709 709 696 700 711 700 702 702 712 711 704 713 712 712 702 704 714 713 704 704 705 714 715 714 705 705 707 715 716 710 709 709 717 716 717 709 711 711 718 717 718 711 712 712 719 718 719 712 713 713 720 719 720 713 714 714 721 720 721 714 715 715 722 721 723 724 716 716 717 723 725 723 717 717 718 725 719 726 725 725 718 719 726 719 720 720 727 726 721 728 727 727 720 721 722 729 728 728 721 722 730 731 724 724 723 730 732 730 723 723 725 732 732 725 726 726 733 732 727 734 733 733 726 727 728 735 734 734 727 728 729 736 735 735 728 729 737 731 730 730 738 737 738 730 732 732 739 738 733 740 739 739 732 733 740 733 734 734 741 740 
						741 734 735 735 742 741 742 735 736 736 743 742 744 737 738 738 745 744 745 738 739 739 746 745 740 747 746 746 739 740 741 748 747 747 740 741 748 741 742 742 749 748 749 742 743 743 750 749 751 752 753 753 754 751 754 753 755 755 756 754 756 755 757 757 758 756 758 757 759 759 760 758 760 759 761 761 762 760 762 761 763 763 764 762 754 765 766 766 751 754 756 767 765 765 754 756 758 768 767 767 756 758 760 769 768 768 758 760 770 769 760 760 762 770 771 770 762 762 764 771 766 765 695 695 698 766 765 767 699 699 695 765 767 768 701 701 699 767 769 703 701 701 768 769 703 769 770 770 706 703 706 770 771 771 708 706 772 773 774 774 775 772 776 777 773 773 772 776 778 779 777 777 776 778 780 781 779 779 778 780 782 781 780 780 783 782 784 782 783 783 785 784 
						773 786 787 787 774 773 777 788 786 786 773 777 788 777 779 779 789 788 781 790 789 789 779 781 791 790 781 781 782 791 792 791 782 782 784 792 793 787 786 786 794 793 794 786 788 788 795 794 795 788 789 789 796 795 796 789 790 790 797 796 797 790 791 791 798 797 798 791 792 792 799 798 800 801 793 793 794 800 802 800 794 794 795 802 796 803 802 802 795 796 803 796 797 797 804 803 798 805 804 804 797 798 799 806 805 805 798 799 807 808 801 801 800 807 809 807 800 800 802 809 809 802 803 803 810 809 804 811 810 810 803 804 805 812 811 811 804 805 806 813 812 812 805 806 814 808 807 807 815 814 815 807 809 809 816 815 810 817 816 816 809 810 817 810 811 811 818 817 818 811 812 812 819 818 819 812 813 813 820 819 821 814 815 815 822 821 822 815 816 816 823 822 
						817 824 823 823 816 817 818 825 824 824 817 818 825 818 819 819 826 825 826 819 820 820 827 826 828 829 830 830 831 828 831 830 832 832 833 831 833 832 834 834 835 833 835 834 836 836 837 835 837 836 838 838 839 837 839 838 840 840 841 839 831 842 843 843 828 831 833 844 842 842 831 833 835 845 844 844 833 835 837 846 845 845 835 837 847 846 837 837 839 847 848 847 839 839 841 848 843 842 772 772 775 843 842 844 776 776 772 842 844 845 778 778 776 844 846 780 778 778 845 846 780 846 847 847 783 780 783 847 848 848 785 783 287 286 173 173 172 287 849 850 179 179 178 849 851 184 187 187 852 851 143 122 123 123 144 143 126 127 150 150 149 126 129 128 152 152 155 129 157 131 130 130 158 157 162 161 132 132 133 162 165 164 135 135 134 165 24 27 229 229 228 24 
						233 232 32 32 35 233 205 204 850 850 849 205 209 208 56 56 59 209 210 213 63 63 62 210 851 852 214 214 217 851 221 220 65 65 64 221 853 854 855 853 855 856 853 856 857 857 858 859 859 860 861 859 861 862 859 862 863 864 853 857 857 859 863 863 864 857 865 866 867 865 867 868 865 868 869 870 871 872 870 872 873 870 873 874 875 865 869 875 869 876 876 870 874 876 874 875 877 878 879 877 879 880 877 880 881 881 882 877 883 882 881 883 881 884 883 884 885 883 885 886 886 887 888 886 888 889 889 890 879 889 879 878 889 878 891 889 891 892 889 892 893 889 893 894 895 883 886 886 889 894 886 894 896 886 896 895 897 898 899 897 899 900 897 900 901 897 901 902 902 903 904 902 904 905 905 906 907 905 907 908 905 908 909 905 909 910 905 910 911 905 911 912 
						913 897 902 902 905 912 902 912 914 902 914 913 915 908 907 915 907 916 915 916 899 899 898 915 917 918 919 919 920 917 921 922 923 923 924 921 925 926 927 927 928 925 929 930 918 918 917 929 931 932 922 922 921 931 933 934 926 926 925 933 920 919 932 932 931 920 924 923 934 934 933 924 928 927 935 935 936 928 937 938 939 939 940 937 941 942 943 943 944 941 945 946 947 947 948 945 949 950 951 951 952 949 950 953 954 954 951 950 955 937 940 940 956 955 957 958 959 959 960 957 958 955 956 956 959 958 961 949 952 952 962 961 963 964 965 965 966 963 964 961 962 962 965 964 967 968 969 969 970 967 968 957 960 960 969 968 971 972 973 973 974 971 975 963 966 966 976 975 977 978 979 977 979 980 977 981 982 982 978 977 983 971 974 974 984 983 985 986 987 985 987 988 
						985 988 989 985 989 990 991 992 993 991 993 994 991 994 995 991 995 996 997 985 990 997 990 998 997 998 999 997 999 1000 1001 991 996 996 997 1000 996 1000 1002 1002 1001 996 1003 1004 1005 1005 1006 1003 1007 1008 1009 1009 1010 1007 1011 1007 1010 1010 1012 1011 1013 1011 1012 1012 1014 1013 1015 1013 1014 1014 1016 1015 1017 1015 1016 1016 1018 1017 1019 1017 1018 1018 1020 1019 1021 1003 1006 1006 1022 1021 1008 1023 1024 1024 1009 1008 1004 1019 1020 1020 1005 1004 1025 1026 1027 1027 1028 1025 1029 1030 1026 1026 1025 1029 1031 1032 1033 1033 1034 1031 1035 1036 1032 1032 1031 1035 1037 1038 1036 1036 1035 1037 1039 1040 1038 1038 1037 1039 1041 1042 1040 1040 1039 1041 1043 1044 1042 1042 1041 1043 1045 1046 1044 1044 1043 1045 1028 1027 1046 1046 1045 1028 1047 1048 1049 1047 1049 1050 1047 1050 1051 1047 1051 1052 1047 1052 1053 1047 1053 1054 1047 1054 1055 1055 1056 1047 1057 1058 1059 1059 1060 1057 
						1061 1062 1063 1063 1064 1061 1065 1066 1067 1067 1068 1065 1069 1070 1071 1071 1072 1069 1073 1074 1075 1075 1076 1073 1077 1078 1079 1079 1080 1077 1078 1081 1082 1082 1079 1078 1074 1083 1084 1084 1075 1074 1083 1085 1086 1086 1084 1083 1081 1087 1088 1088 1082 1081 1087 1089 1090 1090 1088 1087 1089 1091 1092 1092 1090 1089 1093 1094 1095 1095 1096 1093 1085 1093 1096 1096 1086 1085 1094 1097 1098 1098 1095 1094 1091 1099 1100 1100 1092 1091 1101 888 887 887 1102 1101 1103 903 902 902 1104 1103 1105 1106 1107 1107 1108 1105 1109 983 984 984 1110 1109 1111 1112 1113 1113 1114 1111 1115 1058 1057 1057 1116 1115 1117 980 979 979 1118 1117 1119 1120 1121 1121 1122 1119 1123 1124 1125 1123 1125 1126 1123 1126 1127 1123 1127 1128 1129 1130 1131 1131 1132 1133 1131 1133 1134 1131 1134 1135 1131 1135 1136 1131 1136 1137 1137 1138 1139 1137 1139 1140 1137 1140 1123 1137 1123 1128 1137 1128 1141 1137 1141 1142 1137 1142 1143 1137 1143 1144 
						1137 1144 1129 1129 1131 1137 1145 1061 1064 1064 1146 1145 1147 1060 1059 1059 1148 1147 1149 1150 1151 1151 1152 1149 1149 1152 1111 1111 1114 1149 1153 1154 1155 1155 1156 1153 1156 1155 1157 1157 1158 1156 1159 1160 1161 1161 1162 1159 1162 1161 1163 1163 1164 1162 1164 1163 1165 1165 1166 1164 1166 1165 1167 1167 1168 1166 1168 1167 1169 1169 1170 1168 1170 1169 1171 1171 1172 1170 1172 1171 1173 1173 1174 1172 1174 1173 1154 1154 1153 1174 1175 1176 1177 1177 1178 1175 1179 1180 1181 1179 1181 1182 1179 1182 1183 1179 1183 1184 1179 1184 1185 1179 1185 1186 1179 1186 1187 1187 1188 1179 1189 1190 1191 1191 1192 1189 1193 1194 1176 1176 1175 1193 1195 1196 1194 1194 1193 1195 1197 1198 1199 1199 1200 1197 1192 1191 1198 1198 1197 1192 1201 1202 1190 1190 1189 1201 1203 1204 1202 1202 1201 1203 1205 1206 1204 1204 1203 1205 1178 1177 1206 1206 1205 1178 1108 1207 1208 1208 1105 1108 1209 1120 1119 1119 1210 1209 1211 1212 1213 1213 1214 1211 
						1215 1122 1121 1121 1216 1215 1217 1218 1219 1219 1220 1217 1221 1222 1223 1223 1224 1221 1225 1226 1222 1222 1221 1225 1227 1228 1226 1226 1225 1227 1229 1230 1228 1228 1227 1229 1229 1231 1232 1232 1230 1229 1231 1233 1234 1234 1232 1231 1233 1235 1236 1236 1234 1233 1235 1237 1238 1238 1236 1235 1239 1240 1241 1241 1242 1239 1224 1223 1241 1241 1240 1224 1243 1244 1245 1243 1245 1246 1243 1246 1247 1243 1247 1248 1243 1248 1249 1243 1249 1250 1243 1250 1251 1251 1252 1243 1253 1254 1255 1253 1255 1256 1253 1256 1257 1253 1257 1258 1253 1258 1259 1253 1259 1260 1253 1260 1261 1261 1262 1253 1263 1264 1265 1265 1266 1263 1267 1268 1269 1269 1270 1267 1271 1272 1273 1273 1274 1271 1264 1267 1270 1270 1265 1264 1275 1276 1277 1277 1278 1275 1272 1279 1280 1280 1273 1272 1268 1281 1282 1282 1269 1268 1283 1271 1274 1274 1284 1283 1279 1263 1266 1266 1280 1279 1276 1283 1284 1284 1277 1276 
					</p>
				</polylist>
			</mesh>
		</geometry>
		<geometry id="meshId1" name="meshId1_name" >
			<mesh>
				<source id="meshId1-positions" name="meshId1-positions">
					<float_array id="meshId1-positions-array" count="1254"> 
						-0.943926 0.205197 -0.345474 -0.943926 0.117757 -0.416416 -1.189802 0.117757 -0.416416 -1.189802 0.205197 -0.345474 -0.932802 -2.920137 -0.458445 -0.768430 -2.920137 -0.458445 0.000000 -2.920137 -0.458445 0.000000 -2.920137 0.437495 -0.932802 -2.920137 0.437495 -1.189802 -0.285751 0.550466 -1.189802 -0.373194 0.479524 -0.943926 -0.373194 0.479524 -0.943926 -0.285751 0.550466 -1.018810 1.764598 -0.813504 -1.189802 1.764598 -0.550118 -0.943926 1.764598 -0.550118 -0.781966 1.764598 -0.780078 -0.943926 1.764598 -0.303445 -1.189802 1.764598 -0.303445 -1.189802 1.764598 0.592495 -0.943926 1.764598 0.592495 -1.189802 1.764598 0.592495 -1.189802 -0.167235 0.592495 -0.943926 -0.167235 0.592495 -0.943926 1.764598 0.592495 -0.943926 0.061585 -0.446135 -0.943926 -0.000759 -0.458445 -1.189802 -0.000759 -0.458445 -1.189802 0.061585 -0.446135 -1.189802 -0.429364 0.449805 -1.189802 -0.491707 0.437495 -0.943926 -0.491707 0.437495 -0.943926 -0.429364 0.449805 -0.943926 0.261369 -0.315755 -1.189802 0.261369 -0.315755 -0.943926 0.323712 -0.303445 -1.189802 0.323712 -0.303445 -1.189802 -0.229581 0.580185 -0.943926 -0.229581 0.580185 -0.943926 0.781756 -0.303445 -1.189802 0.781756 -0.303445 -0.781966 1.764598 -0.780078 -0.781966 0.781756 -0.780078 -1.018810 0.781756 -0.813504 -1.018810 1.764598 -0.813504 -0.781966 0.781756 -0.780078 -0.943926 0.781756 -0.550118 -1.189802 0.781756 -0.550118 -1.018810 0.781756 -0.813504 -1.018810 0.781756 -0.813504 -1.189802 0.781756 -0.550118 -1.189802 1.764598 -0.550118 -1.018810 1.764598 -0.813504 -0.781966 1.764598 -0.780078 -0.943926 1.764598 -0.550118 -0.943926 0.781756 -0.550118 -0.781966 0.781756 -0.780078 -0.943926 1.764598 -0.303445 -0.943926 0.781756 -0.303445 -1.189802 0.781756 -0.303445 -1.189802 1.764598 -0.303445 -0.943926 0.781756 -0.303445 -1.189802 0.781756 -0.303445 -0.768430 -2.938614 -0.735924 
						-0.768430 -2.920137 -0.458445 -0.768430 -2.773932 -0.458445 -0.768430 -2.796379 -0.769771 -0.943926 -0.229581 0.580185 -0.943926 -0.285751 0.550466 -0.943926 -0.373194 0.479524 -0.943926 -0.491707 0.437495 -0.941080 -2.694326 0.437495 -0.941080 -2.694326 -0.458445 -0.943926 -0.000759 -0.458445 -0.943926 0.061585 -0.446135 -0.943926 0.117757 -0.416416 -0.943926 0.205197 -0.345474 -0.943926 0.261369 -0.315755 -0.943926 0.323712 -0.303445 -0.943926 1.764598 0.592495 -0.943926 -0.167235 0.592495 -0.943926 -0.429364 0.449805 -1.189802 0.205197 -0.345474 -1.189802 0.117757 -0.416416 -1.189802 0.061585 -0.446135 -1.189802 -0.000759 -0.458445 -1.189802 -2.760970 -0.458445 -1.189802 -2.760970 0.437495 -1.189802 -0.491707 0.437495 -1.189802 -0.429364 0.449805 -1.189802 -0.373194 0.479524 -1.189802 -0.285751 0.550466 -1.189802 -0.229581 0.580185 -1.189802 -0.167235 0.592495 -1.189802 1.764598 0.592495 -1.189802 0.323712 -0.303445 -1.189802 0.261369 -0.315755 -1.155370 -2.840553 0.437495 -1.189802 -2.760970 0.437495 -1.189802 -2.760970 -0.458445 -1.155370 -2.840553 -0.458445 -1.061302 -2.898813 0.437495 -1.061302 -2.898813 -0.458445 -0.924271 -2.733179 -0.458445 -0.941080 -2.694326 -0.458445 -0.941080 -2.694326 0.437495 -0.924271 -2.733179 0.437495 -0.878348 -2.761620 -0.458445 -0.878348 -2.761620 0.437495 -0.815617 -2.772030 -0.458445 -0.815617 -2.772030 0.437495 -1.189802 -2.760970 0.437495 -1.155370 -2.840553 0.437495 -1.061302 -2.898813 0.437495 -0.932802 -2.920137 0.437495 0.000000 -2.920137 0.437495 0.000000 -2.775833 0.437495 -0.815617 -2.772030 0.437495 -0.878348 -2.761620 0.437495 -0.941080 -2.694326 0.437495 -0.943926 -0.491707 0.437495 -1.189802 -0.491707 0.437495 -0.924271 -2.733179 0.437495 -0.932802 -2.920137 -0.458445 -1.061302 -2.898813 -0.458445 -1.155370 -2.840553 -0.458445 -1.189802 -2.760970 -0.458445 -1.189802 -0.000759 -0.458445 
						-0.943926 -0.000759 -0.458445 -0.941080 -2.694326 -0.458445 -0.815617 -2.772030 -0.458445 -0.768430 -2.773932 -0.458445 -0.768430 -2.920137 -0.458445 -0.924271 -2.733179 -0.458445 -0.878348 -2.761620 -0.458445 0.000000 -2.775833 -0.458445 -0.768430 -2.773932 -0.458445 0.000000 -2.775833 0.437495 -0.768430 -2.995691 -1.007570 -0.768430 -2.865155 -1.073424 0.000000 -2.938614 -0.735924 0.000000 -2.920137 -0.458445 -0.768430 -2.920137 -0.458445 -0.768430 -2.938614 -0.735924 -0.768430 -2.796379 -0.769771 -0.768430 -2.773932 -0.458445 0.000000 -2.775833 -0.458445 0.000000 -2.798229 -0.769331 -0.768430 -2.865155 -1.073424 0.000000 -2.866854 -1.072567 0.000000 -2.995691 -1.007570 -0.768430 -2.995691 -1.007570 0.000000 -3.114102 -1.258623 -0.768430 -3.114102 -1.258623 -0.768430 -3.114102 -1.258623 -0.768430 -3.002357 -1.352906 -0.768430 -3.002357 -1.352906 0.000000 -3.003811 -1.351680 -0.320792 -3.226775 -1.612045 -0.320792 -3.393948 -1.738414 -0.768430 -3.448914 -1.780764 -0.768430 -3.200533 -1.593035 -0.768430 -3.287416 -1.475444 -0.768430 -3.200533 -1.593035 0.000000 -3.073095 -1.435663 -0.198261 -3.109238 -1.480594 -0.320792 -3.302454 -1.487184 -0.198261 -3.187853 -1.350887 -0.768430 -3.287416 -1.475444 0.000000 -3.666028 -1.719449 -0.198261 -3.616423 -1.696730 -0.768430 -3.781106 -1.772155 0.000000 -3.781106 -1.772155 -0.320792 -3.467924 -1.616362 -0.768430 -3.506214 -1.646254 -0.768430 -3.506214 -1.646254 -0.768430 -3.448914 -1.780764 0.000000 -4.070787 -1.958508 0.000000 -3.734325 -1.904020 0.768430 -3.734006 -1.905894 0.768430 -3.993520 -1.947885 0.745500 -4.048235 -1.956682 0.690142 -4.070892 -1.960212 -0.768430 -3.781106 -1.772155 -0.768430 -3.734006 -1.905894 -0.198261 -3.541605 -1.820170 -0.768430 -3.734006 -1.905894 0.000000 -3.592031 -1.841535 0.000000 -3.666028 -1.719449 0.000000 -3.781106 -1.772155 0.000000 -3.734325 -1.904020 0.000000 -3.666028 -1.719449 
						0.000000 -3.592031 -1.841535 -0.198261 -3.541605 -1.820170 -0.198261 -3.616423 -1.696730 -0.320792 -3.393948 -1.738414 -0.320792 -3.467924 -1.616362 -0.320792 -3.226775 -1.612045 -0.320792 -3.302454 -1.487184 -0.198261 -3.109238 -1.480594 -0.198261 -3.187853 -1.350887 0.000000 -3.073095 -1.435663 0.000000 -3.151808 -1.305794 1.189802 0.117757 -0.416416 0.943926 0.117757 -0.416416 0.943926 0.205197 -0.345474 1.189802 0.205197 -0.345474 0.768430 -2.920137 -0.458445 0.932802 -2.920137 -0.458445 0.932802 -2.920137 0.437495 0.943926 -0.373194 0.479524 1.189802 -0.373194 0.479524 1.189802 -0.285751 0.550466 0.943926 -0.285751 0.550466 0.943926 1.764598 -0.550118 1.189802 1.764598 -0.550118 1.018810 1.764598 -0.813504 0.781966 1.764598 -0.780078 1.189802 1.764598 0.592495 1.189802 1.764598 -0.303445 0.943926 1.764598 -0.303445 0.943926 1.764598 0.592495 0.943926 -0.167235 0.592495 1.189802 -0.167235 0.592495 1.189802 1.764598 0.592495 0.943926 1.764598 0.592495 1.189802 -0.000759 -0.458445 0.943926 -0.000759 -0.458445 0.943926 0.061585 -0.446135 1.189802 0.061585 -0.446135 0.943926 -0.491707 0.437495 1.189802 -0.491707 0.437495 1.189802 -0.429364 0.449805 0.943926 -0.429364 0.449805 0.943926 0.261369 -0.315755 1.189802 0.261369 -0.315755 0.943926 0.323712 -0.303445 1.189802 0.323712 -0.303445 1.189802 -0.229581 0.580185 0.943926 -0.229581 0.580185 0.943926 0.781756 -0.303445 1.189802 0.781756 -0.303445 1.018810 0.781756 -0.813504 0.781966 0.781756 -0.780078 0.781966 1.764598 -0.780078 1.018810 1.764598 -0.813504 1.189802 0.781756 -0.550118 0.943926 0.781756 -0.550118 0.781966 0.781756 -0.780078 1.018810 0.781756 -0.813504 1.189802 1.764598 -0.550118 1.189802 0.781756 -0.550118 1.018810 0.781756 -0.813504 1.018810 1.764598 -0.813504 0.943926 0.781756 -0.550118 0.943926 1.764598 -0.550118 
						0.781966 1.764598 -0.780078 0.781966 0.781756 -0.780078 0.943926 0.781756 -0.303445 0.943926 1.764598 -0.303445 1.189802 1.764598 -0.303445 1.189802 0.781756 -0.303445 1.189802 0.781756 -0.303445 0.943926 0.781756 -0.303445 0.768430 -2.773932 -0.458445 0.768430 -2.920137 -0.458445 0.768430 -2.938614 -0.735924 0.768430 -2.796379 -0.769771 0.943926 -0.373194 0.479524 0.943926 -0.285751 0.550466 0.943926 -0.229581 0.580185 0.943926 -0.167235 0.592495 0.943926 1.764598 0.592495 0.943926 0.323712 -0.303445 0.943926 0.261369 -0.315755 0.943926 0.205197 -0.345474 0.943926 0.117757 -0.416416 0.943926 0.061585 -0.446135 0.943926 -0.000759 -0.458445 0.941080 -2.694326 -0.458445 0.941080 -2.694326 0.437495 0.943926 -0.491707 0.437495 0.943926 -0.429364 0.449805 1.189802 0.323712 -0.303445 1.189802 0.781756 -0.303445 1.189802 1.764598 -0.303445 1.189802 0.323712 -0.303445 1.189802 1.764598 -0.303445 1.189802 1.764598 0.592495 1.189802 -0.167235 0.592495 1.189802 -0.229581 0.580185 1.189802 -0.285751 0.550466 1.189802 -0.373194 0.479524 1.189802 -0.429364 0.449805 1.189802 -0.491707 0.437495 1.189802 -2.760970 0.437495 1.189802 -2.760970 -0.458445 1.189802 -0.000759 -0.458445 1.189802 0.061585 -0.446135 1.189802 0.117757 -0.416416 1.189802 0.205197 -0.345474 1.189802 0.261369 -0.315755 1.189802 -2.760970 -0.458445 1.189802 -2.760970 0.437495 1.155370 -2.840553 0.437495 1.155370 -2.840553 -0.458445 1.061302 -2.898813 0.437495 1.061302 -2.898813 -0.458445 0.941080 -2.694326 0.437495 0.941080 -2.694326 -0.458445 0.924271 -2.733179 -0.458445 0.924271 -2.733179 0.437495 0.878348 -2.761620 -0.458445 0.878348 -2.761620 0.437495 0.815617 -2.772030 -0.458445 0.815617 -2.772030 0.437495 1.061302 -2.898813 0.437495 1.155370 -2.840553 0.437495 1.189802 -2.760970 0.437495 1.189802 -0.491707 0.437495 
						0.943926 -0.491707 0.437495 0.941080 -2.694326 0.437495 0.924271 -2.733179 0.437495 0.878348 -2.761620 0.437495 0.815617 -2.772030 0.437495 0.932802 -2.920137 0.437495 1.155370 -2.840553 -0.458445 1.061302 -2.898813 -0.458445 0.932802 -2.920137 -0.458445 0.768430 -2.920137 -0.458445 0.768430 -2.773932 -0.458445 0.815617 -2.772030 -0.458445 0.878348 -2.761620 -0.458445 0.924271 -2.733179 -0.458445 0.941080 -2.694326 -0.458445 0.943926 -0.000759 -0.458445 1.189802 -0.000759 -0.458445 1.189802 -2.760970 -0.458445 0.768430 -2.773932 -0.458445 0.768430 -2.995691 -1.007570 0.768430 -2.865155 -1.073424 0.768430 -2.920137 -0.458445 0.768430 -2.938614 -0.735924 0.768430 -2.773932 -0.458445 0.768430 -2.796379 -0.769771 0.768430 -2.865155 -1.073424 0.768430 -2.995691 -1.007570 0.768430 -3.114102 -1.258623 0.768430 -3.114102 -1.258623 0.768430 -3.002357 -1.352906 0.768430 -3.002357 -1.352906 0.768430 -3.448914 -1.780764 0.320792 -3.393948 -1.738414 0.320792 -3.226775 -1.612045 0.768430 -3.200533 -1.593035 0.768430 -3.287416 -1.475444 0.768430 -3.200533 -1.593035 0.198261 -3.109238 -1.480594 0.198261 -3.187853 -1.350887 0.320792 -3.302454 -1.487184 0.768430 -3.287416 -1.475444 0.768430 -3.781106 -1.772155 0.198261 -3.616423 -1.696730 0.000000 -3.666028 -1.719449 0.000000 -3.781106 -1.772155 0.320792 -3.467924 -1.616362 0.768430 -3.506214 -1.646254 0.768430 -3.506214 -1.646254 0.768430 -3.448914 -1.780764 0.768430 -3.781106 -1.772155 0.768430 -3.734006 -1.905894 0.198261 -3.541605 -1.820170 0.198261 -3.541605 -1.820170 0.000000 -3.592031 -1.841535 0.000000 -3.666028 -1.719449 0.198261 -3.616423 -1.696730 0.320792 -3.467924 -1.616362 0.320792 -3.393948 -1.738414 0.320792 -3.302454 -1.487184 0.320792 -3.226775 -1.612045 0.198261 -3.109238 -1.480594 0.198261 -3.187853 -1.350887 0.000000 -3.073095 -1.435663 0.000000 -3.151808 -1.305794 
						0.000000 -3.151808 -1.305794 0.000000 -3.592031 -1.841535 0.000000 -3.734325 -1.904020 0.000000 -3.592031 -1.841535 -0.768430 -4.008926 -1.807460 -0.768430 -3.993520 -1.947885 0.768430 -3.993520 -1.947885 0.768430 -4.008926 -1.807460 0.768430 -4.008926 -1.807460 0.000000 -4.086367 -1.819461 0.690142 -4.086367 -1.819461 0.745500 -4.063684 -1.815946 0.000000 -4.086367 -1.819461 -0.690142 -4.086367 -1.819461 -0.690142 -4.070892 -1.960212 0.000000 -4.070787 -1.958508 0.690142 -4.070892 -1.960212 0.690142 -4.086367 -1.819461 0.000000 -4.086367 -1.819461 -0.768430 -4.008926 -1.807460 -0.745500 -4.063684 -1.815946 -0.690142 -4.086367 -1.819461 -0.745500 -4.048235 -1.956682 -0.745500 -4.063684 -1.815946 -0.768430 -3.993520 -1.947885 -0.768430 -4.008926 -1.807460 0.745500 -4.048235 -1.956682 0.768430 -3.993520 -1.947885 0.768430 -4.008926 -1.807460 0.745500 -4.063684 -1.815946 -0.768430 -3.993520 -1.947885 0.000000 -4.070787 -1.958508 -0.690142 -4.070892 -1.960212 -0.745500 -4.048235 -1.956682 
					</float_array>
					<technique_common>
						<accessor count="418" offset="0" source="#meshId1-positions-array" stride="3">
							<param name="X" type="float" />
							<param name="Y" type="float" />
							<param name="Z" type="float" />
						</accessor>
					</technique_common>
				</source>
				<source id="meshId1-normals" name="meshId1-normals">
					<float_array id="meshId1-normals-array" count="1254"> 
						0.000000 0.551465 -0.834198 0.000000 0.551466 -0.834197 0.000000 0.551466 -0.834197 0.000000 0.551465 -0.834198 -0.082132 -0.996621 0.000000 0.000000 -0.999755 0.022157 0.000000 -0.999447 0.033237 0.000000 -1.000000 0.000000 -0.082132 -0.996621 0.000000 0.000000 -0.551465 0.834198 -0.000000 -0.551466 0.834197 -0.000000 -0.551466 0.834197 0.000000 -0.551465 0.834198 0.000000 1.000000 -0.000001 -0.000000 1.000000 -0.000000 0.000000 1.000000 -0.000000 0.000000 1.000000 -0.000001 0.000000 1.000000 0.000000 0.000000 1.000000 0.000000 0.000000 1.000000 0.000000 0.000000 1.000000 0.000000 0.000000 0.000000 1.000000 0.000000 -0.097319 0.995253 0.000000 -0.097319 0.995253 0.000000 0.000000 1.000000 0.000000 0.334238 -0.942489 0.000000 0.097286 -0.995257 0.000000 0.097319 -0.995253 0.000000 0.334238 -0.942489 0.000000 -0.334238 0.942489 -0.000000 -0.097319 0.995253 -0.000000 -0.097279 0.995257 0.000000 -0.334238 0.942489 0.000000 0.334237 -0.942489 0.000000 0.334237 -0.942489 0.000000 0.097319 -0.995253 0.000000 0.097319 -0.995253 0.000000 -0.334237 0.942489 0.000000 -0.334237 0.942489 0.000000 0.000000 -1.000000 0.000000 0.000000 -1.000000 0.139745 0.000000 -0.990188 0.139745 0.000000 -0.990188 0.139745 0.000000 -0.990188 0.139745 0.000000 -0.990188 -0.000000 -1.000000 0.000000 -0.000000 -1.000000 0.000000 0.000000 -1.000000 0.000000 -0.000000 -1.000000 0.000000 -0.838749 -0.000000 -0.544519 -0.958840 0.000000 -0.283947 -0.958840 0.000000 -0.283947 -0.838749 -0.000000 -0.544519 0.817578 0.000000 0.575818 0.953304 0.000000 0.302012 0.953304 0.000000 0.302012 0.817578 0.000000 0.575818 1.000000 0.000313 0.000086 1.000000 0.000418 0.000114 -1.000000 0.000000 0.000000 -1.000000 0.000000 0.000000 0.000000 -1.000000 0.000000 0.000000 -1.000000 0.000000 -1.000000 -0.000000 -0.000000 
						-1.000000 -0.000000 0.000000 -1.000000 -0.000000 0.000000 -1.000000 -0.000000 -0.000000 1.000000 0.000627 0.000172 1.000000 0.000627 0.000172 1.000000 0.000627 0.000172 1.000000 0.000627 0.000172 0.979168 0.203054 0.000088 0.979168 0.203054 0.000088 1.000000 0.000627 0.000172 1.000000 0.000627 0.000172 1.000000 0.000627 0.000172 1.000000 0.000627 0.000172 1.000000 0.000627 0.000172 1.000000 0.000627 0.000172 1.000000 0.000627 0.000172 1.000000 0.000627 0.000172 1.000000 0.000627 0.000172 -1.000000 0.000000 0.000000 -1.000000 0.000000 0.000000 -1.000000 0.000000 0.000000 -1.000000 0.000000 0.000000 -0.979231 -0.202748 0.000000 -0.979231 -0.202748 -0.000000 -1.000000 0.000000 0.000000 -1.000000 0.000000 0.000000 -1.000000 0.000000 0.000000 -1.000000 0.000000 0.000000 -1.000000 0.000000 0.000000 -1.000000 0.000000 0.000000 -1.000000 0.000000 0.000000 -1.000000 0.000000 0.000000 -1.000000 0.000000 0.000000 -0.756857 -0.653581 -0.000000 -0.979231 -0.202748 -0.000000 -0.979231 -0.202748 0.000000 -0.756857 -0.653581 -0.000000 -0.351788 -0.936080 -0.000000 -0.351788 -0.936080 -0.000000 0.756857 0.653581 -0.000000 0.979168 0.203054 0.000088 0.979168 0.203054 0.000088 0.756857 0.653581 -0.000000 0.351786 0.936081 0.000000 0.351786 0.936081 0.000000 0.084454 0.996427 -0.000471 0.084454 0.996427 -0.000471 -0.000000 -0.000000 1.000000 -0.000000 -0.000000 1.000000 -0.000000 -0.000000 1.000000 -0.000000 -0.000000 1.000000 -0.000000 -0.000000 1.000000 -0.000000 -0.000000 1.000000 -0.000000 -0.000000 1.000000 -0.000000 -0.000000 1.000000 -0.000000 -0.000000 1.000000 -0.000000 -0.097279 0.995257 -0.000000 -0.097319 0.995253 -0.000000 -0.000000 1.000000 0.000000 -0.000000 -1.000000 0.000000 -0.000000 -1.000000 0.000000 -0.000000 -1.000000 0.000000 -0.000000 -1.000000 0.000000 0.097319 -0.995253 
						0.000000 0.097286 -0.995257 0.000000 -0.000000 -1.000000 0.000000 -0.000000 -1.000000 0.000000 -0.000000 -1.000000 0.000000 -0.000000 -1.000000 0.000000 -0.000000 -1.000000 0.000000 -0.000000 -1.000000 0.000000 0.999336 -0.036436 0.003924 0.999685 -0.024790 0.000000 1.000000 -0.000939 -1.000000 -0.000000 -0.000000 -1.000000 -0.000000 -0.000000 0.000000 -0.990658 0.136370 0.000000 -0.999447 0.033237 0.000000 -0.999755 0.022157 0.000000 -0.990658 0.136370 0.002454 0.989167 -0.146775 0.003924 0.999685 -0.024790 0.000000 0.999336 -0.036436 0.000000 0.989173 -0.146755 0.002455 0.942925 -0.332995 -0.000000 0.942944 -0.332952 -0.000000 -0.947998 0.318278 0.000000 -0.947998 0.318278 0.000000 -0.848566 0.529089 -0.001285 -0.846144 0.532952 -1.000000 -0.000000 -0.000000 -1.000000 -0.000000 -0.000000 0.003967 0.836726 -0.547607 0.000000 0.840588 -0.541676 0.004062 0.695873 -0.718154 0.005102 0.513360 -0.858158 0.005140 0.512398 -0.858733 0.003880 0.689685 -0.724100 -1.000000 -0.000000 0.000000 -1.000000 -0.000000 -0.000000 0.000000 0.772110 -0.635489 0.003753 0.768531 -0.639802 -0.001680 -0.710294 0.703903 -0.000898 -0.779114 0.626882 -0.001515 -0.701434 0.712733 0.000000 -0.416404 0.909180 -0.001759 -0.423911 0.905702 -0.002182 -0.297205 0.954811 -0.000000 -0.287501 0.957780 -0.002994 -0.520428 0.853900 -0.002882 -0.524131 0.851633 -1.000000 -0.000000 0.000000 -1.000000 -0.000000 0.000000 0.000000 0.159795 -0.987150 0.000000 0.282768 -0.959188 -0.004711 0.295767 -0.955248 -0.002444 0.159794 -0.987147 -0.002444 0.159794 -0.987147 -0.002444 0.159794 -0.987147 -1.000000 0.000000 0.000000 -1.000000 0.000000 0.000000 0.004475 0.412121 -0.911118 0.004711 0.295767 -0.955248 1.000000 0.000000 0.000000 1.000000 0.000000 0.000000 1.000000 0.000000 0.000000 1.000000 0.000000 0.000000 0.263691 0.824915 0.499982 
						0.263691 0.824915 0.499982 0.574919 0.699719 0.424101 0.562003 0.707351 0.428727 0.948671 0.270465 0.163929 0.953415 0.257975 0.156360 0.961912 -0.233772 -0.141689 0.938615 -0.295010 -0.178806 0.597773 -0.685571 -0.415524 0.532574 -0.723813 -0.438702 0.000000 -0.855184 -0.518325 0.000000 -0.855184 -0.518325 0.000000 0.551466 -0.834197 0.000000 0.551466 -0.834197 0.000000 0.551465 -0.834198 0.000000 0.551465 -0.834198 0.000000 -0.999754 0.022158 0.082132 -0.996621 0.000000 0.082132 -0.996621 0.000000 -0.000000 -0.551466 0.834197 -0.000000 -0.551466 0.834197 0.000000 -0.551465 0.834198 0.000000 -0.551465 0.834198 0.000000 1.000000 0.000000 0.000000 1.000000 0.000000 0.000000 1.000000 0.000000 0.000000 1.000000 0.000000 0.000000 1.000000 0.000000 0.000000 1.000000 0.000000 0.000000 1.000000 0.000000 0.000000 1.000000 0.000000 0.000000 -0.097319 0.995253 0.000000 -0.097319 0.995253 0.000000 0.000000 1.000000 0.000000 0.000000 1.000000 -0.000000 0.097319 -0.995253 -0.000000 0.097286 -0.995257 0.000000 0.334238 -0.942489 0.000000 0.334238 -0.942489 0.000000 -0.097279 0.995257 0.000000 -0.097319 0.995253 0.000000 -0.334238 0.942489 0.000000 -0.334238 0.942489 0.000000 0.334237 -0.942489 0.000000 0.334237 -0.942489 0.000000 0.097319 -0.995253 0.000000 0.097319 -0.995253 0.000000 -0.334237 0.942489 0.000000 -0.334237 0.942489 0.000000 0.000000 -1.000000 0.000000 0.000000 -1.000000 -0.139745 0.000000 -0.990188 -0.139745 0.000000 -0.990188 -0.139745 0.000000 -0.990188 -0.139745 0.000000 -0.990188 -0.000000 -1.000000 0.000000 0.000000 -1.000000 0.000000 0.000000 -1.000000 0.000000 0.000000 -1.000000 0.000000 0.958840 0.000000 -0.283947 0.958840 0.000000 -0.283947 0.838749 -0.000000 -0.544519 0.838749 -0.000000 -0.544519 -0.953304 0.000000 0.302011 -0.953304 0.000000 0.302011 
						-0.817578 0.000000 0.575817 -0.817578 0.000000 0.575817 -1.000000 0.000418 0.000114 -1.000000 0.000313 0.000086 1.000000 -0.000000 -0.000000 1.000000 -0.000000 -0.000000 0.000000 -1.000000 0.000000 0.000000 -1.000000 0.000000 1.000000 0.000000 0.000000 1.000000 0.000000 0.000000 1.000000 -0.000000 -0.000000 1.000000 -0.000000 -0.000000 -1.000000 0.000627 0.000172 -1.000000 0.000627 0.000172 -1.000000 0.000627 0.000172 -1.000000 0.000627 0.000172 -1.000000 0.000627 0.000172 -1.000000 0.000627 0.000172 -1.000000 0.000627 0.000172 -1.000000 0.000627 0.000172 -1.000000 0.000627 0.000172 -1.000000 0.000627 0.000172 -1.000000 0.000627 0.000172 -0.979168 0.203054 0.000088 -0.979168 0.203054 0.000088 -1.000000 0.000627 0.000172 -1.000000 0.000627 0.000172 1.000000 -0.000000 -0.000000 1.000000 -0.000000 -0.000000 1.000000 -0.000000 -0.000000 1.000000 -0.000000 -0.000000 1.000000 -0.000000 -0.000000 1.000000 -0.000000 -0.000000 1.000000 -0.000000 -0.000000 1.000000 -0.000000 -0.000000 1.000000 -0.000000 -0.000000 1.000000 -0.000000 -0.000000 1.000000 -0.000000 -0.000000 1.000000 -0.000000 -0.000000 0.979231 -0.202748 0.000000 0.979231 -0.202748 -0.000000 1.000000 -0.000000 -0.000000 1.000000 -0.000000 -0.000000 1.000000 -0.000000 -0.000000 1.000000 -0.000000 -0.000000 1.000000 -0.000000 -0.000000 0.979231 -0.202748 -0.000000 0.979231 -0.202748 0.000000 0.756857 -0.653581 0.000000 0.756857 -0.653581 0.000000 0.351788 -0.936080 -0.000000 0.351788 -0.936080 -0.000000 -0.979168 0.203054 0.000088 -0.979168 0.203054 0.000088 -0.756857 0.653581 0.000000 -0.756857 0.653581 0.000000 -0.351786 0.936081 0.000000 -0.351786 0.936081 0.000000 -0.084454 0.996427 -0.000471 -0.084454 0.996427 -0.000471 0.000000 -0.000000 1.000000 0.000000 -0.000000 1.000000 0.000000 -0.000000 1.000000 0.000000 -0.097319 0.995253 
						0.000000 -0.097279 0.995257 0.000000 -0.000000 1.000000 0.000000 -0.000000 1.000000 0.000000 -0.000000 1.000000 0.000000 -0.000000 1.000000 0.000000 -0.000000 1.000000 -0.000000 -0.000000 -1.000000 -0.000000 -0.000000 -1.000000 -0.000000 -0.000000 -1.000000 -0.000000 -0.000000 -1.000000 -0.000000 -0.000000 -1.000000 -0.000000 -0.000000 -1.000000 -0.000000 -0.000000 -1.000000 -0.000000 -0.000000 -1.000000 -0.000000 -0.000000 -1.000000 -0.000000 0.097286 -0.995257 -0.000000 0.097319 -0.995253 -0.000000 -0.000000 -1.000000 -0.003924 0.999685 -0.024790 1.000000 -0.000000 -0.000000 1.000000 0.000000 0.000000 0.000000 -0.999754 0.022158 0.000000 -0.990658 0.136370 -0.003924 0.999685 -0.024790 -0.002454 0.989167 -0.146775 -0.002455 0.942926 -0.332995 -0.000000 -0.947998 0.318278 0.001285 -0.846144 0.532952 1.000000 0.000000 0.000000 1.000000 0.000000 0.000000 -0.003967 0.836726 -0.547607 -0.005140 0.512398 -0.858733 -0.005102 0.513360 -0.858158 -0.004062 0.695873 -0.718154 -0.003880 0.689685 -0.724100 1.000000 0.000000 -0.000000 1.000000 0.000000 0.000000 -0.003753 0.768531 -0.639801 0.000898 -0.779113 0.626883 0.001680 -0.710294 0.703903 0.001515 -0.701434 0.712733 0.002182 -0.297206 0.954811 0.001759 -0.423912 0.905702 -0.000000 -0.416405 0.909179 -0.000000 -0.287501 0.957780 0.002994 -0.520429 0.853900 0.002882 -0.524131 0.851633 1.000000 -0.000000 0.000000 1.000000 -0.000000 -0.000000 1.000000 0.000000 -0.000000 1.000000 0.000000 -0.000000 -0.004475 0.412122 -0.911118 -0.574919 0.699719 0.424101 -0.263691 0.824915 0.499982 -0.263691 0.824915 0.499982 -0.562003 0.707351 0.428727 -0.953415 0.257975 0.156360 -0.948671 0.270465 0.163930 -0.938615 -0.295010 -0.178806 -0.961912 -0.233772 -0.141689 -0.597773 -0.685571 -0.415524 -0.532574 -0.723813 -0.438702 0.000000 -0.855184 -0.518325 0.000000 -0.855184 -0.518325 
						0.000000 -0.781123 0.624377 0.002593 0.401199 -0.915987 0.000000 0.282768 -0.959188 -0.002593 0.401200 -0.915987 -0.981824 -0.188663 -0.020705 -0.979558 -0.199963 -0.021945 0.979558 -0.199963 -0.021945 0.981824 -0.188662 -0.020705 -0.000000 -0.153141 0.988204 -0.000000 -0.153141 0.988204 -0.000000 -0.153141 0.988204 -0.000000 -0.153141 0.988204 -0.000000 -0.993897 -0.110316 -0.195948 -0.974687 -0.107654 -0.193976 -0.975076 -0.107703 -0.000000 -0.993897 -0.110316 0.193976 -0.975076 -0.107701 0.195948 -0.974687 -0.107652 -0.000000 -0.153141 0.988204 0.000000 -0.153141 0.988204 0.000000 -0.153141 0.988204 0.000000 -0.153141 0.988204 -0.701025 -0.708874 -0.077857 -0.712384 -0.697595 -0.076617 -0.979558 -0.199963 -0.021945 -0.981824 -0.188663 -0.020705 0.701025 -0.708874 -0.077857 0.979558 -0.199963 -0.021945 0.981824 -0.188662 -0.020705 0.712384 -0.697595 -0.076617 0.002444 0.159795 -0.987147 0.000000 0.159795 -0.987150 0.002444 0.159795 -0.987147 0.002444 0.159795 -0.987147 
					</float_array>
					<technique_common>
						<accessor count="418" offset="0" source="#meshId1-normals-array" stride="3">
							<param name="X" type="float" />
							<param name="Y" type="float" />
							<param name="Z" type="float" />
						</accessor>
					</technique_common>
				</source>
				<source id="meshId1-tangents" name="meshId1-tangents">
					<float_array id="meshId1-tangents-array" count="1254"> 
						0.992373 -0.102834 -0.067981 0.992437 -0.102405 -0.067697 0.992383 -0.102763 -0.067934 0.992426 -0.102475 -0.067743 0.996621 -0.082132 -0.000000 -1.000000 -0.000000 0.000000 1.000000 -0.000000 -0.000000 1.000000 -0.000000 -0.000000 0.996621 -0.082132 -0.000000 -1.000000 0.000000 0.000000 -1.000000 0.000000 0.000000 -1.000000 0.000000 0.000000 -1.000000 0.000000 0.000000 0.993121 0.000000 0.117094 0.993085 0.000000 0.117394 0.993100 0.000000 0.117272 0.993146 0.000000 0.116879 0.993089 0.000000 0.117367 0.993085 0.000000 0.117396 0.993120 0.000000 0.117103 0.993127 0.000000 0.117043 -1.000000 -0.000000 0.000000 -1.000000 0.000000 0.000000 -1.000000 0.000000 0.000000 -1.000000 -0.000000 0.000000 0.992550 -0.114829 -0.040722 0.992415 -0.122349 -0.011959 0.992469 -0.121915 -0.011921 0.992524 -0.115028 -0.040793 -1.000000 0.000000 0.000000 -1.000000 0.000000 -0.000000 -1.000000 0.000000 -0.000000 -1.000000 0.000000 0.000000 0.992524 -0.115028 -0.040793 0.992524 -0.115027 -0.040792 0.992434 -0.122198 -0.011949 0.992395 -0.122511 -0.011979 -1.000000 0.000000 0.000000 -1.000000 0.000000 0.000000 0.992378 -0.123227 0.000000 0.992407 -0.122997 0.000000 -0.000000 -1.000000 -0.000000 -0.000000 -1.000000 -0.000000 -0.000000 -1.000000 -0.000000 -0.000000 -1.000000 -0.000000 0.992392 0.000000 0.123117 0.992373 0.000000 0.123273 0.992369 0.000000 0.123302 0.992409 0.000000 0.122977 0.000000 -1.000000 -0.000000 0.000000 -1.000000 -0.000000 0.000000 -1.000000 -0.000000 0.000000 -1.000000 -0.000000 0.000000 -1.000000 -0.000000 0.000000 -1.000000 -0.000000 0.000000 -1.000000 -0.000000 0.000000 -1.000000 -0.000000 0.000313 -1.000000 0.000002 0.000418 -1.000000 0.000000 -0.000000 -1.000000 -0.000000 -0.000000 -1.000000 -0.000000 0.992405 -0.000000 0.123010 0.992382 0.000000 0.123202 0.000000 -0.778206 0.628009 
						0.000000 -0.778423 0.627740 0.000000 -0.778346 0.627836 0.000000 -0.778152 0.628076 0.000627 -1.000000 -0.000039 0.000627 -1.000000 -0.000849 0.000627 -1.000000 -0.000001 0.000627 -1.000000 0.000002 0.203054 -0.979168 0.000018 0.203054 -0.979168 0.000018 0.000627 -1.000000 -0.000011 0.000627 -1.000000 -0.000055 0.000627 -1.000000 -0.000114 0.000627 -1.000000 -0.000112 0.000626 -1.000000 0.000333 0.000626 -1.000000 0.000161 0.000627 -1.000000 0.000005 0.000627 -1.000000 0.000000 0.000627 -1.000000 0.000020 -0.000000 -1.000000 0.000096 -0.000000 -1.000000 0.000017 -0.000000 -1.000000 0.000067 -0.000000 -1.000000 0.000007 0.202748 -0.979231 -0.000009 0.202748 -0.979231 -0.000008 -0.000000 -1.000000 -0.000008 -0.000000 -1.000000 -0.000051 -0.000000 -1.000000 0.000044 -0.000000 -1.000000 0.000030 -0.000000 -1.000000 -0.000070 -0.000000 -1.000000 -0.000017 -0.000000 -1.000000 0.000007 -0.000000 -1.000000 -0.000005 -0.000000 -0.999987 0.005081 0.653581 -0.756857 -0.000000 0.202748 -0.979231 -0.000000 0.202748 -0.979231 -0.000000 0.653581 -0.756857 -0.000000 0.936080 -0.351788 -0.000000 0.936080 -0.351788 -0.000000 0.000029 -0.000033 -1.000000 0.000105 -0.000074 -1.000000 0.000086 0.000015 -1.000000 -0.000000 0.000000 -1.000000 -0.000000 0.000000 -1.000000 -0.000000 0.000000 -1.000000 0.000115 -0.000482 -1.000000 -0.000040 -0.000469 -1.000000 -1.000000 0.000208 -0.000000 -1.000000 -0.000375 -0.000000 -1.000000 -0.000480 -0.000000 -1.000000 -0.000064 -0.000000 -1.000000 0.000028 -0.000000 -1.000000 0.000020 -0.000000 -0.999922 0.012489 -0.000000 -1.000000 0.000203 -0.000000 -1.000000 0.000480 -0.000000 -1.000000 0.000000 -0.000000 -1.000000 0.000039 0.000004 -1.000000 0.000251 -0.000000 -0.997989 -0.063394 -0.000000 -0.997929 -0.064327 -0.000000 -0.997995 -0.063286 -0.000000 -0.998000 -0.063218 -0.000000 -0.998047 -0.062174 -0.006080 
						-0.998049 -0.062139 -0.006074 -0.997898 -0.064808 -0.000000 -0.997969 -0.063699 -0.000000 -0.997958 -0.063880 -0.000000 -0.997980 -0.063523 -0.000000 -0.998283 -0.058577 -0.000000 -0.997939 -0.064175 -0.000000 -0.000000 -0.036436 -0.999336 -0.222359 -0.023297 -0.974686 -0.000026 -0.000939 -1.000000 0.000000 -0.778092 0.628150 0.000000 -0.778092 0.628151 -1.000000 -0.000000 -0.000000 -1.000000 -0.000000 -0.000000 -1.000000 -0.000001 -0.000025 -1.000000 -0.000006 -0.000043 -0.999997 0.002370 -0.000744 -0.999992 0.003907 -0.000707 -1.000000 -0.000004 -0.000112 -1.000000 -0.000019 -0.000131 -0.999997 0.002277 -0.000923 -1.000000 -0.000055 -0.000157 -1.000000 0.000000 0.000000 -1.000000 -0.000035 -0.000105 -1.000000 0.000000 0.000000 -0.999999 0.000905 -0.000974 0.000000 -0.778163 0.628062 0.000000 -0.778185 0.628035 -0.999992 0.003503 -0.001893 -1.000000 -0.000090 -0.000140 -0.999989 0.004541 -0.001255 -0.999978 0.006212 -0.002229 -0.999983 0.004963 -0.003024 -0.999991 0.004041 -0.001510 0.000000 -0.778259 0.627944 0.000000 -0.778257 0.627946 -1.000000 -0.000109 -0.000133 -0.999993 0.003034 -0.002221 -0.999999 0.001505 -0.000868 -1.000000 0.000646 -0.000629 -0.999998 0.001930 -0.000226 -0.999994 0.003040 0.001393 -0.999993 0.003800 -0.000163 -0.999992 0.003835 -0.001092 -0.999995 0.003192 0.000958 -0.999994 0.002915 -0.001730 -0.999994 0.003363 -0.001315 0.000000 -0.778207 0.628007 0.000000 -0.778216 0.627997 -0.999982 -0.005918 -0.000958 -0.999983 -0.005549 -0.001636 -0.999966 -0.007894 0.002487 -0.999979 -0.006405 0.001439 -0.999978 -0.006423 0.001437 -0.999979 -0.006391 0.001442 0.000000 -0.778398 0.627771 0.000000 -0.778459 0.627696 -0.999979 0.006088 -0.002158 -0.999968 0.007566 -0.002589 0.000000 0.402202 -0.915551 0.000000 0.402506 -0.915417 0.000000 0.402203 -0.915551 0.000000 0.401933 -0.915669 0.081034 -0.535439 0.840678 
						0.080941 -0.535422 0.840697 0.064843 -0.555661 0.828876 0.065728 -0.554880 0.829330 0.025102 -0.581086 0.813455 0.023963 -0.581460 0.813222 -0.021814 -0.582318 0.812669 -0.027478 -0.580616 0.813714 -0.063270 -0.557055 0.828062 -0.066651 -0.552581 0.830790 -0.080187 -0.516655 0.852430 -0.079939 -0.516666 0.852447 -0.992408 -0.102598 -0.067825 -0.992415 -0.102553 -0.067795 -0.992427 -0.102469 -0.067740 -0.992420 -0.102517 -0.067771 -1.000000 -0.000000 0.000000 0.996621 0.082132 -0.000000 0.996621 0.082132 -0.000000 -1.000000 0.000000 0.000000 -1.000000 0.000000 0.000000 -1.000000 0.000000 0.000000 -1.000000 0.000000 0.000000 -0.993077 0.000000 0.117464 -0.993093 -0.000000 0.117329 -0.993069 0.000000 0.117532 -0.993063 0.000000 0.117586 -0.993127 0.000000 0.117041 -0.993124 0.000000 0.117066 -0.993115 0.000000 0.117143 -0.993127 0.000000 0.117041 -1.000000 0.000000 0.000000 -1.000000 0.000000 0.000000 -1.000000 -0.000000 0.000000 -1.000000 -0.000000 0.000000 -0.992416 -0.122341 -0.011963 -0.992416 -0.122341 -0.011959 -0.992524 -0.115028 -0.040793 -0.992498 -0.115227 -0.040863 -1.000000 -0.000000 0.000000 -1.000000 -0.000000 0.000000 -1.000000 0.000000 0.000000 -1.000000 0.000000 0.000000 -0.992488 -0.115305 -0.040891 -0.992488 -0.115305 -0.040891 -0.992398 -0.122485 -0.011977 -0.992425 -0.122271 -0.011956 -1.000000 0.000000 0.000000 -1.000000 0.000000 0.000000 -0.992362 -0.123362 0.000000 -0.992362 -0.123362 0.000000 -0.914826 -0.382653 0.129109 -0.914826 -0.382653 0.129109 -0.914826 -0.382653 0.129109 -0.914826 -0.382653 0.129109 -0.992404 0.000000 0.123022 -0.992405 0.000000 0.123012 -0.992388 0.000000 0.123155 -0.992366 0.000000 0.123324 -0.260666 -0.396553 -0.880227 -0.260666 -0.396555 -0.880226 -0.503072 -0.382673 -0.774906 -0.503072 -0.382673 -0.774906 0.302011 -0.000000 0.953304 0.302011 -0.000000 0.953304 
						0.575818 -0.000000 0.817578 0.575818 -0.000000 0.817578 0.000114 0.000072 1.000000 0.000086 0.000023 1.000000 -0.000000 -0.382657 -0.923891 -0.000000 -0.382660 -0.923889 -0.992387 0.000000 0.123161 -0.992363 0.000000 0.123352 -0.000000 -0.778348 0.627834 0.000000 -0.778426 0.627736 -0.000000 -0.778207 0.628008 -0.000000 -0.778152 0.628076 0.000172 -0.000083 1.000000 0.000172 -0.000069 1.000000 0.000171 -0.001773 0.999998 0.000172 -0.000091 1.000000 0.000172 0.000004 1.000000 0.000172 -0.000062 1.000000 0.000172 0.000229 1.000000 0.000172 0.000095 1.000000 0.000172 -0.000221 1.000000 0.000171 -0.000257 1.000000 0.000172 0.000124 1.000000 0.000086 -0.000018 1.000000 0.000087 -0.000013 1.000000 0.000172 0.000039 1.000000 0.000172 0.000120 1.000000 1.000000 0.000000 0.000000 -0.000000 -1.000000 -0.000000 1.000000 0.000000 0.000000 -0.000000 -0.382281 -0.924046 -0.000000 -0.382695 -0.923875 -0.000000 -0.382715 -0.923866 -0.000000 -0.383090 -0.923711 -0.000000 -0.382458 -0.923973 -0.000000 -0.382512 -0.923950 -0.000000 -0.382824 -0.923821 -0.000000 -0.382305 -0.924036 -0.000000 -0.382679 -0.923881 -0.076213 -0.368092 -0.926660 -0.076203 -0.368044 -0.926680 -0.000000 -0.380005 -0.924984 -0.000000 -0.380518 -0.924773 -0.000000 -0.384542 -0.923108 -0.000000 -0.380923 -0.924607 -0.000000 -0.372929 -0.927860 0.202748 0.979231 0.000000 0.202748 0.979231 0.000000 0.653581 0.756857 -0.000000 0.653581 0.756857 -0.000000 0.936080 0.351788 -0.000000 0.936080 0.351788 -0.000000 -0.000086 0.000018 -1.000000 -0.000086 0.000018 -1.000000 -0.000000 -0.000000 -1.000000 -0.000000 -0.000000 -1.000000 -0.000000 -0.000000 -1.000000 -0.000042 -0.000016 -1.000000 -0.000140 -0.000484 -1.000000 -0.000056 -0.000477 -1.000000 -1.000000 -0.000190 0.000000 -1.000000 0.000375 0.000000 -1.000000 -0.000350 0.000000 -1.000000 -0.000015 -0.000001 
						-1.000000 -0.000024 -0.000002 -1.000000 -0.000601 0.000000 -1.000000 0.000370 0.000000 -1.000000 -0.000251 0.000000 -1.000000 -0.000188 0.000000 -1.000000 -0.000000 0.000000 -0.997984 0.063473 0.000000 -0.997994 0.063314 0.000000 -0.997980 0.063525 0.000000 -0.998002 0.063187 0.000000 -0.997994 0.063305 0.000000 -0.997935 0.064235 0.000000 -0.998031 0.062724 0.000000 -0.998025 0.062825 0.000000 -0.998020 0.062892 0.000000 -0.998007 0.062806 0.006139 -0.998005 0.062840 0.006145 -0.997853 0.065495 0.000000 0.897604 -0.007404 -0.440741 -0.000000 -0.778072 0.628175 0.000000 -0.778196 0.628022 -1.000000 0.000001 0.000025 -1.000000 0.000006 0.000043 -0.999992 -0.003913 0.000483 -0.999997 -0.002403 0.000523 -0.999997 -0.002374 0.000648 -1.000000 0.000035 0.000105 -0.999999 -0.000939 0.000920 0.000000 -0.778791 0.627284 0.000000 -0.778828 0.627237 -0.999992 -0.003660 0.001652 -0.999982 -0.005265 0.002843 -0.999977 -0.006548 0.002028 -0.999988 -0.004716 0.001086 -0.999990 -0.004195 0.001363 0.000000 -0.778401 0.627767 0.000000 -0.778336 0.627848 -0.999993 -0.003235 0.001979 -1.000000 -0.000646 0.000629 -0.999998 -0.001588 0.000783 -0.999998 -0.001985 0.000172 -0.999992 -0.003824 0.001095 -0.999993 -0.003778 0.000173 -0.999994 -0.003040 -0.001393 -0.999994 -0.003201 -0.000961 -0.999994 -0.002886 0.001748 -0.999994 -0.003289 0.001360 -0.000000 -0.778396 0.627774 -0.000000 -0.778369 0.627807 0.000000 -0.778071 0.628176 0.000000 -0.777999 0.628265 -0.999978 -0.006312 0.002056 -0.064744 -0.555607 0.828921 -0.080363 -0.535312 0.840822 -0.080668 -0.535370 0.840757 -0.065714 -0.554873 0.829336 -0.023954 -0.581434 0.813241 -0.025167 -0.581243 0.813341 0.027748 -0.581214 0.813277 0.022119 -0.583190 0.812035 0.063813 -0.557373 0.827806 0.067228 -0.552864 0.830555 0.081073 -0.516618 0.852369 0.081035 -0.516620 0.852372 
						-1.000000 0.000000 0.000000 -0.999979 0.006489 0.000011 -0.999984 0.005466 0.001611 -0.999979 -0.006489 -0.000011 0.132674 -0.760246 0.635943 0.140473 -0.758033 0.636910 -0.140310 -0.757327 0.637785 -0.132553 -0.759691 0.636631 -0.999994 -0.003368 -0.000522 -0.999994 -0.003348 -0.000519 -0.999994 -0.003369 -0.000522 -0.999993 -0.003585 -0.000556 0.000000 -0.110316 0.993897 -0.000108 -0.109761 0.993958 -0.000071 -0.109774 0.993957 0.000000 -0.110316 0.993897 0.000082 -0.109770 0.993957 0.000097 -0.109761 0.993958 -0.999994 0.003332 0.000516 -0.999994 0.003353 0.000520 -0.999994 0.003346 0.000519 -0.999994 0.003335 0.000517 0.000005 -0.109180 0.994022 -0.000038 -0.109135 0.994027 0.000003 -0.109106 0.994030 -0.000006 -0.109060 0.994035 -0.000109 -0.109282 0.994011 -0.000113 -0.109639 0.993972 -0.000031 -0.109253 0.994014 -0.000004 -0.109178 0.994022 -0.999982 0.005783 -0.001540 -0.999982 0.005857 0.000948 -0.999982 0.005807 -0.001536 -0.999991 0.003783 -0.001864 
					</float_array>
					<technique_common>
						<accessor count="418" offset="0" source="#meshId1-tangents-array" stride="3">
							<param name="X" type="float" />
							<param name="Y" type="float" />
							<param name="Z" type="float" />
						</accessor>
					</technique_common>
				</source>
				<source id="meshId1-bitangents" name="meshId1-bitangents">
					<float_array id="meshId1-bitangents-array" count="1254"> 
						-0.123273 -0.827835 -0.547259 -0.122759 -0.827888 -0.547295 -0.123188 -0.827844 -0.547266 -0.122842 -0.827880 -0.547289 0.000000 -0.000000 1.000000 0.000000 0.022157 0.999755 0.000000 0.033237 0.999447 0.000000 0.000000 1.000000 0.000000 -0.000000 1.000000 -0.000000 -0.834198 -0.551465 -0.000000 -0.834197 -0.551466 -0.000000 -0.834197 -0.551466 -0.000000 -0.834198 -0.551465 0.117094 -0.000001 -0.993121 0.117394 -0.000000 -0.993085 0.117272 -0.000000 -0.993100 0.116879 -0.000001 -0.993146 0.117367 -0.000000 -0.993089 0.117396 0.000000 -0.993085 0.117103 0.000000 -0.993120 0.117043 0.000000 -0.993127 0.000000 -1.000000 0.000000 -0.000000 -0.995253 -0.097319 -0.000000 -0.995253 -0.097319 0.000000 -1.000000 0.000000 -0.121836 -0.935467 -0.331748 -0.122932 -0.987708 -0.096548 -0.122496 -0.987758 -0.096586 -0.122047 -0.935443 -0.331739 -0.000000 -0.942489 -0.334238 -0.000000 -0.995253 -0.097319 0.000000 -0.995257 -0.097279 -0.000000 -0.942489 -0.334238 -0.122047 -0.935443 -0.331739 -0.122046 -0.935443 -0.331739 -0.122781 -0.987723 -0.096582 -0.123095 -0.987684 -0.096578 -0.000000 -0.942489 -0.334237 -0.000000 -0.942489 -0.334237 -0.123227 -0.992378 0.000000 -0.122997 -0.992407 -0.000000 -0.990188 0.000000 -0.139745 -0.990188 0.000000 -0.139745 -0.990188 0.000000 -0.139745 -0.990188 0.000000 -0.139745 -0.123117 0.000000 0.992392 -0.123273 0.000000 0.992373 -0.123302 0.000000 0.992369 -0.122977 0.000000 0.992409 -0.544519 -0.000000 0.838749 -0.283947 -0.000000 0.958840 -0.283947 -0.000000 0.958840 -0.544519 -0.000000 0.838749 0.575818 0.000000 -0.817578 0.302012 0.000000 -0.953304 0.302012 0.000000 -0.953304 0.575818 0.000000 -0.817578 0.000086 -0.000002 -1.000000 0.000114 -0.000000 -1.000000 0.000000 -0.000000 1.000000 0.000000 -0.000000 1.000000 -0.123010 0.000000 0.992405 -0.123202 0.000000 0.992382 -0.000000 0.628009 0.778206 
						-0.000000 0.627740 0.778423 -0.000000 0.627836 0.778346 -0.000000 0.628076 0.778152 0.000172 0.000039 -1.000000 0.000171 0.000849 -1.000000 0.000172 0.000001 -1.000000 0.000172 -0.000002 -1.000000 0.000089 0.000000 -1.000000 0.000089 0.000000 -1.000000 0.000172 0.000011 -1.000000 0.000172 0.000055 -1.000000 0.000172 0.000115 -1.000000 0.000172 0.000112 -1.000000 0.000172 -0.000332 -1.000000 0.000172 -0.000161 -1.000000 0.000172 -0.000005 -1.000000 0.000172 0.000000 -1.000000 0.000172 -0.000020 -1.000000 0.000000 0.000096 1.000000 0.000000 0.000017 1.000000 0.000000 0.000067 1.000000 0.000000 0.000007 1.000000 0.000002 -0.000009 1.000000 0.000002 -0.000007 1.000000 -0.000000 -0.000008 1.000000 -0.000000 -0.000051 1.000000 0.000000 0.000044 1.000000 0.000000 0.000030 1.000000 -0.000000 -0.000070 1.000000 -0.000000 -0.000017 1.000000 0.000000 0.000007 1.000000 -0.000000 -0.000005 1.000000 0.000000 0.005081 0.999987 0.000000 -0.000000 1.000000 0.000000 -0.000000 1.000000 0.000000 -0.000000 1.000000 0.000000 -0.000000 1.000000 0.000000 -0.000000 1.000000 0.000000 -0.000000 1.000000 -0.653581 0.756857 -0.000044 -0.203054 0.979168 -0.000093 -0.203054 0.979168 -0.000003 -0.653581 0.756857 0.000000 -0.936081 0.351786 0.000000 -0.936081 0.351786 0.000000 -0.996427 0.084454 -0.000155 -0.996427 0.084454 -0.000000 -0.000208 -1.000000 -0.000000 0.000375 -1.000000 -0.000000 0.000480 -1.000000 -0.000000 0.000064 -1.000000 -0.000000 -0.000028 -1.000000 -0.000000 -0.000020 -1.000000 -0.000000 -0.012489 -0.999922 -0.000000 -0.000203 -1.000000 -0.000000 -0.000480 -1.000000 -0.000000 0.000000 -0.995257 -0.097279 -0.000039 -0.995253 -0.097319 -0.000251 -1.000000 -0.000000 -0.063394 0.997989 -0.000000 -0.064327 0.997929 -0.000000 -0.063286 0.997995 -0.000000 -0.063218 0.998000 -0.000000 -0.062471 0.993309 0.097129 
						-0.062435 0.993315 0.097096 -0.064808 0.997898 -0.000000 -0.063699 0.997969 -0.000000 -0.063880 0.997958 -0.000000 -0.063523 0.997980 -0.000000 -0.058577 0.998283 -0.000000 -0.064175 0.997939 -0.000000 -1.000000 0.000000 0.000000 -0.974957 0.009337 0.222198 -1.000000 0.000000 0.000026 -0.000000 0.628150 0.778092 -0.000000 0.628151 0.778092 0.000000 -0.136370 -0.990658 0.000000 -0.033237 -0.999447 0.000025 -0.022157 -0.999755 0.000044 -0.136370 -0.990658 -0.000388 0.146776 0.989170 -0.000610 0.024793 0.999692 -0.000112 0.036436 0.999336 -0.000133 0.146755 0.989173 -0.000112 0.332996 0.942928 -0.000167 0.332952 0.942944 -0.000000 -0.318278 -0.947998 0.000111 -0.318278 -0.947998 -0.000000 -0.529089 -0.848566 0.000342 -0.532953 -0.846145 -0.000000 0.628062 0.778163 -0.000000 0.628035 0.778185 0.000334 0.547610 0.836733 -0.000167 0.541676 0.840588 0.002388 0.718151 0.695883 0.004187 0.858151 0.513381 0.002712 0.858734 0.512415 0.001885 0.724099 0.689694 -0.000000 0.627944 0.778259 -0.000000 0.627946 0.778257 -0.000172 0.635489 0.772110 0.000234 0.639806 0.768537 -0.000443 -0.703904 -0.710295 0.000085 -0.626882 -0.779114 -0.001217 -0.712732 -0.701435 -0.003344 -0.909174 -0.416402 -0.003373 -0.905696 -0.423915 -0.003337 -0.954806 -0.297211 -0.003333 -0.957775 -0.287499 -0.001589 -0.853900 -0.520434 -0.002174 -0.851631 -0.524137 0.000000 0.628007 0.778207 0.000000 0.627997 0.778216 -0.005995 0.987132 0.159792 -0.005786 0.959172 0.282763 -0.006805 0.955227 0.295794 -0.006092 0.987130 0.159807 -0.006111 0.987129 0.159807 -0.006078 0.987130 0.159807 0.000000 0.627771 0.778398 0.000000 0.627696 0.778459 0.004658 0.911109 0.412140 0.006462 0.955230 0.295793 -0.000000 0.915551 0.402202 -0.000000 0.915417 0.402506 -0.000000 0.915551 0.402203 -0.000000 0.915669 0.401933 0.961197 -0.181164 -0.208036 
						0.961205 -0.181215 -0.207956 0.815637 -0.449037 -0.364832 0.824520 -0.437907 -0.358337 0.315268 -0.767586 -0.558048 0.300708 -0.771591 -0.560555 -0.272487 -0.778625 -0.565238 -0.343871 -0.758850 -0.553081 -0.799165 -0.468703 -0.376369 -0.843755 -0.413217 -0.342533 -0.996780 0.041563 -0.068575 -0.996800 0.041434 -0.068363 -0.122990 0.827864 0.547279 -0.122936 0.827870 0.547283 -0.122836 0.827880 0.547289 -0.122893 0.827875 0.547285 0.000000 0.022158 0.999754 0.000000 0.000000 1.000000 0.000000 0.000000 1.000000 -0.000000 -0.834197 -0.551466 -0.000000 -0.834197 -0.551466 -0.000000 -0.834198 -0.551465 -0.000000 -0.834198 -0.551465 0.117464 0.000000 0.993077 0.117329 0.000000 0.993093 0.117532 0.000000 0.993069 0.117586 0.000000 0.993063 0.117041 0.000000 0.993127 0.117066 0.000000 0.993124 0.117143 0.000000 0.993115 0.117041 0.000000 0.993127 -0.000000 -0.995253 -0.097319 -0.000000 -0.995253 -0.097319 0.000000 -1.000000 0.000000 0.000000 -1.000000 0.000000 -0.122925 0.987705 0.096581 -0.122924 0.987709 0.096548 -0.122048 0.935443 0.331739 -0.122258 0.935419 0.331731 -0.000000 -0.995257 -0.097279 0.000000 -0.995253 -0.097319 -0.000000 -0.942489 -0.334238 -0.000000 -0.942489 -0.334238 -0.122341 0.935409 0.331726 -0.122341 0.935409 0.331726 -0.123069 0.987687 0.096579 -0.122854 0.987714 0.096581 -0.000000 -0.942489 -0.334237 -0.000000 -0.942489 -0.334237 -0.123362 0.992362 -0.000000 -0.123362 0.992362 0.000000 -0.378898 0.923892 0.053474 -0.378898 0.923892 0.053474 -0.378898 0.923892 0.053474 -0.378898 0.923892 0.053474 -0.123022 -0.000000 -0.992404 -0.123012 -0.000000 -0.992405 -0.123155 -0.000000 -0.992388 -0.123324 -0.000000 -0.992366 -0.112600 0.918012 -0.380231 -0.112600 0.918011 -0.380232 -0.208373 0.923884 -0.320966 -0.208373 0.923884 -0.320966 0.000000 1.000000 0.000000 0.000000 1.000000 0.000000 
						0.000000 1.000000 0.000000 0.000000 1.000000 0.000000 0.000418 1.000000 -0.000072 0.000313 1.000000 -0.000023 0.000000 0.923891 -0.382657 0.000000 0.923889 -0.382660 -0.123161 0.000000 -0.992387 -0.123352 -0.000000 -0.992363 0.000000 -0.627834 -0.778348 0.000000 -0.627736 -0.778426 -0.000000 -0.628008 -0.778207 -0.000000 -0.628076 -0.778152 0.000627 1.000000 0.000083 0.000627 1.000000 0.000069 0.000627 0.999998 0.001773 0.000627 1.000000 0.000091 0.000626 1.000000 -0.000004 0.000627 1.000000 0.000062 0.000626 1.000000 -0.000229 0.000626 1.000000 -0.000095 0.000627 1.000000 0.000221 0.000627 1.000000 0.000257 0.000626 1.000000 -0.000124 0.203054 0.979168 0.000000 0.203054 0.979168 -0.000005 0.000626 1.000000 -0.000039 0.000626 1.000000 -0.000120 0.000000 0.000000 1.000000 0.000000 -0.000000 1.000000 0.000000 0.000000 1.000000 0.000000 0.924046 -0.382281 0.000000 0.923875 -0.382695 0.000000 0.923866 -0.382715 0.000000 0.923711 -0.383090 0.000000 0.923973 -0.382458 0.000000 0.923950 -0.382512 0.000000 0.923821 -0.382824 0.000000 0.924036 -0.382305 0.000000 0.923881 -0.382679 0.187879 0.907415 -0.375900 0.187883 0.907434 -0.375850 0.000000 0.924984 -0.380005 0.000000 0.924773 -0.380518 0.000000 0.923108 -0.384542 0.000000 0.924607 -0.380923 0.000000 0.927860 -0.372929 -0.000000 -0.000000 1.000000 -0.000000 -0.000000 1.000000 0.000000 0.000000 1.000000 0.000000 0.000000 1.000000 0.000000 0.000000 1.000000 0.000000 0.000000 1.000000 -0.203054 -0.979168 0.000000 -0.203054 -0.979168 -0.000000 -0.653581 -0.756857 0.000000 -0.653581 -0.756857 0.000000 -0.936081 -0.351786 0.000000 -0.936081 -0.351786 0.000045 -0.996427 -0.084454 0.000180 -0.996427 -0.084454 0.000096 0.000190 -1.000000 -0.000000 -0.000375 -1.000000 -0.000000 0.000350 -1.000000 -0.000000 0.000015 -0.995253 -0.097319 
						0.000024 -0.995257 -0.097279 0.000601 -1.000000 -0.000000 -0.000370 -1.000000 -0.000000 0.000251 -1.000000 -0.000000 0.000188 -1.000000 -0.000000 0.000000 -1.000000 -0.000000 0.063473 0.997984 -0.000000 0.063314 0.997994 -0.000000 0.063525 0.997980 -0.000000 0.063187 0.998002 -0.000000 0.063305 0.997994 -0.000000 0.064235 0.997935 -0.000000 0.062724 0.998031 -0.000000 0.062825 0.998025 -0.000000 0.062892 0.998020 -0.000000 0.063105 0.993273 0.097092 0.063140 0.993267 0.097124 0.065495 0.997853 -0.000000 -0.440786 -0.023981 -0.897292 -0.000000 -0.628175 -0.778072 0.000000 -0.628022 -0.778196 -0.000025 -0.022158 -0.999754 -0.000044 -0.136370 -0.990658 0.000386 0.024792 0.999692 0.000164 0.146776 0.989170 -0.000179 0.332995 0.942928 -0.000111 -0.318278 -0.947998 -0.000278 -0.532953 -0.846145 0.000000 -0.627284 -0.778791 0.000000 -0.627237 -0.778828 -0.000622 0.547609 0.836734 -0.003065 0.858732 0.512416 -0.004578 0.858148 0.513382 -0.002631 0.718150 0.695884 -0.002097 0.724098 0.689694 0.000000 -0.627767 -0.778401 0.000000 -0.627848 -0.778336 -0.000549 0.639804 0.768538 -0.000085 -0.626884 -0.779113 0.000562 -0.703903 -0.710295 0.001295 -0.712732 -0.701436 0.003325 -0.954806 -0.297212 0.003348 -0.905696 -0.423915 0.003344 -0.909174 -0.416403 0.003342 -0.957775 -0.287499 0.001555 -0.853900 -0.520434 0.002088 -0.851631 -0.524137 -0.000000 -0.627774 -0.778396 -0.000000 -0.627807 -0.778369 0.000000 -0.628176 -0.778071 0.000000 -0.628265 -0.777999 -0.004904 0.911107 0.412141 0.815645 0.449104 0.364731 0.961254 0.181538 0.207450 0.961228 0.181368 0.207717 0.824521 0.437916 0.358323 0.300709 0.771610 0.560528 0.315263 0.767467 0.558215 -0.343850 0.758393 0.553722 -0.272462 0.777972 0.566148 -0.799122 0.468324 0.376931 -0.843709 0.412839 0.343102 -0.996708 -0.042022 0.069333 -0.996711 -0.042002 0.069299 
						-0.000000 -0.624377 -0.781123 0.005949 0.915968 0.401208 0.005699 0.959173 0.282763 -0.005949 0.915968 0.401208 -0.135719 0.621637 0.771458 -0.143994 0.620807 0.770626 -0.144153 -0.621668 -0.769902 -0.135838 -0.622315 -0.770890 0.003408 -0.988199 -0.153140 0.003388 -0.988199 -0.153140 0.003410 -0.988199 -0.153140 0.003627 -0.988198 -0.153140 -1.000000 0.000000 0.000000 -0.980614 0.194776 0.021402 -0.981006 0.192811 0.021224 -1.000000 0.000000 0.000000 -0.981006 -0.192813 -0.021213 -0.980614 -0.194774 -0.021413 -0.003372 -0.988199 -0.153140 -0.003393 -0.988199 -0.153140 -0.003386 -0.988199 -0.153140 -0.003374 -0.988199 -0.153140 -0.713137 0.696834 0.076541 -0.701789 0.708132 0.077720 -0.201164 0.973710 0.106877 -0.189795 0.975967 0.107077 -0.713137 -0.696818 -0.076687 -0.201164 -0.973650 -0.107420 -0.189795 -0.975946 -0.107273 -0.701790 -0.708125 -0.077780 0.005462 0.987133 0.159806 0.005933 0.987133 0.159792 0.005487 0.987133 0.159806 0.003436 0.987143 0.159803 
					</float_array>
					<technique_common>
						<accessor count="418" offset="0" source="#meshId1-bitangents-array" stride="3">
							<param name="X" type="float" />
							<param name="Y" type="float" />
							<param name="Z" type="float" />
						</accessor>
					</technique_common>
				</source>
				<source id="meshId1-tex0" name="meshId1-tex0">
					<float_array id="meshId1-tex0-array" count="836"> 
						0.360419 0.984420 0.361098 0.989879 0.349179 0.991365 0.348500 0.985906 0.291947 0.584775 0.299973 0.584775 0.337513 0.584775 0.337513 0.628539 0.291947 0.628539 0.911167 0.101068 0.911167 0.106573 0.899157 0.106573 0.899157 0.101068 0.178863 0.986382 0.172075 0.972623 0.184003 0.974033 0.190543 0.986113 0.185414 0.962067 0.173487 0.960657 0.178616 0.917196 0.190543 0.918602 0.911167 0.000488 0.911167 0.094868 0.899157 0.094868 0.899157 0.000488 0.361481 0.992964 0.361864 0.996041 0.349947 0.997522 0.349562 0.994441 0.911167 0.109679 0.911167 0.112773 0.899157 0.112773 0.899157 0.109679 0.360036 0.981348 0.348117 0.982825 0.359653 0.978262 0.347734 0.979748 0.911167 0.097962 0.899157 0.097962 0.356889 0.956064 0.344970 0.957542 0.239358 0.854811 0.287365 0.854811 0.287365 0.866494 0.239358 0.866494 0.361864 0.931981 0.355400 0.944107 0.343484 0.945588 0.350183 0.931783 0.287365 0.866494 0.287365 0.881834 0.239358 0.881834 0.239358 0.866494 0.244971 0.831188 0.244971 0.817449 0.292986 0.817449 0.292986 0.831188 0.244971 0.805398 0.292986 0.805398 0.287365 0.893883 0.239358 0.893883 0.356889 0.956064 0.344970 0.957542 0.779500 0.754723 
						0.787310 0.765838 0.781753 0.770321 0.773054 0.757799 0.342381 0.762236 0.345125 0.763687 0.349397 0.767154 0.355189 0.769207 0.462776 0.769207 0.462776 0.812970 0.331211 0.812970 0.328155 0.812369 0.325419 0.810917 0.321147 0.807453 0.318399 0.806001 0.315356 0.805398 0.244971 0.761635 0.339334 0.761635 0.352146 0.768605 0.315531 0.891828 0.319803 0.888364 0.322547 0.886913 0.325590 0.886311 0.460423 0.886311 0.460423 0.930075 0.349572 0.930075 0.346525 0.930676 0.343785 0.932127 0.339513 0.935594 0.336769 0.937045 0.333726 0.937646 0.239358 0.937646 0.309739 0.893883 0.312787 0.893282 0.280179 0.628539 0.275944 0.628539 0.275944 0.584775 0.280179 0.584775 0.285587 0.628539 0.285587 0.584775 0.969489 0.595708 0.969489 0.597775 0.925708 0.597771 0.925708 0.595708 0.969489 0.593061 0.925708 0.593061 0.969489 0.589959 0.925708 0.589959 0.896590 0.531570 0.894908 0.535455 0.890314 0.538300 0.884037 0.539344 0.838474 0.539344 0.838474 0.532289 0.878313 0.532104 0.881377 0.531599 0.884442 0.528308 0.884581 0.420725 0.896590 0.420725 0.883621 0.530206 0.871700 0.001050 0.877900 0.002489 0.882305 0.005616 0.883739 0.009602 0.875225 0.144152 
						0.863237 0.143398 0.871407 0.012081 0.865530 0.007906 0.863237 0.007666 0.863688 0.000540 0.870708 0.010141 0.868558 0.008609 0.969491 0.550104 0.969491 0.587652 0.925708 0.550104 0.773336 0.742647 0.766355 0.744150 0.940323 0.416654 0.940323 0.403072 0.977859 0.403067 0.977859 0.416654 0.971507 0.816602 0.971498 0.831843 0.933968 0.831818 0.933970 0.816594 0.971514 0.801396 0.933972 0.801400 0.940323 0.430215 0.977859 0.430210 0.940323 0.443776 0.977859 0.443771 0.770134 0.729469 0.762994 0.729313 0.971514 0.786193 0.933975 0.786210 0.949642 0.769459 0.949617 0.759227 0.971474 0.755780 0.971512 0.770978 0.770070 0.715908 0.763161 0.714102 0.933975 0.780886 0.943659 0.778074 0.955993 0.458233 0.950007 0.449542 0.977861 0.457328 0.940270 0.479353 0.949965 0.476718 0.977786 0.485662 0.940250 0.485536 0.955982 0.468490 0.977845 0.470889 0.773147 0.702704 0.766843 0.699350 0.934199 0.724137 0.934100 0.740788 0.896565 0.740565 0.896642 0.727719 0.897779 0.725017 0.900490 0.723914 0.779734 0.689488 0.773840 0.685848 0.943600 0.750999 0.971397 0.740573 0.007410 0.822317 0.000500 0.821408 0.000597 0.815221 0.007410 0.814724 0.042041 0.989060 
						0.035091 0.989645 0.033867 0.979674 0.040893 0.979081 0.032691 0.969556 0.039638 0.968975 0.032880 0.959324 0.039986 0.958727 0.034532 0.948966 0.041915 0.948347 0.034648 0.938877 0.042041 0.938263 0.367789 0.938030 0.379706 0.939516 0.379028 0.944970 0.367109 0.943489 0.375052 0.584775 0.383074 0.584775 0.383074 0.628539 0.897457 0.106569 0.885448 0.106569 0.885448 0.101068 0.897457 0.101068 0.533872 0.597127 0.521944 0.598537 0.528732 0.584787 0.540414 0.585048 0.528485 0.653965 0.523356 0.610499 0.535284 0.609093 0.540414 0.652559 0.897457 0.094856 0.885448 0.094856 0.885448 0.000488 0.897457 0.000488 0.368556 0.931872 0.380473 0.933354 0.380089 0.936431 0.368173 0.934949 0.897457 0.112773 0.885448 0.112773 0.885448 0.109671 0.897457 0.109671 0.378645 0.948056 0.366726 0.946570 0.378262 0.951128 0.366343 0.949647 0.885448 0.097962 0.897457 0.097962 0.375498 0.973330 0.363581 0.971849 0.853716 0.878691 0.864510 0.883162 0.846137 0.927518 0.835343 0.923047 0.362092 0.983810 0.374011 0.985288 0.380473 0.997418 0.368792 0.997611 0.821172 0.917177 0.839545 0.872821 0.853716 0.878691 0.835343 0.923047 0.820363 0.456731 0.820363 0.504733 
						0.806625 0.504733 0.806625 0.456731 0.832412 0.456731 0.832412 0.504733 0.810040 0.912566 0.828413 0.868210 0.363581 0.971849 0.375498 0.973330 0.749717 0.421110 0.755276 0.425593 0.747464 0.436708 0.741020 0.433632 0.870658 0.400314 0.874122 0.404587 0.875576 0.407331 0.876177 0.410374 0.876177 0.504733 0.832412 0.434352 0.831811 0.431309 0.830360 0.428565 0.826895 0.424297 0.825442 0.421548 0.824840 0.418505 0.824840 0.286927 0.868605 0.286927 0.868605 0.394527 0.869207 0.397570 0.836974 0.847543 0.828413 0.868210 0.810040 0.912566 0.836974 0.847543 0.810040 0.912566 0.769607 0.895818 0.805720 0.808634 0.807440 0.806053 0.809835 0.804070 0.814669 0.801453 0.817060 0.799473 0.818781 0.796887 0.861198 0.694484 0.901631 0.711232 0.850037 0.835792 0.848315 0.838377 0.845920 0.840360 0.841090 0.842970 0.838697 0.844953 0.399081 0.584775 0.399081 0.628539 0.394847 0.628539 0.394847 0.584775 0.389438 0.628539 0.389438 0.584775 0.925708 0.502430 0.969489 0.502430 0.969489 0.504492 0.925708 0.504492 0.969489 0.507135 0.925708 0.507135 0.969489 0.510242 0.925708 0.510246 0.786635 0.538300 0.782039 0.535455 0.780358 0.531570 0.780358 0.420725 
						0.792367 0.420725 0.792506 0.528308 0.793327 0.530206 0.795572 0.531599 0.798635 0.532104 0.792911 0.539344 0.759538 0.425849 0.763946 0.422722 0.770144 0.421287 0.778158 0.420778 0.778609 0.427903 0.776314 0.428147 0.773288 0.428846 0.771137 0.430374 0.770437 0.432318 0.778609 0.563644 0.766624 0.564405 0.758107 0.429839 0.969491 0.512552 0.741300 0.448784 0.734319 0.447281 0.902785 0.403067 0.902785 0.416654 0.896438 0.831834 0.896433 0.816594 0.896431 0.801383 0.902785 0.430210 0.902785 0.443771 0.738100 0.461957 0.730960 0.462122 0.896435 0.786181 0.896484 0.755767 0.918340 0.759223 0.918312 0.769455 0.896442 0.770970 0.738036 0.475514 0.731125 0.477320 0.924292 0.778070 0.930637 0.449542 0.924650 0.458233 0.902785 0.457332 0.902857 0.485662 0.930678 0.476718 0.940373 0.479353 0.940393 0.485536 0.924661 0.468494 0.902798 0.470889 0.741113 0.488722 0.734807 0.492080 0.747698 0.501942 0.741804 0.505578 0.924360 0.750999 0.001665 0.771671 0.002890 0.761700 0.009840 0.762281 0.008690 0.772264 0.007437 0.782370 0.000489 0.781789 0.007785 0.792627 0.000679 0.792021 0.002330 0.802383 0.009712 0.803006 0.002447 0.812468 0.009840 0.813091 
						0.940323 0.446722 0.933901 0.748381 0.933862 0.740788 0.934059 0.748381 0.787310 0.681163 0.782416 0.676289 0.750382 0.515141 0.755276 0.510275 0.902895 0.496921 0.940444 0.500620 0.906731 0.500734 0.904022 0.499623 0.030990 0.957121 0.030990 0.990830 0.024073 0.990830 0.024156 0.957121 0.024073 0.923407 0.030990 0.923407 0.940199 0.500620 0.977749 0.496921 0.976621 0.499623 0.973912 0.500734 0.024123 0.993759 0.031039 0.993759 0.024260 0.996684 0.031160 0.996684 0.024123 0.920482 0.024260 0.917557 0.031160 0.917553 0.031039 0.920482 0.971322 0.727723 0.933768 0.724137 0.967477 0.723923 0.970188 0.725030 
					</float_array>
					<technique_common>
						<accessor count="418" offset="0" source="#meshId1-tex0-array" stride="2">
							<param name="S" type="float" />
							<param name="T" type="float" />
						</accessor>
					</technique_common>
				</source>
				<vertices id="meshId1-vertices">
					<input semantic="POSITION" source="#meshId1-positions" />
				</vertices>
				<polylist count="366" material="defaultMaterial">
					<input offset="0" semantic="VERTEX" source="#meshId1-vertices" />
					<input offset="0" semantic="NORMAL" source="#meshId1-normals" />
					<input offset="0" semantic="TANGENT" source="#meshId1-tangents" />
					<input offset="0" semantic="BINORMAL" source="#meshId1-bitangents" />
					<input offset="0" semantic="TEXCOORD" source="#meshId1-tex0" set="0" />
					<vcount>
						3 3 3 3 3 3 3 3 3 3 3 3 3 3 3 3 3 3 3 3 3 3 3 3 3 3 3 3 3 3 3 3 3 3 3 3 3 3 3 3 3 3 3 3 3 3 3 3 3 3 3 3 3 3 3 3 3 3 3 3 3 3 3 3 
						3 3 3 3 3 3 3 3 3 3 3 3 3 3 3 3 3 3 3 3 3 3 3 3 3 3 3 3 3 3 3 3 3 3 3 3 3 3 3 3 3 3 3 3 3 3 3 3 3 3 3 3 3 3 3 3 3 3 3 3 3 3 3 3 
						3 3 3 3 3 3 3 3 3 3 3 3 3 3 3 3 3 3 3 3 3 3 3 3 3 3 3 3 3 3 3 3 3 3 3 3 3 3 3 3 3 3 3 3 3 3 3 3 3 3 3 3 3 3 3 3 3 3 3 3 3 3 3 3 
						3 3 3 3 3 3 3 3 3 3 3 3 3 3 3 3 3 3 3 3 3 3 3 3 3 3 3 3 3 3 3 3 3 3 3 3 3 3 3 3 3 3 3 3 3 3 3 3 3 3 3 3 3 3 3 3 3 3 3 3 3 3 3 3 
						3 3 3 3 3 3 3 3 3 3 3 3 3 3 3 3 3 3 3 3 3 3 3 3 3 3 3 3 3 3 3 3 3 3 3 3 3 3 3 3 3 3 3 3 3 3 3 3 3 3 3 3 3 3 3 3 3 3 3 3 3 3 3 3 
						3 3 3 3 3 3 3 3 3 3 3 3 3 3 3 3 3 3 3 3 3 3 3 3 3 3 3 3 3 3 3 3 3 3 3 3 3 3 3 3 3 3 3 3 3 3 
					</vcount>
					<p>
						0 1 2 2 3 0 4 5 6 4 6 7 7 8 4 9 10 11 11 12 9 13 14 15 15 16 13 17 18 19 19 20 17 21 22 23 23 24 21 25 26 27 27 28 25 1 25 28 28 2 1 29 30 31 31 32 29 10 29 32 32 11 10 33 0 3 3 34 33 35 33 34 34 36 35 37 9 12 12 38 37 22 37 38 38 23 22 39 35 36 36 40 39 41 42 43 43 44 41 45 46 47 47 48 45 49 50 51 51 52 49 53 54 55 55 56 53 54 57 58 58 55 54 50 59 60 60 51 50 46 61 62 62 47 46 14 18 17 17 15 14 63 64 65 65 66 63 67 68 69 70 71 72 70 72 73 70 73 74 70 74 75 70 75 76 70 76 77 70 77 78 70 78 58 70 58 57 70 57 79 79 80 67 79 67 69 79 69 81 81 70 79 
						82 83 84 82 84 85 82 85 86 82 86 87 82 87 88 82 88 89 82 89 90 82 90 91 82 91 92 82 92 93 82 93 94 94 60 59 94 59 95 94 95 96 82 94 96 97 98 99 99 100 97 101 97 100 100 102 101 8 101 102 102 4 8 103 104 105 105 106 103 107 103 106 106 108 107 109 107 108 108 110 109 111 112 113 111 113 114 111 114 115 115 116 117 115 117 118 119 120 121 119 121 111 111 115 118 111 118 122 122 119 111 123 124 125 123 125 126 123 126 127 127 128 129 130 131 132 130 132 123 123 127 129 123 129 133 123 133 134 134 130 123 135 136 109 135 109 110 110 137 135 138 63 66 66 139 138 140 141 142 142 143 140 144 145 146 146 147 144 148 144 147 147 149 148 150 140 143 143 151 150 152 150 151 151 153 152 154 138 139 139 155 154 
						156 148 149 149 157 156 158 159 160 160 161 158 162 154 155 155 163 162 164 165 156 156 157 164 166 167 153 153 168 166 169 170 171 171 172 169 173 166 168 168 174 173 175 162 163 163 176 175 177 178 179 177 179 180 177 180 181 181 182 177 183 175 176 176 184 183 159 185 186 186 160 159 187 188 189 189 190 187 191 192 193 193 194 191 193 195 196 196 194 193 195 197 198 198 196 195 198 197 199 199 200 198 200 199 201 201 202 200 203 204 205 205 206 203 6 207 208 6 208 209 209 7 6 210 211 212 212 213 210 214 215 216 216 217 214 218 219 220 220 221 218 222 223 224 224 225 222 226 227 228 228 229 226 229 228 204 204 203 229 230 231 232 232 233 230 233 232 211 211 210 233 206 205 234 234 235 206 235 234 236 236 237 235 213 212 238 238 239 213 239 238 223 
						223 222 239 237 236 240 240 241 237 242 243 244 244 245 242 246 247 248 248 249 246 250 251 252 252 253 250 254 255 256 256 257 254 258 259 255 255 254 258 260 261 251 251 250 260 262 263 247 247 246 262 220 219 215 215 214 220 264 265 266 266 267 264 268 269 270 268 270 271 268 271 272 268 272 259 268 259 258 268 258 273 268 273 274 268 274 275 268 275 276 268 276 277 268 277 278 278 279 280 278 280 281 278 281 282 278 282 268 283 284 285 286 287 288 286 288 289 286 289 290 286 290 291 286 291 292 286 292 293 286 293 294 286 294 295 286 295 296 296 297 298 296 298 299 296 299 300 296 300 301 301 286 296 302 303 304 304 305 302 305 304 306 306 307 305 307 306 209 209 208 307 308 309 310 310 311 308 311 310 312 312 313 311 313 312 314 314 315 313 316 317 318 
						316 318 319 316 319 320 316 320 321 316 321 322 316 322 323 316 323 324 316 324 116 316 116 115 115 325 316 326 327 328 326 328 329 326 329 330 326 330 331 326 331 332 326 332 333 326 333 334 326 334 335 326 335 336 336 337 326 314 338 135 314 135 137 137 315 314 267 266 339 339 340 267 341 141 140 140 342 341 146 343 344 344 147 146 147 344 345 345 149 147 342 140 150 150 346 342 346 150 152 152 347 346 340 339 348 348 349 340 149 345 350 350 157 149 351 352 353 353 354 351 349 348 355 355 356 349 350 357 164 164 157 350 347 358 359 359 360 347 361 362 363 363 364 361 360 359 365 365 366 360 356 355 367 367 368 356 368 367 369 369 370 368 179 371 352 352 351 179 372 373 374 374 375 372 376 377 372 372 375 376 378 379 377 377 376 378 380 379 378 378 381 380 
						382 380 381 381 383 382 167 384 152 152 153 167 152 384 358 358 347 152 366 365 362 362 361 366 170 173 174 174 171 170 185 385 386 386 186 185 178 387 371 371 179 178 165 158 161 161 156 165 354 353 357 357 350 354 388 183 184 184 389 388 390 370 369 369 391 390 392 361 364 392 364 393 392 393 394 394 395 392 396 397 398 398 399 396 400 401 396 396 399 400 402 172 171 402 171 403 402 403 404 404 405 402 406 398 397 397 407 406 408 406 407 407 409 408 410 411 412 412 413 410 400 410 413 413 401 400 414 186 386 414 386 415 414 415 416 416 417 414 
					</p>
				</polylist>
			</mesh>
		</geometry>
	</library_geometries>
	<library_visual_scenes>
		<visual_scene id="RootNode" name="RootNode">
			<node id="Body" name="Body">
				<matrix>-1.000000 -0.000000 0.000000 0.000000 0.000000 -0.000000 1.000000 2.683156 0.000000 1.000000 0.000000 9.441051 0.000000 0.000000 0.000000 1.000000</matrix>
				<instance_geometry url="#meshId0">
					<bind_material>
						<technique_common>
							<instance_material symbol="defaultMaterial" target="#M7_Grenade_Launcher_1001" />
						</technique_common>
					</bind_material>
				</instance_geometry>
			</node>
			<node id="Latch" name="Latch">
				<matrix>-1.000000 -0.000000 0.000000 -0.000215 0.000000 -0.000000 1.000000 -1.023438 0.000000 1.000000 0.000000 -10.479838 0.000000 0.000000 0.000000 1.000000</matrix>
				<instance_geometry url="#meshId1">
					<bind_material>
						<technique_common>
							<instance_material symbol="defaultMaterial" target="#M7_Grenade_Launcher_1001" />
						</technique_common>
					</bind_material>
				</instance_geometry>
			</node>
		</visual_scene>
	</library_visual_scenes>
	<scene>
		<instance_visual_scene url="#RootNode" />
	</scene>
</COLLADA>
