# This file uses centimeters as units for non-parametric coordinates.

mtllib Torpedo.mtl
g default
v 0.906418 0.051095 -5.084415
v 0.771046 0.316779 -5.084415
v 0.560197 0.527627 -5.084415
v 0.294513 0.663000 -5.084415
v 0.000000 0.709646 -5.084415
v -0.294513 0.663000 -5.084415
v -0.560197 0.527627 -5.084415
v -0.771045 0.316779 -5.084415
v -0.906418 0.051095 -5.084415
v -0.953064 -0.243418 -5.084415
v -0.906418 -0.537932 -5.084415
v -0.771045 -0.803616 -5.084415
v -0.560197 -1.014464 -5.084415
v -0.294513 -1.149837 -5.084415
v -0.000000 -1.196483 -5.084415
v 0.294513 -1.149837 -5.084415
v 0.560197 -1.014464 -5.084415
v 0.771045 -0.803616 -5.084415
v 0.906418 -0.537932 -5.084415
v 0.953064 -0.243418 -5.084415
v 0.906418 0.018109 8.912737
v 0.771046 0.283793 8.912737
v 0.560197 0.494641 8.912737
v 0.294513 0.630014 8.912737
v 0.000000 0.676660 8.912737
v -0.294513 0.630014 8.912737
v -0.560197 0.494641 8.912737
v -0.771045 0.283793 8.912737
v -0.906418 0.018109 8.912737
v -0.953064 -0.276404 8.912737
v -0.906418 -0.570917 8.912737
v -0.771045 -0.836601 8.912737
v -0.560197 -1.047449 8.912737
v -0.294513 -1.182822 8.912737
v -0.000000 -1.229469 8.912737
v 0.294513 -1.182822 8.912737
v 0.560197 -1.047449 8.912737
v 0.771045 -0.836601 8.912737
v 0.906418 -0.570917 8.912737
v 0.953064 -0.276404 8.912737
v 0.165247 -0.222712 10.653465
v 0.140568 -0.174276 10.653465
v 0.102128 -0.135836 10.653465
v 0.053692 -0.111156 10.653465
v -0.000000 -0.102653 10.653465
v -0.053692 -0.111156 10.653465
v -0.102128 -0.135836 10.653465
v -0.140568 -0.174276 10.653465
v -0.165248 -0.222712 10.653465
v -0.173751 -0.276404 10.653465
v -0.165248 -0.330096 10.653465
v -0.140568 -0.378533 10.653465
v -0.102128 -0.416972 10.653465
v -0.053692 -0.441652 10.653465
v -0.000000 -0.450155 10.653465
v 0.053692 -0.441652 10.653465
v 0.102128 -0.416972 10.653465
v 0.140568 -0.378533 10.653465
v 0.165247 -0.330096 10.653465
v 0.173751 -0.276404 10.653465
v 0.449515 -0.130348 10.305321
v 0.472647 -0.276404 10.305321
v 0.449514 -0.422460 10.305321
v 0.382380 -0.554219 10.305321
v 0.277815 -0.658784 10.305321
v 0.146056 -0.725919 10.305321
v -0.000000 -0.749051 10.305321
v -0.146056 -0.725919 10.305321
v -0.277815 -0.658784 10.305321
v -0.382380 -0.554219 10.305321
v -0.449515 -0.422460 10.305321
v -0.472647 -0.276404 10.305321
v -0.449515 -0.130348 10.305321
v -0.382380 0.001411 10.305321
v -0.277815 0.105976 10.305321
v -0.146056 0.173110 10.305321
v -0.000000 0.196243 10.305321
v 0.146056 0.173110 10.305321
v 0.277815 0.105976 10.305321
v 0.382380 0.001411 10.305321
v 0.641630 -0.067926 9.957178
v 0.674649 -0.276404 9.957178
v 0.641630 -0.484882 9.957178
v 0.545803 -0.672953 9.957178
v 0.396549 -0.822207 9.957178
v 0.208478 -0.918034 9.957178
v -0.000000 -0.951054 9.957178
v -0.208478 -0.918034 9.957178
v -0.396549 -0.822207 9.957178
v -0.545803 -0.672953 9.957178
v -0.641630 -0.484882 9.957178
v -0.674650 -0.276404 9.957178
v -0.641630 -0.067926 9.957178
v -0.545803 0.120145 9.957178
v -0.396549 0.269399 9.957178
v -0.208478 0.365226 9.957178
v -0.000000 0.398245 9.957178
v 0.208478 0.365226 9.957178
v 0.396549 0.269399 9.957178
v 0.545803 0.120145 9.957178
v 0.785476 -0.021188 9.609034
v 0.825898 -0.276404 9.609034
v 0.785476 -0.531621 9.609034
v 0.668166 -0.761855 9.609034
v 0.485451 -0.944570 9.609034
v 0.255216 -1.061880 9.609034
v -0.000000 -1.102302 9.609034
v -0.255217 -1.061880 9.609034
v -0.485451 -0.944570 9.609034
v -0.668166 -0.761855 9.609034
v -0.785476 -0.531621 9.609034
v -0.825898 -0.276404 9.609034
v -0.785476 -0.021188 9.609034
v -0.668166 0.209046 9.609034
v -0.485451 0.391762 9.609034
v -0.255217 0.509072 9.609034
v -0.000000 0.549494 9.609034
v 0.255217 0.509072 9.609034
v 0.485451 0.391762 9.609034
v 0.668166 0.209047 9.609034
v 0.885441 0.011293 9.260881
v 0.931007 -0.276404 9.260881
v 0.885440 -0.564101 9.260881
v 0.753200 -0.823636 9.260881
v 0.547232 -1.029605 9.260881
v 0.287697 -1.161844 9.260881
v -0.000000 -1.207411 9.260881
v -0.287697 -1.161845 9.260881
v -0.547232 -1.029605 9.260881
v -0.753200 -0.823637 9.260881
v -0.885440 -0.564101 9.260881
v -0.931007 -0.276404 9.260881
v -0.885440 0.011293 9.260881
v -0.753201 0.270828 9.260881
v -0.547232 0.476796 9.260881
v -0.287697 0.609036 9.260881
v -0.000000 0.654603 9.260881
v 0.287697 0.609037 9.260881
v 0.547232 0.476797 9.260881
v 0.753201 0.270828 9.260881
v 0.165247 -0.222712 10.668301
v 0.140568 -0.174276 10.668301
v 0.102128 -0.135836 10.668301
v 0.053692 -0.111156 10.668301
v -0.000000 -0.102653 10.668301
v -0.053692 -0.111156 10.668301
v -0.102128 -0.135836 10.668301
v -0.140568 -0.174276 10.668301
v -0.165248 -0.222712 10.668301
v -0.173751 -0.276404 10.668301
v -0.165248 -0.330096 10.668301
v -0.140568 -0.378533 10.668301
v -0.102128 -0.416972 10.668301
v -0.053692 -0.441652 10.668301
v -0.000000 -0.450155 10.668301
v 0.053692 -0.441652 10.668301
v 0.102128 -0.416972 10.668301
v 0.140568 -0.378533 10.668301
v 0.165247 -0.330096 10.668301
v 0.173751 -0.276404 10.668301
v -0.000000 -0.276404 10.793747
v 0.144393 -0.229488 10.654400
v 0.122828 -0.187164 10.654400
v 0.122828 -0.187164 10.667368
v 0.144393 -0.229488 10.667368
v 0.089240 -0.153576 10.654400
v 0.089240 -0.153576 10.667368
v 0.046916 -0.132011 10.654400
v 0.046916 -0.132011 10.667368
v -0.000000 -0.124581 10.654400
v -0.000000 -0.124581 10.667368
v -0.046916 -0.132011 10.654400
v -0.046916 -0.132011 10.667368
v -0.089240 -0.153576 10.654400
v -0.089240 -0.153576 10.667368
v -0.122828 -0.187165 10.654400
v -0.122828 -0.187165 10.667368
v -0.144393 -0.229488 10.654400
v -0.144393 -0.229488 10.667368
v -0.151823 -0.276404 10.654400
v -0.151823 -0.276404 10.667368
v -0.144393 -0.323320 10.654400
v -0.144393 -0.323320 10.667368
v -0.122828 -0.365644 10.654400
v -0.122828 -0.365644 10.667368
v -0.089240 -0.399232 10.654400
v -0.089240 -0.399232 10.667368
v -0.046916 -0.420797 10.654400
v -0.046916 -0.420797 10.667368
v -0.000000 -0.428227 10.654400
v -0.000000 -0.428227 10.667368
v 0.046916 -0.420797 10.654400
v 0.046916 -0.420797 10.667368
v 0.089239 -0.399232 10.654400
v 0.089239 -0.399232 10.667368
v 0.122828 -0.365644 10.654400
v 0.122828 -0.365644 10.667368
v 0.144393 -0.323320 10.654400
v 0.144393 -0.323320 10.667368
v 0.151823 -0.276404 10.654400
v 0.151823 -0.276404 10.667368
v 0.240932 -0.165135 -10.041842
v 0.204949 -0.094514 -10.041842
v -0.000000 -0.243418 -10.043270
v 0.148904 -0.038469 -10.041842
v 0.078284 -0.002486 -10.041842
v -0.000000 0.009912 -10.041842
v -0.078284 -0.002486 -10.041842
v -0.148905 -0.038469 -10.041842
v -0.204949 -0.094514 -10.041842
v -0.240932 -0.165135 -10.041842
v -0.253331 -0.243418 -10.041842
v -0.240932 -0.321702 -10.041842
v -0.204949 -0.392323 -10.041842
v -0.148905 -0.448367 -10.041842
v -0.078284 -0.484351 -10.041842
v -0.000000 -0.496749 -10.041842
v 0.078284 -0.484351 -10.041842
v 0.148904 -0.448367 -10.041842
v 0.204949 -0.392323 -10.041842
v 0.240932 -0.321702 -10.041842
v 0.253331 -0.243418 -10.041842
v 0.415041 -0.108563 -9.052929
v 0.353055 0.013091 -9.052929
v 0.256510 0.109637 -9.052929
v 0.134855 0.171623 -9.052929
v -0.000000 0.192981 -9.052929
v -0.134855 0.171623 -9.052929
v -0.256510 0.109637 -9.052929
v -0.353055 0.013091 -9.052929
v -0.415041 -0.108563 -9.052929
v -0.436400 -0.243418 -9.052929
v -0.415041 -0.378274 -9.052929
v -0.353055 -0.499928 -9.052929
v -0.256510 -0.596473 -9.052929
v -0.134855 -0.658460 -9.052929
v -0.000000 -0.679818 -9.052929
v 0.134855 -0.658460 -9.052929
v 0.256510 -0.596473 -9.052929
v 0.353055 -0.499928 -9.052929
v 0.415041 -0.378274 -9.052929
v 0.436400 -0.243418 -9.052929
v 0.505824 -0.079066 -8.555613
v 0.430280 0.069198 -8.555613
v 0.312617 0.186861 -8.555613
v 0.164352 0.262406 -8.555613
v -0.000000 0.288436 -8.555613
v -0.164352 0.262406 -8.555613
v -0.312617 0.186861 -8.555613
v -0.430280 0.069198 -8.555613
v -0.505824 -0.079066 -8.555613
v -0.531855 -0.243418 -8.555613
v -0.505824 -0.407771 -8.555613
v -0.430280 -0.556035 -8.555613
v -0.312617 -0.673698 -8.555613
v -0.164352 -0.749243 -8.555613
v -0.000000 -0.775273 -8.555613
v 0.164352 -0.749243 -8.555613
v 0.312616 -0.673698 -8.555613
v 0.430279 -0.556035 -8.555613
v 0.505824 -0.407771 -8.555613
v 0.531855 -0.243418 -8.555613
v 0.597120 -0.049402 -8.059729
v 0.507941 0.125622 -8.059729
v 0.369041 0.264522 -8.059729
v 0.194016 0.353702 -8.059729
v -0.000000 0.384431 -8.059729
v -0.194016 0.353702 -8.059729
v -0.369041 0.264522 -8.059729
v -0.507941 0.125622 -8.059729
v -0.597120 -0.049402 -8.059729
v -0.627849 -0.243418 -8.059729
v -0.597120 -0.437435 -8.059729
v -0.507941 -0.612459 -8.059729
v -0.369041 -0.751359 -8.059729
v -0.194016 -0.840539 -8.059729
v -0.000000 -0.871267 -8.059729
v 0.194016 -0.840539 -8.059729
v 0.369040 -0.751359 -8.059729
v 0.507940 -0.612459 -8.059729
v 0.597120 -0.437435 -8.059729
v 0.627849 -0.243418 -8.059729
v 0.677304 -0.023349 -7.563844
v 0.576149 0.175179 -7.563844
v 0.418597 0.332731 -7.563844
v 0.220069 0.433886 -7.563844
v -0.000000 0.468741 -7.563844
v -0.220070 0.433886 -7.563844
v -0.418597 0.332731 -7.563844
v -0.576149 0.175179 -7.563844
v -0.677304 -0.023349 -7.563844
v -0.712160 -0.243418 -7.563844
v -0.677304 -0.463488 -7.563844
v -0.576149 -0.662016 -7.563844
v -0.418597 -0.819568 -7.563844
v -0.220069 -0.920723 -7.563844
v -0.000000 -0.955578 -7.563844
v 0.220069 -0.920723 -7.563844
v 0.418597 -0.819568 -7.563844
v 0.576149 -0.662015 -7.563844
v 0.677304 -0.463488 -7.563844
v 0.712159 -0.243418 -7.563844
v 0.735672 -0.004384 -7.067958
v 0.625800 0.211252 -7.067958
v 0.454670 0.382381 -7.067958
v 0.239034 0.492253 -7.067958
v -0.000000 0.530112 -7.067958
v -0.239034 0.492253 -7.067958
v -0.454670 0.382381 -7.067958
v -0.625800 0.211252 -7.067958
v -0.735671 -0.004384 -7.067958
v -0.773531 -0.243418 -7.067958
v -0.735671 -0.482453 -7.067958
v -0.625800 -0.698088 -7.067958
v -0.454670 -0.869218 -7.067958
v -0.239034 -0.979090 -7.067958
v -0.000000 -1.016949 -7.067958
v 0.239034 -0.979090 -7.067958
v 0.454670 -0.869218 -7.067958
v 0.625799 -0.698088 -7.067958
v 0.735671 -0.482453 -7.067958
v 0.773530 -0.243418 -7.067958
v 0.799493 0.016353 -6.572073
v 0.680090 0.250696 -6.572073
v 0.494114 0.436671 -6.572073
v 0.259771 0.556075 -6.572073
v -0.000000 0.597218 -6.572073
v -0.259771 0.556075 -6.572073
v -0.494114 0.436671 -6.572073
v -0.680089 0.250695 -6.572073
v -0.799493 0.016353 -6.572073
v -0.840637 -0.243418 -6.572073
v -0.799493 -0.503189 -6.572073
v -0.680089 -0.737532 -6.572073
v -0.494114 -0.923507 -6.572073
v -0.259771 -1.042912 -6.572073
v -0.000000 -1.084055 -6.572073
v 0.259771 -1.042912 -6.572073
v 0.494114 -0.923507 -6.572073
v 0.680089 -0.737532 -6.572073
v 0.799493 -0.503189 -6.572073
v 0.840636 -0.243418 -6.572073
v 0.846952 0.031773 -6.076185
v 0.720461 0.280027 -6.076185
v 0.523445 0.477042 -6.076185
v 0.275191 0.603534 -6.076185
v -0.000000 0.647120 -6.076185
v -0.275191 0.603534 -6.076185
v -0.523445 0.477042 -6.076185
v -0.720460 0.280027 -6.076185
v -0.846952 0.031773 -6.076185
v -0.890538 -0.243418 -6.076185
v -0.846952 -0.518610 -6.076185
v -0.720460 -0.766864 -6.076185
v -0.523445 -0.963879 -6.076185
v -0.275191 -1.090371 -6.076185
v -0.000000 -1.133956 -6.076185
v 0.275191 -1.090371 -6.076185
v 0.523445 -0.963879 -6.076185
v 0.720460 -0.766864 -6.076185
v 0.846952 -0.518610 -6.076185
v 0.890538 -0.243418 -6.076185
v 0.894411 0.047193 -5.580300
v 0.760832 0.309358 -5.580300
v 0.552777 0.517413 -5.580300
v 0.290612 0.650993 -5.580300
v -0.000000 0.697021 -5.580300
v -0.290612 0.650993 -5.580300
v -0.552777 0.517413 -5.580300
v -0.760831 0.309358 -5.580300
v -0.894411 0.047193 -5.580300
v -0.940439 -0.243418 -5.580300
v -0.894411 -0.534030 -5.580300
v -0.760831 -0.796195 -5.580300
v -0.552776 -1.004250 -5.580300
v -0.290612 -1.137830 -5.580300
v -0.000000 -1.183858 -5.580300
v 0.290612 -1.137830 -5.580300
v 0.552776 -1.004250 -5.580300
v 0.760831 -0.796195 -5.580300
v 0.894411 -0.534030 -5.580300
v 0.940439 -0.243418 -5.580300
v 0.341266 -0.132534 -9.547386
v 0.290298 -0.032504 -9.547386
v 0.250687 -0.161965 -10.041842
v 0.213247 -0.088485 -10.041842
v 0.210914 0.046880 -9.547386
v 0.154933 -0.030172 -10.041842
v 0.110884 0.097848 -9.547386
v 0.081453 0.007268 -10.041842
v -0.000000 0.115410 -9.547386
v -0.000000 0.020169 -10.041842
v -0.110884 0.097848 -9.547386
v -0.081453 0.007268 -10.041842
v -0.210914 0.046880 -9.547386
v -0.154933 -0.030172 -10.041842
v -0.290298 -0.032504 -9.547386
v -0.213247 -0.088485 -10.041842
v -0.341266 -0.132534 -9.547386
v -0.250687 -0.161965 -10.041842
v -0.358828 -0.243418 -9.547386
v -0.263588 -0.243418 -10.041842
v -0.341266 -0.354303 -9.547386
v -0.250687 -0.324872 -10.041842
v -0.290298 -0.454333 -9.547386
v -0.213247 -0.398352 -10.041842
v -0.210914 -0.533716 -9.547386
v -0.154933 -0.456665 -10.041842
v -0.110884 -0.584684 -9.547386
v -0.081453 -0.494105 -10.041842
v -0.000000 -0.602246 -9.547386
v -0.000000 -0.507006 -10.041842
v 0.110884 -0.584684 -9.547386
v 0.081453 -0.494105 -10.041842
v 0.210914 -0.533716 -9.547386
v 0.154933 -0.456665 -10.041842
v 0.290298 -0.454333 -9.547386
v 0.213247 -0.398352 -10.041842
v 0.341266 -0.354303 -9.547386
v 0.250687 -0.324872 -10.041842
v 0.358828 -0.243418 -9.547386
v 0.263587 -0.243418 -10.041842
v 0.431845 -0.103103 -9.052929
v 0.367349 0.023477 -9.052929
v 0.266895 0.123931 -9.052929
v 0.140315 0.188427 -9.052929
v -0.000000 0.210650 -9.052929
v -0.140315 0.188427 -9.052929
v -0.266895 0.123931 -9.052929
v -0.367349 0.023477 -9.052929
v -0.431845 -0.103103 -9.052929
v -0.454069 -0.243418 -9.052929
v -0.431845 -0.383733 -9.052929
v -0.367349 -0.510314 -9.052929
v -0.266895 -0.610768 -9.052929
v -0.140315 -0.675264 -9.052929
v -0.000000 -0.697487 -9.052929
v 0.140315 -0.675264 -9.052929
v 0.266895 -0.610768 -9.052929
v 0.367349 -0.510314 -9.052929
v 0.431845 -0.383733 -9.052929
v 0.454069 -0.243418 -9.052929
v 0.069805 -0.253723 10.774743
v 0.027756 -0.267385 10.793747
v 0.023611 -0.259250 10.793747
v 0.059380 -0.233262 10.774743
v 0.017154 -0.252793 10.793747
v 0.043142 -0.217024 10.774743
v 0.009018 -0.248648 10.793747
v 0.022681 -0.206599 10.774743
v -0.000000 -0.247219 10.793747
v -0.000000 -0.203007 10.774743
v -0.009019 -0.248648 10.793747
v -0.022681 -0.206599 10.774743
v -0.017154 -0.252793 10.793747
v -0.043142 -0.217024 10.774743
v -0.023611 -0.259250 10.793747
v -0.059380 -0.233262 10.774743
v -0.027756 -0.267386 10.793747
v -0.069805 -0.253723 10.774743
v -0.029185 -0.276404 10.793747
v -0.073397 -0.276404 10.774743
v -0.027756 -0.285423 10.793747
v -0.069805 -0.299085 10.774743
v -0.023611 -0.293558 10.793747
v -0.059380 -0.319546 10.774743
v -0.017154 -0.300015 10.793747
v -0.043142 -0.335784 10.774743
v -0.009019 -0.304160 10.793747
v -0.022681 -0.346209 10.774743
v -0.000000 -0.305589 10.793747
v -0.000000 -0.349801 10.774743
v 0.009018 -0.304160 10.793747
v 0.022681 -0.346209 10.774743
v 0.017154 -0.300015 10.793747
v 0.043142 -0.335784 10.774743
v 0.023611 -0.293558 10.793747
v 0.059380 -0.319546 10.774743
v 0.027756 -0.285423 10.793747
v 0.069805 -0.299085 10.774743
v 0.029184 -0.276404 10.793747
v 0.073397 -0.276404 10.774743
v 0.906418 0.023382 6.675026
v 0.953064 -0.271131 6.675026
v 0.906418 -0.565644 6.675026
v 0.771045 -0.831328 6.675026
v 0.560197 -1.042176 6.675026
v 0.294513 -1.177549 6.675026
v -0.000000 -1.224195 6.675026
v -0.294513 -1.177549 6.675026
v -0.560197 -1.042176 6.675026
v -0.771045 -0.831328 6.675026
v -0.906418 -0.565644 6.675026
v -0.953064 -0.271131 6.675026
v -0.906418 0.023382 6.675026
v -0.771045 0.289066 6.675026
v -0.560197 0.499914 6.675026
v -0.294513 0.635287 6.675026
v 0.000000 0.681934 6.675026
v 0.294513 0.635287 6.675026
v 0.560197 0.499915 6.675026
v 0.771046 0.289066 6.675026
v 0.906418 0.047747 -3.663958
v 0.953064 -0.246766 -3.663958
v 0.906418 -0.541279 -3.663958
v 0.771045 -0.806963 -3.663958
v 0.560197 -1.017811 -3.663958
v 0.294513 -1.153184 -3.663958
v -0.000000 -1.199830 -3.663958
v -0.294513 -1.153184 -3.663958
v -0.560197 -1.017811 -3.663958
v -0.771045 -0.806963 -3.663958
v -0.906418 -0.541279 -3.663958
v -0.953064 -0.246766 -3.663958
v -0.906418 0.047747 -3.663958
v -0.771045 0.313431 -3.663958
v -0.560197 0.524279 -3.663958
v -0.294513 0.659652 -3.663958
v 0.000000 0.706298 -3.663958
v 0.294513 0.659652 -3.663958
v 0.560197 0.524280 -3.663958
v 0.771046 0.313431 -3.663958
v 0.906418 0.035565 1.505534
v 0.953064 -0.258948 1.505534
v 0.906418 -0.553461 1.505534
v 0.771045 -0.819146 1.505534
v 0.560197 -1.029994 1.505534
v 0.294513 -1.165366 1.505534
v -0.000000 -1.212013 1.505534
v -0.294513 -1.165367 1.505534
v -0.560197 -1.029994 1.505534
v -0.771045 -0.819146 1.505534
v -0.906418 -0.553461 1.505534
v -0.953064 -0.258948 1.505534
v -0.906418 0.035565 1.505534
v -0.771045 0.301249 1.505534
v -0.560197 0.512097 1.505534
v -0.294513 0.647470 1.505534
v 0.000000 0.694116 1.505534
v 0.294513 0.647470 1.505534
v 0.560197 0.512097 1.505534
v 0.771046 0.301249 1.505534
v 0.906418 0.046529 -3.147008
v 0.953064 -0.247984 -3.147008
v 0.906418 -0.542497 -3.147008
v 0.771045 -0.808181 -3.147008
v 0.560197 -1.019029 -3.147008
v 0.294513 -1.154402 -3.147008
v -0.000000 -1.201048 -3.147008
v -0.294513 -1.154402 -3.147008
v -0.560197 -1.019029 -3.147008
v -0.771045 -0.808181 -3.147008
v -0.906418 -0.542497 -3.147008
v -0.953064 -0.247984 -3.147008
v -0.906418 0.046529 -3.147008
v -0.771045 0.312213 -3.147008
v -0.560197 0.523061 -3.147008
v -0.294513 0.658434 -3.147008
v 0.000000 0.705080 -3.147008
v 0.294513 0.658434 -3.147008
v 0.560197 0.523061 -3.147008
v 0.771046 0.312213 -3.147008
v 0.906418 0.024600 6.158076
v 0.953064 -0.269912 6.158076
v 0.906418 -0.564426 6.158076
v 0.771045 -0.830110 6.158076
v 0.560197 -1.040958 6.158076
v 0.294513 -1.176331 6.158076
v -0.000000 -1.222977 6.158076
v -0.294513 -1.176331 6.158076
v -0.560197 -1.040958 6.158076
v -0.771045 -0.830110 6.158076
v -0.906418 -0.564426 6.158076
v -0.953064 -0.269912 6.158076
v -0.906418 0.024600 6.158076
v -0.771045 0.290285 6.158076
v -0.560197 0.501133 6.158076
v -0.294513 0.636505 6.158076
v 0.000000 0.683152 6.158076
v 0.294513 0.636506 6.158076
v 0.560197 0.501133 6.158076
v 0.771046 0.290285 6.158076
vt 0.848826 0.554327
vt 0.823242 0.550884
vt 0.355858 0.790341
vt 0.380748 0.775574
vt 0.797524 0.548410
vt 0.328830 0.801330
vt 0.771722 0.546925
vt 0.300278 0.808137
vt 0.745891 0.546442
vt 0.270901 0.810498
vt 0.720083 0.546960
vt 0.241444 0.808299
vt 0.694350 0.548468
vt 0.212662 0.801581
vt 0.668742 0.550945
vt 0.185286 0.790540
vt 0.643307 0.554357
vt 0.159984 0.775522
vt 0.618088 0.558657
vt 0.137328 0.757010
vt 0.593124 0.563783
vt 0.117751 0.735613
vt 0.568448 0.569650
vt 0.101506 0.712050
vt 0.544084 0.576145
vt 0.088602 0.687137
vt 0.520041 0.583100
vt 0.078704 0.661802
vt 0.496304 0.590244
vt 0.471086 0.643039
vt 0.973005 0.583975
vt 0.462135 0.666597
vt 0.948815 0.576726
vt 0.451577 0.690668
vt 0.924263 0.569994
vt 0.438437 0.714374
vt 0.899385 0.563947
vt 0.422279 0.736923
vt 0.874224 0.558699
vt 0.403002 0.757558
vt 0.455713 0.978608
vt 0.449146 0.978608
vt 0.452430 0.957875
vt 0.461959 0.976579
vt 0.467273 0.972719
vt 0.471133 0.967406
vt 0.473163 0.961160
vt 0.473163 0.954592
vt 0.471134 0.948346
vt 0.467274 0.943032
vt 0.461961 0.939172
vt 0.455715 0.937142
vt 0.449147 0.937142
vt 0.442901 0.939171
vt 0.437588 0.943032
vt 0.433727 0.948345
vt 0.431697 0.954591
vt 0.431697 0.961158
vt 0.433726 0.967404
vt 0.437587 0.972718
vt 0.442900 0.976578
vt 0.343144 0.764848
vt 0.364579 0.752096
vt 0.319934 0.774281
vt 0.295467 0.780082
vt 0.270327 0.782044
vt 0.245139 0.780079
vt 0.220535 0.774224
vt 0.197128 0.764636
vt 0.175483 0.751593
vt 0.156082 0.735478
vt 0.139298 0.716764
vt 0.125355 0.695994
vt 0.114285 0.673747
vt 0.105846 0.650594
vt 0.099374 0.627024
vt 0.435771 0.654663
vt 0.426335 0.676941
vt 0.414720 0.698331
vt 0.400575 0.718338
vt 0.383819 0.736433
vt 0.321510 0.668331
vt 0.312764 0.675937
vt 0.975682 0.550576
vt 0.979997 0.550551
vt 0.329017 0.659368
vt 0.984104 0.551872
vt 0.335068 0.649232
vt 0.987612 0.554389
vt 0.339443 0.638135
vt 0.990131 0.557834
vt 0.341903 0.626319
vt 0.991459 0.561891
vt 0.202190 0.614135
vt 0.991472 0.566172
vt 0.201466 0.626134
vt 0.990164 0.570258
vt 0.203088 0.637820
vt 0.987658 0.573746
vt 0.206784 0.648878
vt 0.984198 0.576291
vt 0.212306 0.659034
vt 0.980120 0.577641
vt 0.219418 0.668049
vt 0.975825 0.577662
vt 0.227880 0.675718
vt 0.971736 0.576349
vt 0.237444 0.681870
vt 0.968254 0.573835
vt 0.247852 0.686368
vt 0.965720 0.570366
vt 0.258836 0.689116
vt 0.964379 0.566286
vt 0.270119 0.690053
vt 0.964360 0.561997
vt 0.281423 0.689162
vt 0.965658 0.557919
vt 0.292475 0.686466
vt 0.968143 0.554449
vt 0.303006 0.682025
vt 0.971580 0.551923
vt 0.343980 0.691771
vt 0.331320 0.702479
vt 0.354993 0.679198
vt 0.364160 0.665026
vt 0.371334 0.649542
vt 0.376397 0.633035
vt 0.165364 0.614082
vt 0.166650 0.631361
vt 0.170586 0.648022
vt 0.176954 0.663728
vt 0.185567 0.678149
vt 0.196218 0.690969
vt 0.208660 0.701900
vt 0.222598 0.710689
vt 0.237698 0.717131
vt 0.253589 0.721076
vt 0.269884 0.722436
vt 0.286186 0.721187
vt 0.302102 0.717368
vt 0.317260 0.711079
vt 0.364344 0.714443
vt 0.348257 0.727734
vt 0.378389 0.698950
vt 0.390241 0.681631
vt 0.399879 0.662865
vt 0.407410 0.643008
vt 0.131037 0.618942
vt 0.134962 0.639985
vt 0.141343 0.660349
vt 0.150239 0.679648
vt 0.161663 0.697474
vt 0.175503 0.713410
vt 0.191534 0.727059
vt 0.209428 0.738070
vt 0.228780 0.746155
vt 0.249127 0.751104
vt 0.269969 0.752795
vt 0.290793 0.751199
vt 0.311091 0.746376
vt 0.330388 0.738478
vt 0.975467 0.548938
vt 0.970880 0.550421
vt 0.970418 0.549492
vt 0.975311 0.547913
vt 0.966994 0.553253
vt 0.966261 0.552519
vt 0.964188 0.557153
vt 0.963261 0.556689
vt 0.962726 0.561731
vt 0.961700 0.561579
vt 0.962745 0.566539
vt 0.961722 0.566711
vt 0.964243 0.571108
vt 0.963323 0.571586
vt 0.967076 0.574992
vt 0.966348 0.575729
vt 0.970970 0.577811
vt 0.970503 0.578736
vt 0.975543 0.579288
vt 0.975383 0.580311
vt 0.980349 0.579276
vt 0.980511 0.580299
vt 0.984917 0.577778
vt 0.985385 0.578702
vt 0.988800 0.574941
vt 0.989529 0.575678
vt 0.991619 0.571045
vt 0.992541 0.571521
vt 0.993101 0.566470
vt 0.994125 0.566638
vt 0.993101 0.561662
vt 0.994126 0.561502
vt 0.991614 0.557091
vt 0.992535 0.556615
vt 0.988772 0.553212
vt 0.989494 0.552468
vt 0.984856 0.550403
vt 0.985318 0.549475
vt 0.980278 0.548932
vt 0.980439 0.547910
vt 0.529865 0.574328
vt 0.533153 0.571249
vt 0.525996 0.576634
vt 0.521724 0.578062
vt 0.517245 0.578545
vt 0.512767 0.578061
vt 0.508495 0.576633
vt 0.504626 0.574326
vt 0.501338 0.571247
vt 0.498784 0.567537
vt 0.497080 0.563367
vt 0.496304 0.558930
vt 0.496494 0.554429
vt 0.497640 0.550073
vt 0.534808 0.546065
vt 0.536856 0.550076
vt 0.538000 0.554433
vt 0.538189 0.558933
vt 0.537413 0.563371
vt 0.535708 0.567540
vt 0.843241 0.594956
vt 0.819076 0.591666
vt 0.794806 0.589301
vt 0.770469 0.587879
vt 0.746105 0.587410
vt 0.721755 0.587892
vt 0.697458 0.589318
vt 0.673252 0.591667
vt 0.649171 0.594914
vt 0.625241 0.599018
vt 0.601484 0.603930
vt 0.577907 0.609582
vt 0.554500 0.615889
vt 0.531229 0.622744
vt 0.984659 0.631414
vt 0.961505 0.623757
vt 0.938230 0.616579
vt 0.914772 0.610020
vt 0.891115 0.604183
vt 0.867264 0.599142
vt 0.773356 0.920482
vt 0.782652 0.922140
vt 0.773491 0.962867
vt 0.455846 0.979448
vt 0.763977 0.919296
vt 0.462345 0.977336
vt 0.754542 0.918583
vt 0.467874 0.973320
vt 0.745080 0.918341
vt 0.471891 0.967791
vt 0.735616 0.918571
vt 0.474002 0.961293
vt 0.726178 0.919273
vt 0.474003 0.954459
vt 0.716793 0.920446
vt 0.471891 0.947960
vt 0.707489 0.922090
vt 0.467875 0.942432
vt 0.698292 0.924203
vt 0.462347 0.938415
vt 0.689229 0.926786
vt 0.455848 0.936303
vt 0.680328 0.929835
vt 0.449014 0.936303
vt 0.671615 0.933351
vt 0.442515 0.938414
vt 0.663119 0.937329
vt 0.436987 0.942431
vt 0.835135 0.941880
vt 0.432970 0.947959
vt 0.826957 0.937438
vt 0.430858 0.954458
vt 0.818481 0.933452
vt 0.430858 0.961291
vt 0.809781 0.929927
vt 0.432969 0.967790
vt 0.800892 0.926864
vt 0.436986 0.973319
vt 0.791840 0.924267
vt 0.442514 0.977335
vt 0.780055 0.879413
vt 0.791542 0.881402
vt 0.768471 0.877988
vt 0.756822 0.877128
vt 0.745137 0.876834
vt 0.733450 0.877104
vt 0.721793 0.877939
vt 0.710196 0.879336
vt 0.698692 0.881295
vt 0.687314 0.883812
vt 0.676094 0.886885
vt 0.665066 0.890507
vt 0.654257 0.894663
vt 0.643660 0.899298
vt 0.857124 0.904600
vt 0.846480 0.899636
vt 0.835886 0.894937
vt 0.825097 0.890731
vt 0.814093 0.887066
vt 0.802898 0.883954
vt 0.786986 0.836663
vt 0.800701 0.838940
vt 0.791851 0.880002
vt 0.780291 0.878003
vt 0.773166 0.835031
vt 0.768632 0.876570
vt 0.759274 0.834045
vt 0.756907 0.875705
vt 0.745345 0.833703
vt 0.745148 0.875409
vt 0.731410 0.834004
vt 0.733386 0.875680
vt 0.717503 0.834949
vt 0.721652 0.876518
vt 0.703658 0.836534
vt 0.709980 0.877922
vt 0.689907 0.838758
vt 0.698401 0.879891
vt 0.676288 0.841620
vt 0.686949 0.882420
vt 0.662837 0.845116
vt 0.675656 0.885508
vt 0.649593 0.849245
vt 0.664556 0.889147
vt 0.636599 0.854004
vt 0.653683 0.893318
vt 0.623894 0.859402
vt 0.643068 0.897953
vt 0.878684 0.866160
vt 0.632724 0.902690
vt 0.866402 0.859999
vt 0.847083 0.898293
vt 0.853779 0.854499
vt 0.836473 0.893604
vt 0.840855 0.849643
vt 0.825623 0.889381
vt 0.827673 0.845431
vt 0.814550 0.885697
vt 0.814276 0.841863
vt 0.803282 0.882568
vt 0.793441 0.795450
vt 0.809256 0.797977
vt 0.777533 0.793643
vt 0.761561 0.792551
vt 0.745554 0.792174
vt 0.729540 0.792507
vt 0.713548 0.793550
vt 0.697606 0.795302
vt 0.681743 0.797762
vt 0.665989 0.800933
vt 0.650373 0.804818
vt 0.634927 0.809429
vt 0.619686 0.814788
vt 0.604691 0.820931
vt 0.900350 0.828929
vt 0.885814 0.821755
vt 0.870956 0.815447
vt 0.855831 0.809946
vt 0.840482 0.805214
vt 0.824946 0.801229
vt 0.799469 0.754506
vt 0.817238 0.757241
vt 0.781618 0.752551
vt 0.763710 0.751372
vt 0.745771 0.750966
vt 0.727826 0.751331
vt 0.709899 0.752463
vt 0.692016 0.754361
vt 0.674201 0.757023
vt 0.656477 0.760448
vt 0.638871 0.764637
vt 0.621406 0.769598
vt 0.604109 0.775340
vt 0.587007 0.781881
vt 0.920624 0.790596
vt 0.903913 0.782926
vt 0.886960 0.776133
vt 0.869788 0.770190
vt 0.852425 0.765072
vt 0.834899 0.760760
vt 0.804979 0.713881
vt 0.824531 0.716776
vt 0.785350 0.711809
vt 0.765668 0.710560
vt 0.745958 0.710134
vt 0.726245 0.710528
vt 0.706551 0.711738
vt 0.686901 0.713758
vt 0.667317 0.716581
vt 0.647823 0.720199
vt 0.628441 0.724603
vt 0.609197 0.729783
vt 0.590122 0.735731
vt 0.571250 0.742434
vt 0.938621 0.751351
vt 0.920165 0.743543
vt 0.901428 0.736554
vt 0.882459 0.730383
vt 0.863299 0.725028
vt 0.843980 0.720492
vt 0.810057 0.673141
vt 0.831254 0.676170
vt 0.788783 0.670969
vt 0.767457 0.669661
vt 0.746106 0.669218
vt 0.724754 0.669640
vt 0.703429 0.670921
vt 0.682152 0.673050
vt 0.660948 0.676013
vt 0.639835 0.679793
vt 0.618832 0.684366
vt 0.597956 0.689708
vt 0.577219 0.695792
vt 0.556635 0.702596
vt 0.955510 0.711667
vt 0.935259 0.703745
vt 0.914797 0.696618
vt 0.894144 0.690286
vt 0.873321 0.684757
vt 0.852350 0.680047
vt 0.814715 0.632475
vt 0.837434 0.635631
vt 0.791910 0.630209
vt 0.769049 0.628845
vt 0.746163 0.628389
vt 0.723283 0.628840
vt 0.700440 0.630191
vt 0.677661 0.632427
vt 0.654972 0.635527
vt 0.632394 0.639462
vt 0.609943 0.644194
vt 0.587629 0.649680
vt 0.565457 0.655866
vt 0.543432 0.662695
vt 0.970650 0.671578
vt 0.948921 0.663765
vt 0.926967 0.656624
vt 0.904825 0.650194
vt 0.882510 0.644523
vt 0.860040 0.639656
vt 0.523966 0.563341
vt 0.975350 0.560393
vt 0.975955 0.560828
vt 0.525046 0.561774
vt 0.522577 0.564642
vt 0.974909 0.559793
vt 0.520943 0.565616
vt 0.974676 0.559086
vt 0.519138 0.566219
vt 0.974672 0.558341
vt 0.517246 0.566423
vt 0.974899 0.557631
vt 0.515354 0.566219
vt 0.975333 0.557027
vt 0.513550 0.565615
vt 0.975934 0.556586
vt 0.511916 0.564641
vt 0.976641 0.556352
vt 0.510527 0.563340
vt 0.977386 0.556348
vt 0.509448 0.561773
vt 0.978095 0.556575
vt 0.508728 0.560012
vt 0.978700 0.557010
vt 0.508400 0.558137
vt 0.979141 0.557610
vt 0.508480 0.556236
vt 0.979375 0.558317
vt 0.508964 0.554396
vt 0.979378 0.559062
vt 0.509830 0.552701
vt 0.979152 0.559772
vt 0.525530 0.554397
vt 0.978717 0.560376
vt 0.526014 0.556238
vt 0.978117 0.560817
vt 0.526094 0.558139
vt 0.977409 0.561051
vt 0.525766 0.560013
vt 0.976664 0.561055
vt 0.977025 0.558701
vt 0.293242 0.642252
vt 0.289492 0.645485
vt 0.296395 0.638501
vt 0.298841 0.634337
vt 0.300478 0.629885
vt 0.301208 0.625291
vt 0.300940 0.620723
vt 0.241752 0.626563
vt 0.242201 0.631034
vt 0.243591 0.635364
vt 0.245830 0.639401
vt 0.248815 0.643019
vt 0.252434 0.646110
vt 0.256572 0.648587
vt 0.261105 0.650382
vt 0.265909 0.651446
vt 0.270855 0.651749
vt 0.275814 0.651284
vt 0.280657 0.650061
vt 0.285257 0.648111
vt 0.980728 0.546099
vt 0.975035 0.546097
vt 0.986143 0.547837
vt 0.990785 0.551164
vt 0.994170 0.555782
vt 0.995940 0.561222
vt 0.995936 0.566935
vt 0.994171 0.572363
vt 0.990822 0.576980
vt 0.986214 0.580339
vt 0.980796 0.582112
vt 0.975096 0.582123
vt 0.969672 0.580372
vt 0.965055 0.577031
vt 0.961693 0.572427
vt 0.959912 0.567011
vt 0.959886 0.561308
vt 0.961619 0.555869
vt 0.964958 0.551226
vt 0.969590 0.547853
vt 0.976038 0.564933
vt 0.974161 0.564323
vt 0.978012 0.564933
vt 0.979889 0.564323
vt 0.981486 0.563163
vt 0.982647 0.561566
vt 0.983257 0.559689
vt 0.983257 0.557715
vt 0.982647 0.555837
vt 0.981487 0.554240
vt 0.979890 0.553080
vt 0.978012 0.552470
vt 0.976038 0.552470
vt 0.974161 0.553080
vt 0.972564 0.554240
vt 0.971403 0.555837
vt 0.970793 0.557714
vt 0.970793 0.559688
vt 0.971403 0.561566
vt 0.972564 0.563163
vt 0.499688 0.546061
vt 0.524665 0.552703
vt 0.780403 0.964474
vt 0.449013 0.979447
vt 0.787186 0.966435
vt 0.793811 0.968751
vt 0.800247 0.971421
vt 0.806463 0.974447
vt 0.677599 0.977843
vt 0.683585 0.974462
vt 0.689820 0.971437
vt 0.696272 0.968766
vt 0.702909 0.966448
vt 0.709702 0.964485
vt 0.716624 0.962876
vt 0.723647 0.961624
vt 0.730745 0.960728
vt 0.737893 0.960190
vt 0.745065 0.960010
vt 0.752236 0.960188
vt 0.759381 0.960724
vt 0.766474 0.961617
vt 0.242323 0.622123
vt 0.633104 0.904151
vt 0.654875 0.941767
vt 0.857517 0.903112
vt 0.812428 0.977828
vt 0.508020 0.630018
vt 0.521566 0.670112
vt 0.536214 0.710115
vt 0.552629 0.749874
vt 0.570126 0.789236
vt 0.589998 0.827916
vt 0.611491 0.865502
vt 0.990459 0.546091
vt 0.443728 0.631896
vt 0.413024 0.622360
vt 0.379224 0.615796
vt 0.342163 0.614062
vt 0.000052 0.000000
vt 0.370668 0.000217
vt 0.345960 0.000273
vt 0.395376 0.000162
vt 0.420083 0.000112
vt 0.444791 0.000073
vt 0.469499 0.000049
vt 0.494206 0.000042
vt 0.070901 0.637122
vt 0.024760 0.000011
vt 0.049467 0.000040
vt 0.074175 0.000083
vt 0.098883 0.000137
vt 0.123590 0.000197
vt 0.148298 0.000256
vt 0.173006 0.000310
vt 0.197714 0.000353
vt 0.222421 0.000382
vt 0.247129 0.000393
vt 0.271837 0.000386
vt 0.296545 0.000362
vt 0.321252 0.000323
vt 0.866920 0.546267
vt 0.842213 0.546323
vt 0.891628 0.546212
vt 0.916336 0.546162
vt 0.941044 0.546123
vt 0.965751 0.546098
vt 0.496304 0.546050
vt 0.996816 0.591466
vt 0.521012 0.546061
vt 0.545720 0.546089
vt 0.570428 0.546133
vt 0.595135 0.546187
vt 0.619843 0.546246
vt 0.644551 0.546306
vt 0.669259 0.546360
vt 0.693966 0.546403
vt 0.718674 0.546432
vt 0.743382 0.546443
vt 0.768090 0.546436
vt 0.792797 0.546411
vt 0.817505 0.546372
vt 0.345944 0.185692
vt 0.370652 0.185636
vt 0.395360 0.185581
vt 0.420068 0.185531
vt 0.444775 0.185492
vt 0.469483 0.185468
vt 0.000036 0.185419
vt 0.494191 0.185461
vt 0.024744 0.185430
vt 0.049452 0.185459
vt 0.074159 0.185502
vt 0.098867 0.185556
vt 0.123575 0.185615
vt 0.148283 0.185675
vt 0.172990 0.185729
vt 0.197698 0.185772
vt 0.222406 0.185801
vt 0.247113 0.185812
vt 0.271821 0.185805
vt 0.296529 0.185781
vt 0.321237 0.185742
vt 0.842223 0.428622
vt 0.866930 0.428567
vt 0.891638 0.428511
vt 0.916346 0.428461
vt 0.941054 0.428422
vt 0.965761 0.428398
vt 0.496314 0.428349
vt 0.990469 0.428391
vt 0.521022 0.428360
vt 0.545730 0.428389
vt 0.570438 0.428432
vt 0.595145 0.428486
vt 0.619853 0.428546
vt 0.644561 0.428605
vt 0.669268 0.428659
vt 0.693976 0.428703
vt 0.718684 0.428731
vt 0.743392 0.428742
vt 0.768099 0.428735
vt 0.792807 0.428711
vt 0.817515 0.428672
vt 0.842259 0.000273
vt 0.866967 0.000217
vt 0.891674 0.000162
vt 0.916382 0.000112
vt 0.941090 0.000073
vt 0.965798 0.000049
vt 0.496351 0.000000
vt 0.494155 0.613810
vt 0.521058 0.000011
vt 0.545766 0.000040
vt 0.570474 0.000083
vt 0.595182 0.000137
vt 0.619889 0.000197
vt 0.644597 0.000256
vt 0.669305 0.000310
vt 0.694012 0.000353
vt 0.718720 0.000382
vt 0.743428 0.000393
vt 0.768136 0.000386
vt 0.792843 0.000362
vt 0.817551 0.000323
vt 0.842226 0.385787
vt 0.866934 0.385732
vt 0.891642 0.385676
vt 0.916350 0.385626
vt 0.941057 0.385587
vt 0.965765 0.385563
vt 0.496318 0.385514
vt 0.990473 0.385556
vt 0.521026 0.385525
vt 0.545734 0.385554
vt 0.570441 0.385597
vt 0.595149 0.385651
vt 0.619857 0.385711
vt 0.644564 0.385770
vt 0.669272 0.385824
vt 0.693980 0.385868
vt 0.718688 0.385896
vt 0.743395 0.385907
vt 0.768103 0.385900
vt 0.792811 0.385876
vt 0.817519 0.385837
vt 0.345941 0.228527
vt 0.370649 0.228471
vt 0.395356 0.228416
vt 0.420064 0.228366
vt 0.444772 0.228327
vt 0.469479 0.228303
vt 0.000033 0.228254
vt 0.494187 0.228296
vt 0.024740 0.228265
vt 0.049448 0.228294
vt 0.074156 0.228337
vt 0.098864 0.228391
vt 0.123571 0.228450
vt 0.148279 0.228510
vt 0.172987 0.228564
vt 0.197694 0.228607
vt 0.222402 0.228636
vt 0.247110 0.228647
vt 0.271818 0.228640
vt 0.296525 0.228616
vt 0.321233 0.228576
vt 0.321201 0.614091
vt 0.345908 0.614041
vt 0.296493 0.614130
vt 0.271785 0.614154
vt 0.247077 0.614161
vt 0.222370 0.614150
vt 0.197662 0.614121
vt 0.172954 0.614078
vt 0.148246 0.614024
vt 0.123539 0.613965
vt 0.098831 0.613905
vt 0.074123 0.613851
vt 0.049416 0.613808
vt 0.024708 0.613779
vt 0.000000 0.613768
vt 0.990505 0.000042
vt 0.469447 0.613817
vt 0.444739 0.613841
vt 0.420031 0.613880
vt 0.395324 0.613930
vt 0.370616 0.613985
vn 0.950988 0.309228 0.000729
vn 0.808905 0.587938 0.001386
vn 0.809068 0.587713 0.001385
vn 0.951089 0.308917 0.000728
vn 0.587672 0.809097 0.001907
vn 0.587836 0.808978 0.001906
vn 0.308947 0.951077 0.002241
vn 0.309048 0.951044 0.002241
vn -0.000000 0.999997 0.002357
vn -0.000000 0.999997 0.002357
vn -0.308947 0.951077 0.002241
vn -0.309048 0.951044 0.002241
vn -0.587673 0.809097 0.001907
vn -0.587836 0.808978 0.001906
vn -0.808905 0.587938 0.001386
vn -0.809068 0.587713 0.001385
vn -0.950987 0.309229 0.000729
vn -0.951088 0.308918 0.000728
vn -1.000000 0.000235 0.000001
vn -1.000000 -0.000109 -0.000000
vn -0.951125 -0.308804 -0.000728
vn -0.951024 -0.309116 -0.000728
vn -0.809128 -0.587631 -0.001385
vn -0.808964 -0.587857 -0.001385
vn -0.587896 -0.808934 -0.001906
vn -0.587732 -0.809053 -0.001907
vn -0.309085 -0.951032 -0.002241
vn -0.308984 -0.951065 -0.002241
vn 0.000000 -0.999997 -0.002357
vn 0.000000 -0.999997 -0.002357
vn 0.309085 -0.951032 -0.002241
vn 0.308984 -0.951065 -0.002241
vn 0.587896 -0.808934 -0.001906
vn 0.587732 -0.809053 -0.001907
vn 0.809128 -0.587631 -0.001385
vn 0.808964 -0.587856 -0.001385
vn 0.951125 -0.308805 -0.000728
vn 0.951024 -0.309116 -0.000728
vn 1.000000 0.000234 0.000001
vn 1.000000 -0.000110 -0.000000
vn 0.004562 0.003315 -0.999984
vn 0.005362 0.001743 -0.999984
vn 0.000001 0.000000 -1.000000
vn 0.003330 0.004562 -0.999984
vn 0.001755 0.005363 -0.999984
vn 0.000000 0.005639 -0.999984
vn -0.001755 0.005363 -0.999984
vn -0.003324 0.004562 -0.999984
vn -0.004556 0.003315 -0.999984
vn -0.005362 0.001743 -0.999984
vn -0.005638 0.000000 -0.999984
vn -0.005362 -0.001743 -0.999984
vn -0.004562 -0.003315 -0.999984
vn -0.003318 -0.004562 -0.999984
vn -0.001743 -0.005363 -0.999984
vn 0.000000 -0.005639 -0.999984
vn 0.001743 -0.005363 -0.999984
vn 0.003318 -0.004562 -0.999984
vn 0.004562 -0.003315 -0.999984
vn 0.005362 -0.001743 -0.999984
vn 0.005638 0.000000 -0.999984
vn 0.951078 0.308819 0.009029
vn 0.809076 0.587625 0.009598
vn 0.796723 0.578853 0.173674
vn 0.936604 0.304320 0.173674
vn 0.587852 0.808906 0.010050
vn 0.578853 0.796722 0.173674
vn 0.309060 0.950986 0.010340
vn 0.304321 0.936604 0.173673
vn -0.000000 0.999946 0.010440
vn -0.000000 0.984803 0.173673
vn -0.309060 0.950986 0.010340
vn -0.304321 0.936604 0.173674
vn -0.587852 0.808906 0.010050
vn -0.578853 0.796723 0.173674
vn -0.809076 0.587625 0.009598
vn -0.796722 0.578853 0.173674
vn -0.951078 0.308820 0.009029
vn -0.936604 0.304321 0.173674
vn -0.999965 -0.000204 0.008398
vn -0.984803 0.000000 0.173674
vn -0.950968 -0.309192 0.007766
vn -0.936604 -0.304321 0.173674
vn -0.808899 -0.587903 0.007197
vn -0.796723 -0.578853 0.173674
vn -0.587675 -0.809069 0.006746
vn -0.578853 -0.796723 0.173674
vn -0.308951 -0.951056 0.006456
vn -0.304321 -0.936604 0.173674
vn 0.000000 -0.999980 0.006356
vn 0.000001 -0.984803 0.173674
vn 0.308951 -0.951056 0.006456
vn 0.304321 -0.936603 0.173674
vn 0.587675 -0.809069 0.006746
vn 0.578853 -0.796723 0.173674
vn 0.808899 -0.587903 0.007197
vn 0.796722 -0.578853 0.173674
vn 0.950968 -0.309192 0.007766
vn 0.936604 -0.304321 0.173674
vn 0.999965 -0.000205 0.008398
vn 0.984803 -0.000001 0.173674
vn 0.829537 -0.000000 0.558452
vn 0.788937 0.256340 0.558452
vn 0.721598 0.234460 0.651402
vn 0.758733 -0.000000 0.651402
vn 0.788937 -0.256340 0.558452
vn 0.721597 -0.234461 0.651403
vn 0.671109 -0.487590 0.558452
vn 0.613827 -0.445973 0.651403
vn 0.487590 -0.671109 0.558452
vn 0.445973 -0.613827 0.651402
vn 0.256340 -0.788937 0.558452
vn 0.234458 -0.721598 0.651403
vn 0.000001 -0.829537 0.558452
vn -0.000000 -0.758733 0.651402
vn -0.256339 -0.788937 0.558452
vn -0.234458 -0.721598 0.651403
vn -0.487589 -0.671110 0.558452
vn -0.445972 -0.613828 0.651402
vn -0.671109 -0.487590 0.558452
vn -0.613827 -0.445973 0.651403
vn -0.788937 -0.256340 0.558451
vn -0.721598 -0.234460 0.651403
vn -0.829537 0.000000 0.558451
vn -0.758733 -0.000000 0.651402
vn -0.788937 0.256340 0.558451
vn -0.721599 0.234460 0.651401
vn -0.671110 0.487590 0.558451
vn -0.613828 0.445972 0.651401
vn -0.487590 0.671109 0.558452
vn -0.445971 0.613828 0.651403
vn -0.256341 0.788937 0.558452
vn -0.234461 0.721598 0.651402
vn -0.000000 0.829537 0.558452
vn 0.000000 0.758733 0.651402
vn 0.256340 0.788937 0.558452
vn 0.234461 0.721598 0.651402
vn 0.487589 0.671109 0.558452
vn 0.445971 0.613828 0.651403
vn 0.671109 0.487590 0.558452
vn 0.613828 0.445972 0.651402
vn 0.896426 -0.000001 0.443193
vn 0.852552 0.277010 0.443194
vn 0.852552 -0.277010 0.443193
vn 0.725224 -0.526906 0.443193
vn 0.526907 -0.725223 0.443193
vn 0.277011 -0.852552 0.443193
vn 0.000000 -0.896426 0.443194
vn -0.277010 -0.852552 0.443194
vn -0.526906 -0.725224 0.443194
vn -0.725224 -0.526906 0.443193
vn -0.852552 -0.277010 0.443193
vn -0.896426 0.000000 0.443193
vn -0.852552 0.277011 0.443194
vn -0.725224 0.526906 0.443193
vn -0.526907 0.725223 0.443193
vn -0.277011 0.852552 0.443193
vn -0.000000 0.896426 0.443194
vn 0.277011 0.852552 0.443194
vn 0.526906 0.725223 0.443194
vn 0.725224 0.526906 0.443193
vn 0.940679 -0.000001 0.339298
vn 0.894639 0.290685 0.339299
vn 0.894639 -0.290685 0.339299
vn 0.761025 -0.552917 0.339299
vn 0.552917 -0.761025 0.339298
vn 0.290686 -0.894639 0.339298
vn 0.000000 -0.940679 0.339299
vn -0.290686 -0.894639 0.339299
vn -0.552917 -0.761025 0.339299
vn -0.761025 -0.552917 0.339299
vn -0.894639 -0.290685 0.339298
vn -0.940679 -0.000000 0.339299
vn -0.894639 0.290686 0.339299
vn -0.761025 0.552917 0.339299
vn -0.552917 0.761025 0.339299
vn -0.290686 0.894639 0.339299
vn -0.000000 0.940679 0.339299
vn 0.290686 0.894639 0.339299
vn 0.552918 0.761025 0.339299
vn 0.761025 0.552917 0.339299
vn 0.891009 0.453985 0.000000
vn 0.891009 0.453985 0.000000
vn 0.891009 0.453985 0.000000
vn 0.891009 0.453985 0.000000
vn 0.707097 0.707117 0.000000
vn 0.707097 0.707117 0.000000
vn 0.707097 0.707117 0.000000
vn 0.707097 0.707117 0.000000
vn 0.453982 0.891011 0.000000
vn 0.453982 0.891011 0.000000
vn 0.453982 0.891011 0.000000
vn 0.453982 0.891011 0.000000
vn 0.156428 0.987689 0.000000
vn 0.156428 0.987689 0.000000
vn 0.156428 0.987689 0.000000
vn 0.156428 0.987689 0.000000
vn -0.156428 0.987689 0.000000
vn -0.156428 0.987689 0.000000
vn -0.156428 0.987689 0.000000
vn -0.156428 0.987689 0.000000
vn -0.453983 0.891010 0.000000
vn -0.453983 0.891010 0.000000
vn -0.453983 0.891010 0.000000
vn -0.453983 0.891010 0.000000
vn -0.707120 0.707094 0.000000
vn -0.707120 0.707094 0.000000
vn -0.707120 0.707094 0.000000
vn -0.707120 0.707094 0.000000
vn -0.891000 0.454004 0.000000
vn -0.891000 0.454004 0.000000
vn -0.891000 0.454004 0.000000
vn -0.891000 0.454004 0.000000
vn -0.987690 0.156426 0.000000
vn -0.987690 0.156426 0.000000
vn -0.987690 0.156426 0.000000
vn -0.987690 0.156426 0.000000
vn -0.987691 -0.156418 0.000000
vn -0.987691 -0.156418 0.000000
vn -0.987691 -0.156418 0.000000
vn -0.987691 -0.156418 0.000000
vn -0.891010 -0.453984 0.000000
vn -0.891010 -0.453984 0.000000
vn -0.891010 -0.453984 0.000000
vn -0.891010 -0.453984 0.000000
vn -0.707119 -0.707094 0.000000
vn -0.707119 -0.707094 0.000000
vn -0.707119 -0.707094 0.000000
vn -0.707119 -0.707094 0.000000
vn -0.454003 -0.891000 0.000000
vn -0.454003 -0.891000 0.000000
vn -0.454003 -0.891000 0.000000
vn -0.454003 -0.891000 0.000000
vn -0.156416 -0.987691 0.000000
vn -0.156416 -0.987691 0.000000
vn -0.156416 -0.987691 0.000000
vn -0.156416 -0.987691 0.000000
vn 0.156416 -0.987691 0.000000
vn 0.156416 -0.987691 0.000000
vn 0.156416 -0.987691 0.000000
vn 0.156416 -0.987691 0.000000
vn 0.454002 -0.891000 0.000000
vn 0.454002 -0.891000 0.000000
vn 0.454002 -0.891000 0.000000
vn 0.454002 -0.891000 0.000000
vn 0.707096 -0.707118 0.000000
vn 0.707096 -0.707118 0.000000
vn 0.707096 -0.707118 0.000000
vn 0.707096 -0.707118 0.000000
vn 0.891010 -0.453984 0.000000
vn 0.891010 -0.453984 0.000000
vn 0.891010 -0.453984 0.000000
vn 0.891010 -0.453984 0.000000
vn 0.987691 -0.156418 0.000000
vn 0.987691 -0.156418 0.000000
vn 0.987691 -0.156418 0.000000
vn 0.987691 -0.156418 0.000000
vn 0.987690 0.156424 0.000000
vn 0.987690 0.156424 0.000000
vn 0.987690 0.156424 0.000000
vn 0.987690 0.156424 0.000000
vn 0.038431 0.019573 0.999070
vn 0.038431 0.019573 0.999070
vn 0.038431 0.019573 0.999070
vn 0.038431 0.019573 0.999070
vn 0.038343 0.019533 -0.999074
vn 0.038343 0.019533 -0.999074
vn 0.038343 0.019533 -0.999074
vn 0.038343 0.019533 -0.999074
vn 0.030488 0.030485 0.999070
vn 0.030488 0.030485 0.999070
vn 0.030488 0.030485 0.999070
vn 0.030488 0.030485 0.999070
vn 0.030394 0.030423 -0.999075
vn 0.030394 0.030423 -0.999075
vn 0.030394 0.030423 -0.999075
vn 0.030394 0.030423 -0.999075
vn 0.019570 0.038414 0.999070
vn 0.019570 0.038414 0.999070
vn 0.019570 0.038414 0.999070
vn 0.019570 0.038414 0.999070
vn 0.019529 0.038336 -0.999074
vn 0.019529 0.038336 -0.999074
vn 0.019529 0.038336 -0.999074
vn 0.019529 0.038336 -0.999074
vn 0.006735 0.042582 0.999070
vn 0.006735 0.042582 0.999070
vn 0.006735 0.042582 0.999070
vn 0.006735 0.042582 0.999070
vn 0.006748 0.042495 -0.999074
vn 0.006748 0.042496 -0.999074
vn 0.006748 0.042495 -0.999074
vn 0.006748 0.042495 -0.999074
vn -0.006735 0.042582 0.999070
vn -0.006735 0.042582 0.999070
vn -0.006735 0.042582 0.999070
vn -0.006735 0.042582 0.999070
vn -0.006735 0.042495 -0.999074
vn -0.006735 0.042495 -0.999074
vn -0.006735 0.042495 -0.999074
vn -0.006735 0.042495 -0.999074
vn -0.019570 0.038414 0.999070
vn -0.019570 0.038414 0.999070
vn -0.019570 0.038414 0.999070
vn -0.019570 0.038414 0.999070
vn -0.019529 0.038336 -0.999074
vn -0.019529 0.038336 -0.999074
vn -0.019529 0.038336 -0.999074
vn -0.019529 0.038336 -0.999074
vn -0.030502 0.030486 0.999070
vn -0.030502 0.030486 0.999070
vn -0.030502 0.030486 0.999070
vn -0.030502 0.030486 0.999070
vn -0.030408 0.030423 -0.999075
vn -0.030408 0.030423 -0.999075
vn -0.030408 0.030423 -0.999075
vn -0.030408 0.030423 -0.999075
vn -0.038397 0.019573 0.999071
vn -0.038397 0.019573 0.999071
vn -0.038397 0.019573 0.999071
vn -0.038397 0.019573 0.999071
vn -0.038310 0.019533 -0.999075
vn -0.038310 0.019533 -0.999075
vn -0.038310 0.019533 -0.999075
vn -0.038310 0.019533 -0.999075
vn -0.042602 0.006744 0.999069
vn -0.042602 0.006744 0.999069
vn -0.042602 0.006744 0.999069
vn -0.042602 0.006744 0.999069
vn -0.042487 0.006730 -0.999074
vn -0.042487 0.006730 -0.999074
vn -0.042487 0.006730 -0.999074
vn -0.042487 0.006730 -0.999074
vn -0.042568 -0.006744 0.999071
vn -0.042568 -0.006744 0.999071
vn -0.042568 -0.006744 0.999071
vn -0.042568 -0.006744 0.999071
vn -0.042501 -0.006730 -0.999074
vn -0.042501 -0.006730 -0.999074
vn -0.042501 -0.006730 -0.999074
vn -0.042501 -0.006730 -0.999074
vn -0.038390 -0.019573 0.999071
vn -0.038390 -0.019573 0.999071
vn -0.038390 -0.019573 0.999071
vn -0.038390 -0.019573 0.999071
vn -0.038316 -0.019533 -0.999075
vn -0.038316 -0.019533 -0.999075
vn -0.038316 -0.019533 -0.999075
vn -0.038316 -0.019533 -0.999075
vn -0.030488 -0.030486 0.999070
vn -0.030488 -0.030486 0.999070
vn -0.030488 -0.030486 0.999070
vn -0.030488 -0.030486 0.999070
vn -0.030435 -0.030423 -0.999074
vn -0.030435 -0.030423 -0.999074
vn -0.030435 -0.030423 -0.999074
vn -0.030435 -0.030423 -0.999074
vn -0.019583 -0.038414 0.999070
vn -0.019583 -0.038414 0.999070
vn -0.019583 -0.038414 0.999070
vn -0.019583 -0.038414 0.999070
vn -0.019529 -0.038336 -0.999074
vn -0.019529 -0.038336 -0.999074
vn -0.019529 -0.038336 -0.999074
vn -0.019529 -0.038336 -0.999074
vn -0.006748 -0.042582 0.999070
vn -0.006748 -0.042582 0.999070
vn -0.006748 -0.042582 0.999070
vn -0.006748 -0.042582 0.999070
vn -0.006708 -0.042496 -0.999074
vn -0.006708 -0.042496 -0.999074
vn -0.006708 -0.042496 -0.999074
vn -0.006708 -0.042496 -0.999074
vn 0.006748 -0.042582 0.999070
vn 0.006748 -0.042582 0.999070
vn 0.006748 -0.042582 0.999070
vn 0.006748 -0.042582 0.999070
vn 0.006735 -0.042496 -0.999074
vn 0.006735 -0.042496 -0.999074
vn 0.006735 -0.042496 -0.999074
vn 0.006735 -0.042496 -0.999074
vn 0.019570 -0.038414 0.999070
vn 0.019570 -0.038414 0.999070
vn 0.019570 -0.038414 0.999070
vn 0.019570 -0.038414 0.999070
vn 0.019543 -0.038336 -0.999074
vn 0.019543 -0.038336 -0.999074
vn 0.019543 -0.038336 -0.999074
vn 0.019543 -0.038336 -0.999074
vn 0.030542 -0.030485 0.999069
vn 0.030542 -0.030485 0.999069
vn 0.030542 -0.030485 0.999069
vn 0.030542 -0.030485 0.999068
vn 0.030421 -0.030423 -0.999074
vn 0.030421 -0.030423 -0.999074
vn 0.030421 -0.030423 -0.999074
vn 0.030421 -0.030423 -0.999074
vn 0.038438 -0.019573 0.999069
vn 0.038438 -0.019573 0.999069
vn 0.038438 -0.019573 0.999069
vn 0.038438 -0.019573 0.999069
vn 0.038343 -0.019533 -0.999074
vn 0.038343 -0.019533 -0.999074
vn 0.038343 -0.019533 -0.999074
vn 0.038343 -0.019533 -0.999074
vn 0.042561 -0.006744 0.999071
vn 0.042561 -0.006744 0.999071
vn 0.042561 -0.006744 0.999071
vn 0.042561 -0.006744 0.999071
vn 0.042487 -0.006730 -0.999074
vn 0.042487 -0.006730 -0.999074
vn 0.042487 -0.006730 -0.999074
vn 0.042487 -0.006730 -0.999074
vn 0.042595 0.006744 0.999070
vn 0.042595 0.006744 0.999070
vn 0.042595 0.006744 0.999070
vn 0.042595 0.006744 0.999070
vn 0.042480 0.006730 -0.999075
vn 0.042480 0.006730 -0.999075
vn 0.042480 0.006730 -0.999075
vn 0.042480 0.006730 -0.999075
vn 0.808755 0.587595 -0.025451
vn 0.950749 0.308916 -0.025451
vn 0.949224 0.308420 -0.062058
vn 0.807458 0.586652 -0.062058
vn 0.587595 0.808755 -0.025451
vn 0.586652 0.807458 -0.062058
vn 0.308917 0.950749 -0.025451
vn 0.308421 0.949224 -0.062059
vn -0.000000 0.999676 -0.025451
vn 0.000000 0.998073 -0.062059
vn -0.308917 0.950748 -0.025451
vn -0.308421 0.949223 -0.062058
vn -0.587595 0.808755 -0.025451
vn -0.586652 0.807458 -0.062058
vn -0.808755 0.587595 -0.025451
vn -0.807458 0.586652 -0.062058
vn -0.950748 0.308917 -0.025451
vn -0.949224 0.308421 -0.062058
vn -0.999676 -0.000000 -0.025451
vn -0.998073 0.000000 -0.062059
vn -0.950748 -0.308917 -0.025451
vn -0.949223 -0.308421 -0.062059
vn -0.808755 -0.587595 -0.025451
vn -0.807458 -0.586652 -0.062059
vn -0.587595 -0.808755 -0.025451
vn -0.586653 -0.807458 -0.062059
vn -0.308917 -0.950748 -0.025451
vn -0.308421 -0.949223 -0.062059
vn 0.000000 -0.999676 -0.025451
vn 0.000000 -0.998073 -0.062058
vn 0.308917 -0.950748 -0.025451
vn 0.308421 -0.949223 -0.062058
vn 0.587595 -0.808755 -0.025451
vn 0.586653 -0.807458 -0.062058
vn 0.808755 -0.587595 -0.025451
vn 0.807458 -0.586652 -0.062058
vn 0.950748 -0.308917 -0.025451
vn 0.949224 -0.308421 -0.062059
vn 0.999676 -0.000001 -0.025451
vn 0.998073 -0.000001 -0.062059
vn 0.794414 0.577176 -0.189140
vn 0.933890 0.303438 -0.189140
vn 0.933890 0.303438 -0.189141
vn 0.794414 0.577176 -0.189141
vn 0.577176 0.794414 -0.189140
vn 0.577176 0.794414 -0.189140
vn 0.303440 0.933890 -0.189140
vn 0.303440 0.933890 -0.189140
vn 0.000001 0.981950 -0.189140
vn 0.000001 0.981950 -0.189140
vn -0.303439 0.933890 -0.189140
vn -0.303438 0.933890 -0.189140
vn -0.577175 0.794415 -0.189140
vn -0.577175 0.794415 -0.189140
vn -0.794414 0.577176 -0.189140
vn -0.794414 0.577176 -0.189141
vn -0.933890 0.303439 -0.189140
vn -0.933890 0.303439 -0.189141
vn -0.981950 0.000000 -0.189140
vn -0.981950 0.000000 -0.189141
vn -0.933890 -0.303439 -0.189140
vn -0.933890 -0.303439 -0.189141
vn -0.794414 -0.577176 -0.189140
vn -0.794414 -0.577176 -0.189141
vn -0.577176 -0.794415 -0.189140
vn -0.577175 -0.794415 -0.189141
vn -0.303438 -0.933890 -0.189140
vn -0.303438 -0.933890 -0.189141
vn 0.000000 -0.981950 -0.189140
vn 0.000000 -0.981950 -0.189141
vn 0.303438 -0.933890 -0.189140
vn 0.303438 -0.933891 -0.189141
vn 0.577176 -0.794414 -0.189140
vn 0.577175 -0.794415 -0.189141
vn 0.794414 -0.577176 -0.189140
vn 0.794414 -0.577176 -0.189141
vn 0.933890 -0.303439 -0.189140
vn 0.933890 -0.303439 -0.189141
vn 0.981950 -0.000000 -0.189140
vn 0.981950 -0.000000 -0.189141
vn 0.794414 0.577176 -0.189140
vn 0.933890 0.303438 -0.189140
vn 0.577176 0.794414 -0.189140
vn 0.303440 0.933890 -0.189140
vn 0.000000 0.981950 -0.189140
vn -0.303439 0.933890 -0.189140
vn -0.577176 0.794415 -0.189140
vn -0.794415 0.577176 -0.189140
vn -0.933890 0.303439 -0.189140
vn -0.981950 0.000000 -0.189140
vn -0.933890 -0.303438 -0.189140
vn -0.794415 -0.577176 -0.189139
vn -0.577176 -0.794414 -0.189140
vn -0.303439 -0.933890 -0.189140
vn 0.000000 -0.981950 -0.189140
vn 0.303439 -0.933890 -0.189140
vn 0.577176 -0.794414 -0.189140
vn 0.794414 -0.577176 -0.189140
vn 0.933890 -0.303439 -0.189140
vn 0.981950 -0.000000 -0.189140
vn 0.794380 0.577151 -0.189360
vn 0.933850 0.303425 -0.189360
vn 0.934007 0.303477 -0.188499
vn 0.794514 0.577248 -0.188499
vn 0.577151 0.794380 -0.189360
vn 0.577249 0.794514 -0.188499
vn 0.303426 0.933850 -0.189360
vn 0.303477 0.934007 -0.188499
vn -0.000000 0.981908 -0.189360
vn 0.000000 0.982073 -0.188499
vn -0.303426 0.933850 -0.189360
vn -0.303477 0.934007 -0.188499
vn -0.577151 0.794380 -0.189360
vn -0.577248 0.794514 -0.188499
vn -0.794380 0.577151 -0.189360
vn -0.794514 0.577248 -0.188499
vn -0.933850 0.303426 -0.189360
vn -0.934007 0.303477 -0.188499
vn -0.981908 0.000000 -0.189360
vn -0.982073 -0.000000 -0.188499
vn -0.933850 -0.303426 -0.189360
vn -0.934007 -0.303477 -0.188499
vn -0.794380 -0.577151 -0.189360
vn -0.794514 -0.577248 -0.188499
vn -0.577151 -0.794380 -0.189360
vn -0.577249 -0.794514 -0.188499
vn -0.303426 -0.933850 -0.189360
vn -0.303477 -0.934007 -0.188499
vn -0.000000 -0.981908 -0.189360
vn -0.000000 -0.982073 -0.188499
vn 0.303426 -0.933850 -0.189360
vn 0.303477 -0.934008 -0.188499
vn 0.577151 -0.794380 -0.189360
vn 0.577249 -0.794514 -0.188499
vn 0.794380 -0.577151 -0.189360
vn 0.794514 -0.577248 -0.188499
vn 0.933850 -0.303426 -0.189360
vn 0.934007 -0.303477 -0.188499
vn 0.981908 -0.000000 -0.189360
vn 0.982073 -0.000000 -0.188499
vn 0.796118 0.578413 -0.177861
vn 0.935893 0.304089 -0.177861
vn 0.578413 0.796118 -0.177861
vn 0.304090 0.935893 -0.177861
vn -0.000000 0.984056 -0.177861
vn -0.304090 0.935893 -0.177861
vn -0.578413 0.796118 -0.177861
vn -0.796118 0.578413 -0.177861
vn -0.935893 0.304090 -0.177861
vn -0.984056 -0.000000 -0.177861
vn -0.935893 -0.304090 -0.177861
vn -0.796118 -0.578414 -0.177861
vn -0.578413 -0.796118 -0.177861
vn -0.304090 -0.935893 -0.177861
vn -0.000000 -0.984056 -0.177861
vn 0.304090 -0.935893 -0.177861
vn 0.578414 -0.796118 -0.177861
vn 0.796118 -0.578414 -0.177861
vn 0.935893 -0.304090 -0.177861
vn 0.984056 -0.000001 -0.177861
vn 0.800603 0.581672 -0.143852
vn 0.941165 0.305802 -0.143852
vn 0.581672 0.800603 -0.143852
vn 0.305803 0.941165 -0.143852
vn 0.000000 0.989599 -0.143852
vn -0.305803 0.941165 -0.143852
vn -0.581672 0.800603 -0.143852
vn -0.800603 0.581672 -0.143852
vn -0.941165 0.305803 -0.143852
vn -0.989599 0.000000 -0.143852
vn -0.941165 -0.305803 -0.143852
vn -0.800602 -0.581672 -0.143852
vn -0.581672 -0.800603 -0.143852
vn -0.305803 -0.941165 -0.143852
vn -0.000000 -0.989599 -0.143852
vn 0.305803 -0.941165 -0.143852
vn 0.581672 -0.800602 -0.143852
vn 0.800602 -0.581672 -0.143852
vn 0.941165 -0.305803 -0.143852
vn 0.989599 -0.000001 -0.143852
vn 0.802281 0.582891 -0.128775
vn 0.943138 0.306443 -0.128775
vn 0.582891 0.802281 -0.128775
vn 0.306444 0.943138 -0.128775
vn -0.000000 0.991674 -0.128775
vn -0.306444 0.943138 -0.128775
vn -0.582891 0.802281 -0.128775
vn -0.802281 0.582891 -0.128775
vn -0.943138 0.306444 -0.128775
vn -0.991674 0.000000 -0.128775
vn -0.943138 -0.306444 -0.128775
vn -0.802281 -0.582891 -0.128775
vn -0.582891 -0.802281 -0.128775
vn -0.306444 -0.943138 -0.128775
vn 0.000000 -0.991674 -0.128775
vn 0.306444 -0.943138 -0.128775
vn 0.582892 -0.802281 -0.128775
vn 0.802281 -0.582891 -0.128775
vn 0.943138 -0.306444 -0.128775
vn 0.991674 -0.000001 -0.128775
vn 0.803520 0.583791 -0.116373
vn 0.944595 0.306916 -0.116373
vn 0.583792 0.803520 -0.116373
vn 0.306917 0.944595 -0.116373
vn -0.000000 0.993206 -0.116373
vn -0.306917 0.944595 -0.116373
vn -0.583792 0.803520 -0.116373
vn -0.803520 0.583791 -0.116373
vn -0.944595 0.306917 -0.116373
vn -0.993206 0.000000 -0.116373
vn -0.944595 -0.306917 -0.116373
vn -0.803520 -0.583792 -0.116373
vn -0.583792 -0.803520 -0.116373
vn -0.306918 -0.944595 -0.116373
vn 0.000000 -0.993206 -0.116373
vn 0.306918 -0.944595 -0.116373
vn 0.583792 -0.803520 -0.116373
vn 0.803520 -0.583792 -0.116373
vn 0.944595 -0.306917 -0.116373
vn 0.993206 -0.000001 -0.116373
vn 0.804952 0.584832 -0.100125
vn 0.946278 0.307463 -0.100125
vn 0.584831 0.804952 -0.100125
vn 0.307464 0.946277 -0.100125
vn -0.000000 0.994975 -0.100125
vn -0.307464 0.946277 -0.100125
vn -0.584832 0.804952 -0.100125
vn -0.804952 0.584831 -0.100125
vn -0.946277 0.307464 -0.100125
vn -0.994975 0.000000 -0.100125
vn -0.946277 -0.307464 -0.100125
vn -0.804951 -0.584832 -0.100125
vn -0.584832 -0.804952 -0.100125
vn -0.307464 -0.946277 -0.100125
vn 0.000000 -0.994975 -0.100125
vn 0.307464 -0.946277 -0.100125
vn 0.584832 -0.804951 -0.100125
vn 0.804952 -0.584832 -0.100125
vn 0.946277 -0.307464 -0.100125
vn 0.994975 -0.000001 -0.100125
vn 0.000005 0.000000 -1.000000
vn 0.000005 0.000000 -1.000000
vn 0.000005 0.000000 -1.000000
vn 0.000005 0.000000 -1.000000
vn -0.000009 0.000000 -1.000000
vn -0.000009 0.000000 -1.000000
vn -0.000009 0.000000 -1.000000
vn -0.000009 0.000000 -1.000000
vn -0.000036 0.000000 -1.000000
vn -0.000036 0.000000 -1.000000
vn -0.000036 0.000000 -1.000000
vn -0.000036 0.000000 -1.000000
vn -0.000018 0.000000 -1.000000
vn -0.000018 0.000000 -1.000000
vn -0.000018 0.000000 -1.000000
vn -0.000018 0.000000 -1.000000
vn 0.000009 0.000000 -1.000000
vn 0.000009 0.000000 -1.000000
vn 0.000009 0.000000 -1.000000
vn 0.000009 0.000000 -1.000000
vn 0.000018 0.000000 -1.000000
vn 0.000018 0.000000 -1.000000
vn 0.000018 0.000000 -1.000000
vn 0.000018 0.000000 -1.000000
vn 0.000000 0.000000 -1.000000
vn 0.000000 0.000000 -1.000000
vn 0.000000 0.000000 -1.000000
vn 0.000000 0.000000 -1.000000
vn -0.000009 0.000000 -1.000000
vn -0.000009 0.000000 -1.000000
vn -0.000009 0.000000 -1.000000
vn -0.000009 0.000000 -1.000000
vn 0.000005 0.000000 -1.000000
vn 0.000005 0.000000 -1.000000
vn 0.000005 0.000000 -1.000000
vn 0.000005 0.000000 -1.000000
vn 0.000000 0.000000 -1.000000
vn 0.000000 0.000000 -1.000000
vn 0.000000 0.000000 -1.000000
vn 0.000000 0.000000 -1.000000
vn 0.000000 0.000000 -1.000000
vn 0.000000 0.000000 -1.000000
vn 0.000000 0.000000 -1.000000
vn 0.000000 0.000000 -1.000000
vn 0.000005 0.000000 -1.000000
vn 0.000005 0.000000 -1.000000
vn 0.000005 0.000000 -1.000000
vn 0.000005 0.000000 -1.000000
vn 0.000036 0.000000 -1.000000
vn 0.000036 0.000000 -1.000000
vn 0.000036 0.000000 -1.000000
vn 0.000036 0.000000 -1.000000
vn 0.000009 0.000000 -1.000000
vn 0.000009 0.000000 -1.000000
vn 0.000009 0.000000 -1.000000
vn 0.000009 0.000000 -1.000000
vn 0.000000 0.000000 -1.000000
vn 0.000000 0.000000 -1.000000
vn 0.000000 0.000000 -1.000000
vn 0.000000 0.000000 -1.000000
vn -0.000027 0.000000 -1.000000
vn -0.000027 0.000000 -1.000000
vn -0.000027 0.000000 -1.000000
vn -0.000027 0.000000 -1.000000
vn 0.000000 0.000000 -1.000000
vn 0.000000 0.000000 -1.000000
vn 0.000000 0.000000 -1.000000
vn 0.000000 0.000000 -1.000000
vn 0.000005 0.000000 -1.000000
vn 0.000005 0.000000 -1.000000
vn 0.000005 0.000000 -1.000000
vn 0.000005 0.000000 -1.000000
vn 0.000000 0.000000 -1.000000
vn 0.000000 0.000000 -1.000000
vn 0.000000 0.000000 -1.000000
vn 0.000000 0.000000 -1.000000
vn 0.000000 0.000000 -1.000000
vn 0.000000 0.000000 -1.000000
vn 0.000000 0.000000 -1.000000
vn 0.000000 0.000000 -1.000000
vn 0.000018 0.000000 1.000000
vn 0.000018 0.000000 1.000000
vn 0.000018 0.000000 1.000000
vn 0.000018 0.000000 1.000000
vn -0.000006 0.000000 1.000000
vn -0.000006 0.000000 1.000000
vn -0.000006 0.000000 1.000000
vn -0.000006 0.000000 1.000000
vn -0.000012 0.000000 1.000000
vn -0.000012 0.000000 1.000000
vn -0.000012 0.000000 1.000000
vn -0.000012 0.000000 1.000000
vn 0.000000 0.000000 1.000000
vn 0.000000 0.000000 1.000000
vn 0.000000 0.000000 1.000000
vn 0.000000 0.000000 1.000000
vn 0.000000 0.000000 1.000000
vn 0.000000 0.000000 1.000000
vn 0.000000 0.000000 1.000000
vn 0.000000 0.000000 1.000000
vn 0.000018 0.000000 1.000000
vn 0.000018 0.000000 1.000000
vn 0.000018 0.000000 1.000000
vn 0.000018 0.000000 1.000000
vn 0.000018 0.000000 1.000000
vn 0.000018 0.000000 1.000000
vn 0.000018 0.000000 1.000000
vn 0.000018 0.000000 1.000000
vn 0.000014 0.000000 1.000000
vn 0.000014 0.000000 1.000000
vn 0.000014 0.000000 1.000000
vn 0.000014 0.000000 1.000000
vn 0.000000 0.000000 1.000000
vn 0.000000 0.000000 1.000000
vn 0.000000 0.000000 1.000000
vn 0.000000 0.000000 1.000000
vn -0.000003 0.000000 1.000000
vn -0.000003 0.000000 1.000000
vn -0.000003 0.000000 1.000000
vn -0.000003 0.000000 1.000000
vn 0.000028 0.000000 1.000000
vn 0.000028 0.000000 1.000000
vn 0.000028 0.000000 1.000000
vn 0.000028 0.000000 1.000000
vn 0.000006 0.000000 1.000000
vn 0.000006 0.000000 1.000000
vn 0.000006 0.000000 1.000000
vn 0.000006 0.000000 1.000000
vn 0.000025 0.000000 1.000000
vn 0.000025 0.000000 1.000000
vn 0.000025 0.000000 1.000000
vn 0.000025 0.000000 1.000000
vn 0.000000 0.000000 1.000000
vn 0.000000 0.000000 1.000000
vn 0.000000 0.000000 1.000000
vn 0.000000 0.000000 1.000000
vn 0.000000 0.000000 1.000000
vn 0.000000 0.000000 1.000000
vn 0.000000 0.000000 1.000000
vn 0.000000 0.000000 1.000000
vn -0.000018 0.000000 1.000000
vn -0.000018 0.000000 1.000000
vn -0.000018 0.000000 1.000000
vn -0.000018 0.000000 1.000000
vn 0.000003 0.000000 1.000000
vn 0.000003 0.000000 1.000000
vn 0.000003 0.000000 1.000000
vn 0.000003 0.000000 1.000000
vn -0.000052 0.000000 1.000000
vn -0.000052 0.000000 1.000000
vn -0.000052 0.000000 1.000000
vn -0.000052 0.000000 1.000000
vn 0.000000 0.000000 1.000000
vn 0.000000 0.000000 1.000000
vn 0.000000 0.000000 1.000000
vn 0.000000 0.000000 1.000000
vn 0.000014 0.000000 1.000000
vn 0.000014 0.000000 1.000000
vn 0.000014 0.000000 1.000000
vn 0.000014 0.000000 1.000000
vn 0.664214 0.215815 0.715712
vn 0.331769 0.107793 0.937182
vn 0.348826 -0.000000 0.937187
vn 0.698393 -0.000000 0.715715
vn 0.565012 0.410509 0.715712
vn 0.282202 0.205038 0.937188
vn 0.410507 0.565014 0.715712
vn 0.205024 0.282209 0.937189
vn 0.215825 0.664212 0.715711
vn 0.107807 0.331755 0.937186
vn 0.000019 0.698396 0.715711
vn -0.000000 0.348829 0.937187
vn -0.215805 0.664216 0.715714
vn -0.107790 0.331755 0.937187
vn -0.410505 0.565014 0.715713
vn -0.205013 0.282209 0.937191
vn -0.565012 0.410509 0.715712
vn -0.282196 0.205038 0.937190
vn -0.664215 0.215815 0.715711
vn -0.331755 0.107793 0.937187
vn -0.698393 -0.000000 0.715714
vn -0.348823 0.000000 0.937189
vn -0.664214 -0.215815 0.715712
vn -0.331757 -0.107793 0.937186
vn -0.565013 -0.410508 0.715712
vn -0.282196 -0.205038 0.937190
vn -0.410503 -0.565015 0.715714
vn -0.205019 -0.282209 0.937190
vn -0.215811 -0.664215 0.715712
vn -0.107794 -0.331755 0.937187
vn 0.000000 -0.698396 0.715711
vn -0.000000 -0.348828 0.937187
vn 0.215807 -0.664215 0.715713
vn 0.107794 -0.331756 0.937187
vn 0.410502 -0.565015 0.715714
vn 0.205011 -0.282210 0.937192
vn 0.565012 -0.410508 0.715713
vn 0.282193 -0.205037 0.937191
vn 0.664209 -0.215817 0.715716
vn 0.331761 -0.107794 0.937185
vn -0.000008 0.000000 1.000000
vn 0.691997 0.224843 0.685992
vn 0.588647 0.427680 0.685992
vn 0.427679 0.588649 0.685991
vn 0.224853 0.691997 0.685990
vn 0.000021 0.727611 0.685991
vn -0.224833 0.692000 0.685993
vn -0.427679 0.588649 0.685991
vn -0.588648 0.427680 0.685991
vn -0.691999 0.224843 0.685991
vn -0.727608 0.000000 0.685993
vn -0.691998 -0.224843 0.685992
vn -0.588649 -0.427679 0.685991
vn -0.427675 -0.588650 0.685992
vn -0.224838 -0.691999 0.685992
vn 0.000000 -0.727610 0.685991
vn 0.224834 -0.692000 0.685993
vn 0.427674 -0.588650 0.685993
vn 0.588647 -0.427679 0.685992
vn 0.691993 -0.224845 0.685996
vn 0.727607 -0.000000 0.685994
vn 1.000000 0.000146 0.000000
vn 0.951014 0.309149 0.000729
vn 0.951099 -0.308884 -0.000728
vn 0.809086 -0.587689 -0.001385
vn 0.587854 -0.808965 -0.001906
vn 0.309059 -0.951040 -0.002241
vn 0.000000 -0.999997 -0.002357
vn -0.309059 -0.951040 -0.002241
vn -0.587854 -0.808965 -0.001906
vn -0.809086 -0.587689 -0.001385
vn -0.951099 -0.308884 -0.000728
vn -1.000000 0.000147 0.000000
vn -0.951013 0.309150 0.000729
vn -0.808946 0.587881 0.001385
vn -0.587714 0.809066 0.001907
vn -0.308973 0.951068 0.002241
vn -0.000000 0.999997 0.002357
vn 0.308973 0.951068 0.002241
vn 0.587714 0.809066 0.001907
vn 0.808946 0.587881 0.001385
vn 0.951001 0.309186 0.000729
vn 1.000000 0.000187 0.000000
vn 0.951111 -0.308847 -0.000728
vn 0.809105 -0.587662 -0.001385
vn 0.587874 -0.808951 -0.001906
vn 0.309072 -0.951036 -0.002241
vn 0.000000 -0.999997 -0.002357
vn -0.309072 -0.951036 -0.002241
vn -0.587874 -0.808951 -0.001906
vn -0.809105 -0.587662 -0.001385
vn -0.951112 -0.308847 -0.000728
vn -1.000000 0.000188 0.000000
vn -0.951001 0.309187 0.000729
vn -0.808927 0.587908 0.001385
vn -0.587695 0.809080 0.001907
vn -0.308961 0.951072 0.002241
vn -0.000000 0.999997 0.002357
vn 0.308961 0.951072 0.002241
vn 0.587695 0.809081 0.001907
vn 0.808927 0.587908 0.001385
vn 1.000000 -0.000001 -0.000000
vn 0.951057 0.309016 0.000728
vn 0.951112 0.308846 0.000728
vn 1.000000 -0.000189 -0.000000
vn 0.951056 -0.309017 -0.000728
vn 0.951001 -0.309187 -0.000729
vn 0.809016 -0.587785 -0.001385
vn 0.808927 -0.587908 -0.001385
vn 0.587784 -0.809015 -0.001907
vn 0.587695 -0.809080 -0.001907
vn 0.309016 -0.951054 -0.002241
vn 0.308961 -0.951072 -0.002241
vn 0.000000 -0.999997 -0.002357
vn 0.000000 -0.999997 -0.002357
vn -0.309016 -0.951054 -0.002241
vn -0.308961 -0.951072 -0.002241
vn -0.587784 -0.809015 -0.001907
vn -0.587695 -0.809080 -0.001907
vn -0.809016 -0.587785 -0.001385
vn -0.808927 -0.587908 -0.001385
vn -0.951056 -0.309017 -0.000728
vn -0.951001 -0.309187 -0.000729
vn -1.000000 0.000000 -0.000000
vn -1.000000 -0.000188 -0.000000
vn -0.951056 0.309017 0.000728
vn -0.951112 0.308847 0.000728
vn -0.809016 0.587785 0.001385
vn -0.809106 0.587662 0.001385
vn -0.587784 0.809016 0.001907
vn -0.587874 0.808951 0.001906
vn -0.309016 0.951054 0.002241
vn -0.309072 0.951036 0.002241
vn -0.000000 0.999997 0.002357
vn -0.000000 0.999997 0.002357
vn 0.309016 0.951054 0.002241
vn 0.309071 0.951036 0.002241
vn 0.587784 0.809016 0.001907
vn 0.587873 0.808951 0.001906
vn 0.809016 0.587785 0.001385
vn 0.809105 0.587662 0.001385
s 1
g body_low group1
usemtl standardSurface1SG
f 1/605/1 2/624/2 522/666/3 503/646/4
f 2/624/2 3/623/5 521/665/6 522/666/3
f 3/623/5 4/622/7 520/664/8 521/665/6
f 4/622/7 5/621/9 519/663/10 520/664/8
f 5/621/9 6/620/11 518/662/12 519/663/10
f 6/620/11 7/619/13 517/661/14 518/662/12
f 7/619/13 8/618/15 516/660/16 517/661/14
f 8/618/15 9/617/17 515/659/18 516/660/16
f 9/617/17 10/616/19 514/658/20 515/659/18
f 10/616/19 11/615/21 513/657/22 514/658/20
f 11/615/21 12/614/23 512/656/24 513/657/22
f 12/614/23 13/613/25 511/655/26 512/656/24
f 13/613/25 14/612/27 510/654/28 511/655/26
f 14/612/27 15/610/29 509/652/30 510/654/28
f 15/577/29 16/609/31 508/651/32 509/653/30
f 16/609/31 17/608/33 507/650/34 508/651/32
f 17/608/33 18/607/35 506/649/36 507/650/34
f 18/607/35 19/606/37 505/648/38 506/649/36
f 19/606/37 20/604/39 504/647/40 505/648/38
f 20/604/39 1/605/1 503/646/4 504/647/40
s 2
f 203/41/41 202/42/42 204/43/43
f 205/44/44 203/41/41 204/43/43
f 206/45/45 205/44/44 204/43/43
f 207/46/46 206/45/45 204/43/43
f 208/47/47 207/46/46 204/43/43
f 209/48/48 208/47/47 204/43/43
f 210/49/49 209/48/48 204/43/43
f 211/50/50 210/49/49 204/43/43
f 212/51/51 211/50/50 204/43/43
f 213/52/52 212/51/51 204/43/43
f 214/53/53 213/52/52 204/43/43
f 215/54/54 214/53/53 204/43/43
f 216/55/55 215/54/54 204/43/43
f 217/56/56 216/55/55 204/43/43
f 218/57/57 217/56/56 204/43/43
f 219/58/58 218/57/57 204/43/43
f 220/59/59 219/58/58 204/43/43
f 221/60/60 220/59/59 204/43/43
f 222/61/61 221/60/60 204/43/43
f 202/42/42 222/61/61 204/43/43
s 1
f 21/4/62 22/3/63 140/62/64 121/63/65
f 22/3/63 23/6/66 139/64/67 140/62/64
f 23/6/66 24/8/68 138/65/69 139/64/67
f 24/8/68 25/10/70 137/66/71 138/65/69
f 25/10/70 26/12/72 136/67/73 137/66/71
f 26/12/72 27/14/74 135/68/75 136/67/73
f 27/14/74 28/16/76 134/69/77 135/68/75
f 28/16/76 29/18/78 133/70/79 134/69/77
f 29/18/78 30/20/80 132/71/81 133/70/79
f 30/20/80 31/22/82 131/72/83 132/71/81
f 31/22/82 32/24/84 130/73/85 131/72/83
f 32/24/84 33/26/86 129/74/87 130/73/85
f 33/26/86 34/28/88 128/75/89 129/74/87
f 34/28/88 35/590/90 127/76/91 128/75/89
f 35/30/90 36/32/92 126/77/93 127/578/91
f 36/32/92 37/34/94 125/78/95 126/77/93
f 37/34/94 38/36/96 124/79/97 125/78/95
f 38/36/96 39/38/98 123/80/99 124/79/97
f 39/38/98 40/40/100 122/81/101 123/80/99
f 40/40/100 21/4/62 121/63/65 122/81/101
f 62/82/102 61/83/103 41/484/104 60/483/105
f 63/86/106 62/82/102 60/483/105 59/485/107
f 64/88/108 63/86/106 59/485/107 58/486/109
f 65/90/110 64/88/108 58/486/109 57/487/111
f 66/92/112 65/90/110 57/487/111 56/488/113
f 67/581/114 66/92/112 56/488/113 55/489/115
f 68/96/116 67/94/114 55/565/115 54/490/117
f 69/98/118 68/96/116 54/490/117 53/491/119
f 70/100/120 69/98/118 53/491/119 52/492/121
f 71/102/122 70/100/120 52/492/121 51/493/123
f 72/104/124 71/102/122 51/493/123 50/494/125
f 73/106/126 72/104/124 50/494/125 49/495/127
f 74/108/128 73/106/126 49/495/127 48/496/129
f 75/110/130 74/108/128 48/496/129 47/497/131
f 76/112/132 75/110/130 47/497/131 46/498/133
f 77/114/134 76/112/132 46/498/133 45/499/135
f 78/116/136 77/114/134 45/499/135 44/500/137
f 79/118/138 78/116/136 44/500/137 43/501/139
f 80/120/140 79/118/138 43/501/139 42/502/141
f 61/83/103 80/120/140 42/502/141 41/484/104
f 82/122/142 81/123/143 61/83/103 62/82/102
f 83/124/144 82/122/142 62/82/102 63/86/106
f 84/125/145 83/124/144 63/86/106 64/88/108
f 85/126/146 84/125/145 64/88/108 65/90/110
f 86/127/147 85/126/146 65/90/110 66/92/112
f 87/580/148 86/127/147 66/92/112 67/581/114
f 88/129/149 87/128/148 67/94/114 68/96/116
f 89/130/150 88/129/149 68/96/116 69/98/118
f 90/131/151 89/130/150 69/98/118 70/100/120
f 91/132/152 90/131/151 70/100/120 71/102/122
f 92/133/153 91/132/152 71/102/122 72/104/124
f 93/134/154 92/133/153 72/104/124 73/106/126
f 94/135/155 93/134/154 73/106/126 74/108/128
f 95/136/156 94/135/155 74/108/128 75/110/130
f 96/137/157 95/136/156 75/110/130 76/112/132
f 97/138/158 96/137/157 76/112/132 77/114/134
f 98/139/159 97/138/158 77/114/134 78/116/136
f 99/140/160 98/139/159 78/116/136 79/118/138
f 100/141/161 99/140/160 79/118/138 80/120/140
f 81/123/143 100/141/161 80/120/140 61/83/103
f 102/142/162 101/143/163 81/123/143 82/122/142
f 103/144/164 102/142/162 82/122/142 83/124/144
f 104/145/165 103/144/164 83/124/144 84/125/145
f 105/146/166 104/145/165 84/125/145 85/126/146
f 106/147/167 105/146/166 85/126/146 86/127/147
f 107/579/168 106/147/167 86/127/147 87/580/148
f 108/149/169 107/148/168 87/128/148 88/129/149
f 109/150/170 108/149/169 88/129/149 89/130/150
f 110/151/171 109/150/170 89/130/150 90/131/151
f 111/152/172 110/151/171 90/131/151 91/132/152
f 112/153/173 111/152/172 91/132/152 92/133/153
f 113/154/174 112/153/173 92/133/153 93/134/154
f 114/155/175 113/154/174 93/134/154 94/135/155
f 115/156/176 114/155/175 94/135/155 95/136/156
f 116/157/177 115/156/176 95/136/156 96/137/157
f 117/158/178 116/157/177 96/137/157 97/138/158
f 118/159/179 117/158/178 97/138/158 98/139/159
f 119/160/180 118/159/179 98/139/159 99/140/160
f 120/161/181 119/160/180 99/140/160 100/141/161
f 101/143/163 120/161/181 100/141/161 81/123/143
f 122/81/101 121/63/65 101/143/163 102/142/162
f 123/80/99 122/81/101 102/142/162 103/144/164
f 124/79/97 123/80/99 103/144/164 104/145/165
f 125/78/95 124/79/97 104/145/165 105/146/166
f 126/77/93 125/78/95 105/146/166 106/147/167
f 127/578/91 126/77/93 106/147/167 107/579/168
f 128/75/89 127/76/91 107/148/168 108/149/169
f 129/74/87 128/75/89 108/149/169 109/150/170
f 130/73/85 129/74/87 109/150/170 110/151/171
f 131/72/83 130/73/85 110/151/171 111/152/172
f 132/71/81 131/72/83 111/152/172 112/153/173
f 133/70/79 132/71/81 112/153/173 113/154/174
f 134/69/77 133/70/79 113/154/174 114/155/175
f 135/68/75 134/69/77 114/155/175 115/156/176
f 136/67/73 135/68/75 115/156/176 116/157/177
f 137/66/71 136/67/73 116/157/177 117/158/178
f 138/65/69 137/66/71 117/158/178 118/159/179
f 139/64/67 138/65/69 118/159/179 119/160/180
f 140/62/64 139/64/67 119/160/180 120/161/181
f 121/63/65 140/62/64 120/161/181 101/143/163
s off
f 162/162/182 163/163/183 164/164/184 165/165/185
f 163/163/186 166/166/187 167/167/188 164/164/189
f 166/166/190 168/168/191 169/169/192 167/167/193
f 168/168/194 170/170/195 171/171/196 169/169/197
f 170/170/198 172/172/199 173/173/200 171/171/201
f 172/172/202 174/174/203 175/175/204 173/173/205
f 174/174/206 176/176/207 177/177/208 175/175/209
f 176/176/210 178/178/211 179/179/212 177/177/213
f 178/178/214 180/180/215 181/181/216 179/179/217
f 180/180/218 182/182/219 183/183/220 181/181/221
f 182/182/222 184/184/223 185/185/224 183/183/225
f 184/184/226 186/186/227 187/187/228 185/185/229
f 186/186/230 188/188/231 189/189/232 187/187/233
f 188/188/234 190/190/235 191/191/236 189/189/237
f 190/190/238 192/192/239 193/193/240 191/191/241
f 192/192/242 194/194/243 195/195/244 193/193/245
f 194/194/246 196/196/247 197/197/248 195/195/249
f 196/196/250 198/198/251 199/199/252 197/197/253
f 198/198/254 200/200/255 201/201/256 199/199/257
f 200/200/258 162/162/259 165/165/260 201/201/261
f 41/84/262 42/121/263 163/163/264 162/162/265
f 142/522/266 141/504/267 165/165/268 164/164/269
f 42/121/270 43/119/271 166/166/272 163/163/273
f 143/521/274 142/522/275 164/164/276 167/167/277
f 43/119/278 44/117/279 168/168/280 166/166/281
f 144/520/282 143/521/283 167/167/284 169/169/285
f 44/117/286 45/115/287 170/170/288 168/168/289
f 145/519/290 144/520/291 169/169/292 171/171/293
f 45/115/294 46/113/295 172/172/296 170/170/297
f 146/518/298 145/519/299 171/171/300 173/173/301
f 46/113/302 47/111/303 174/174/304 172/172/305
f 147/517/306 146/518/307 173/173/308 175/175/309
f 47/111/310 48/109/311 176/176/312 174/174/313
f 148/516/314 147/517/315 175/175/316 177/177/317
f 48/109/318 49/107/319 178/178/320 176/176/321
f 149/515/322 148/516/323 177/177/324 179/179/325
f 49/107/326 50/105/327 180/180/328 178/178/329
f 150/514/330 149/515/331 179/179/332 181/181/333
f 50/105/334 51/103/335 182/182/336 180/180/337
f 151/513/338 150/514/339 181/181/340 183/183/341
f 51/103/342 52/101/343 184/184/344 182/182/345
f 152/512/346 151/513/347 183/183/348 185/185/349
f 52/101/350 53/99/351 186/186/352 184/184/353
f 153/511/354 152/512/355 185/185/356 187/187/357
f 53/99/358 54/97/359 188/188/360 186/186/361
f 154/510/362 153/511/363 187/187/364 189/189/365
f 54/97/366 55/95/367 190/190/368 188/188/369
f 155/509/370 154/510/371 189/189/372 191/191/373
f 55/95/374 56/93/375 192/192/376 190/190/377
f 156/508/378 155/509/379 191/191/380 193/193/381
f 56/93/382 57/91/383 194/194/384 192/192/385
f 157/507/386 156/508/387 193/193/388 195/195/389
f 57/91/390 58/89/391 196/196/392 194/194/393
f 158/506/394 157/507/395 195/195/396 197/197/397
f 58/89/398 59/87/399 198/198/400 196/196/401
f 159/505/402 158/506/403 197/197/404 199/199/405
f 59/87/406 60/85/407 200/200/408 198/198/409
f 160/503/410 159/505/411 199/199/412 201/201/413
f 60/85/414 41/84/415 162/162/416 200/200/417
f 141/504/418 160/503/419 201/201/420 165/165/421
s 5
f 2/2/422 1/1/423 363/222/424 364/223/425
f 3/5/426 2/2/422 364/223/425 365/224/427
f 4/7/428 3/5/426 365/224/427 366/225/429
f 5/9/430 4/7/428 366/225/429 367/226/431
f 6/11/432 5/9/430 367/226/431 368/227/433
f 7/13/434 6/11/432 368/227/433 369/228/435
f 8/15/436 7/13/434 369/228/435 370/229/437
f 9/17/438 8/15/436 370/229/437 371/230/439
f 10/19/440 9/17/438 371/230/439 372/231/441
f 11/21/442 10/19/440 372/231/441 373/232/443
f 12/23/444 11/21/442 373/232/443 374/233/445
f 13/25/446 12/23/444 374/233/445 375/234/447
f 14/27/448 13/25/446 375/234/447 376/235/449
f 15/29/450 14/27/448 376/235/449 377/570/451
f 16/31/452 15/611/450 377/236/451 378/237/453
f 17/33/454 16/31/452 378/237/453 379/238/455
f 18/35/456 17/33/454 379/238/455 380/239/457
f 19/37/458 18/35/456 380/239/457 381/240/459
f 20/39/460 19/37/458 381/240/459 382/241/461
f 1/1/423 20/39/460 382/241/461 363/222/424
s 6
f 384/242/462 383/243/463 385/244/464 386/564/465
f 387/246/466 384/242/462 386/564/465 388/563/467
f 389/248/468 387/246/466 388/563/467 390/562/469
f 391/250/470 389/248/468 390/562/469 392/561/471
f 393/252/472 391/250/470 392/561/471 394/560/473
f 395/254/474 393/252/472 394/560/473 396/559/475
f 397/256/476 395/254/474 396/559/475 398/558/477
f 399/258/478 397/256/476 398/558/477 400/557/479
f 401/260/480 399/258/478 400/557/479 402/556/481
f 403/262/482 401/260/480 402/556/481 404/555/483
f 405/264/484 403/262/482 404/555/483 406/554/485
f 407/266/486 405/264/484 406/554/485 408/553/487
f 409/268/488 407/266/486 408/553/487 410/552/489
f 411/567/490 409/268/488 410/552/489 412/551/491
f 413/272/492 411/270/490 412/569/491 414/550/493
f 415/274/494 413/272/492 414/550/493 416/549/495
f 417/276/496 415/274/494 416/549/495 418/548/497
f 419/278/498 417/276/496 418/548/497 420/547/499
f 421/280/500 419/278/498 420/547/499 422/545/501
f 383/243/463 421/280/500 422/545/501 385/244/464
f 424/282/502 423/283/503 383/243/463 384/242/462
f 425/284/504 424/282/502 384/242/462 387/246/466
f 426/285/505 425/284/504 387/246/466 389/248/468
f 427/286/506 426/285/505 389/248/468 391/250/470
f 428/287/507 427/286/506 391/250/470 393/252/472
f 429/288/508 428/287/507 393/252/472 395/254/474
f 430/289/509 429/288/508 395/254/474 397/256/476
f 431/290/510 430/289/509 397/256/476 399/258/478
f 432/291/511 431/290/510 399/258/478 401/260/480
f 433/292/512 432/291/511 401/260/480 403/262/482
f 434/293/513 433/292/512 403/262/482 405/264/484
f 435/294/514 434/293/513 405/264/484 407/266/486
f 436/295/515 435/294/514 407/266/486 409/268/488
f 437/566/516 436/295/515 409/268/488 411/567/490
f 438/297/517 437/296/516 411/270/490 413/272/492
f 439/298/518 438/297/517 413/272/492 415/274/494
f 440/299/519 439/298/518 415/274/494 417/276/496
f 441/300/520 440/299/519 417/276/496 419/278/498
f 442/301/521 441/300/520 419/278/498 421/280/500
f 423/283/503 442/301/521 421/280/500 383/243/463
s 5
f 244/302/522 243/303/523 223/304/524 224/305/525
f 245/306/526 244/302/522 224/305/525 225/307/527
f 246/308/528 245/306/526 225/307/527 226/309/529
f 247/310/530 246/308/528 226/309/529 227/311/531
f 248/312/532 247/310/530 227/311/531 228/313/533
f 249/314/534 248/312/532 228/313/533 229/315/535
f 250/316/536 249/314/534 229/315/535 230/317/537
f 251/318/538 250/316/536 230/317/537 231/319/539
f 252/320/540 251/318/538 231/319/539 232/321/541
f 253/322/542 252/320/540 232/321/541 233/323/543
f 254/324/544 253/322/542 233/323/543 234/325/545
f 255/326/546 254/324/544 234/325/545 235/327/547
f 256/328/548 255/326/546 235/327/547 236/329/549
f 257/576/550 256/328/548 236/329/549 237/331/551
f 258/332/552 257/330/550 237/568/551 238/333/553
f 259/334/554 258/332/552 238/333/553 239/335/555
f 260/336/556 259/334/554 239/335/555 240/337/557
f 261/338/558 260/336/556 240/337/557 241/339/559
f 262/340/560 261/338/558 241/339/559 242/341/561
f 243/303/523 262/340/560 242/341/561 223/304/524
f 264/342/562 263/343/563 243/303/523 244/302/522
f 265/344/564 264/342/562 244/302/522 245/306/526
f 266/345/565 265/344/564 245/306/526 246/308/528
f 267/346/566 266/345/565 246/308/528 247/310/530
f 268/347/567 267/346/566 247/310/530 248/312/532
f 269/348/568 268/347/567 248/312/532 249/314/534
f 270/349/569 269/348/568 249/314/534 250/316/536
f 271/350/570 270/349/569 250/316/536 251/318/538
f 272/351/571 271/350/570 251/318/538 252/320/540
f 273/352/572 272/351/571 252/320/540 253/322/542
f 274/353/573 273/352/572 253/322/542 254/324/544
f 275/354/574 274/353/573 254/324/544 255/326/546
f 276/355/575 275/354/574 255/326/546 256/328/548
f 277/575/576 276/355/575 256/328/548 257/576/550
f 278/357/577 277/356/576 257/330/550 258/332/552
f 279/358/578 278/357/577 258/332/552 259/334/554
f 280/359/579 279/358/578 259/334/554 260/336/556
f 281/360/580 280/359/579 260/336/556 261/338/558
f 282/361/581 281/360/580 261/338/558 262/340/560
f 263/343/563 282/361/581 262/340/560 243/303/523
f 284/362/582 283/363/583 263/343/563 264/342/562
f 285/364/584 284/362/582 264/342/562 265/344/564
f 286/365/585 285/364/584 265/344/564 266/345/565
f 287/366/586 286/365/585 266/345/565 267/346/566
f 288/367/587 287/366/586 267/346/566 268/347/567
f 289/368/588 288/367/587 268/347/567 269/348/568
f 290/369/589 289/368/588 269/348/568 270/349/569
f 291/370/590 290/369/589 270/349/569 271/350/570
f 292/371/591 291/370/590 271/350/570 272/351/571
f 293/372/592 292/371/591 272/351/571 273/352/572
f 294/373/593 293/372/592 273/352/572 274/353/573
f 295/374/594 294/373/593 274/353/573 275/354/574
f 296/375/595 295/374/594 275/354/574 276/355/575
f 297/574/596 296/375/595 276/355/575 277/575/576
f 298/377/597 297/376/596 277/356/576 278/357/577
f 299/378/598 298/377/597 278/357/577 279/358/578
f 300/379/599 299/378/598 279/358/578 280/359/579
f 301/380/600 300/379/599 280/359/579 281/360/580
f 302/381/601 301/380/600 281/360/580 282/361/581
f 283/363/583 302/381/601 282/361/581 263/343/563
f 304/382/602 303/383/603 283/363/583 284/362/582
f 305/384/604 304/382/602 284/362/582 285/364/584
f 306/385/605 305/384/604 285/364/584 286/365/585
f 307/386/606 306/385/605 286/365/585 287/366/586
f 308/387/607 307/386/606 287/366/586 288/367/587
f 309/388/608 308/387/607 288/367/587 289/368/588
f 310/389/609 309/388/608 289/368/588 290/369/589
f 311/390/610 310/389/609 290/369/589 291/370/590
f 312/391/611 311/390/610 291/370/590 292/371/591
f 313/392/612 312/391/611 292/371/591 293/372/592
f 314/393/613 313/392/612 293/372/592 294/373/593
f 315/394/614 314/393/613 294/373/593 295/374/594
f 316/395/615 315/394/614 295/374/594 296/375/595
f 317/573/616 316/395/615 296/375/595 297/574/596
f 318/397/617 317/396/616 297/376/596 298/377/597
f 319/398/618 318/397/617 298/377/597 299/378/598
f 320/399/619 319/398/618 299/378/598 300/379/599
f 321/400/620 320/399/619 300/379/599 301/380/600
f 322/401/621 321/400/620 301/380/600 302/381/601
f 303/383/603 322/401/621 302/381/601 283/363/583
f 324/402/622 323/403/623 303/383/603 304/382/602
f 325/404/624 324/402/622 304/382/602 305/384/604
f 326/405/625 325/404/624 305/384/604 306/385/605
f 327/406/626 326/405/625 306/385/605 307/386/606
f 328/407/627 327/406/626 307/386/606 308/387/607
f 329/408/628 328/407/627 308/387/607 309/388/608
f 330/409/629 329/408/628 309/388/608 310/389/609
f 331/410/630 330/409/629 310/389/609 311/390/610
f 332/411/631 331/410/630 311/390/610 312/391/611
f 333/412/632 332/411/631 312/391/611 313/392/612
f 334/413/633 333/412/632 313/392/612 314/393/613
f 335/414/634 334/413/633 314/393/613 315/394/614
f 336/415/635 335/414/634 315/394/614 316/395/615
f 337/572/636 336/415/635 316/395/615 317/573/616
f 338/417/637 337/416/636 317/396/616 318/397/617
f 339/418/638 338/417/637 318/397/617 319/398/618
f 340/419/639 339/418/638 319/398/618 320/399/619
f 341/420/640 340/419/639 320/399/619 321/400/620
f 342/421/641 341/420/640 321/400/620 322/401/621
f 323/403/623 342/421/641 322/401/621 303/383/603
f 344/422/642 343/423/643 323/403/623 324/402/622
f 345/424/644 344/422/642 324/402/622 325/404/624
f 346/425/645 345/424/644 325/404/624 326/405/625
f 347/426/646 346/425/645 326/405/625 327/406/626
f 348/427/647 347/426/646 327/406/626 328/407/627
f 349/428/648 348/427/647 328/407/627 329/408/628
f 350/429/649 349/428/648 329/408/628 330/409/629
f 351/430/650 350/429/649 330/409/629 331/410/630
f 352/431/651 351/430/650 331/410/630 332/411/631
f 353/432/652 352/431/651 332/411/631 333/412/632
f 354/433/653 353/432/652 333/412/632 334/413/633
f 355/434/654 354/433/653 334/413/633 335/414/634
f 356/435/655 355/434/654 335/414/634 336/415/635
f 357/571/656 356/435/655 336/415/635 337/572/636
f 358/437/657 357/436/656 337/416/636 338/417/637
f 359/438/658 358/437/657 338/417/637 339/418/638
f 360/439/659 359/438/658 339/418/638 340/419/639
f 361/440/660 360/439/659 340/419/639 341/420/640
f 362/441/661 361/440/660 341/420/640 342/421/641
f 343/423/643 362/441/661 342/421/641 323/403/623
f 364/223/425 363/222/424 343/423/643 344/422/642
f 365/224/427 364/223/425 344/422/642 345/424/644
f 366/225/429 365/224/427 345/424/644 346/425/645
f 367/226/431 366/225/429 346/425/645 347/426/646
f 368/227/433 367/226/431 347/426/646 348/427/647
f 369/228/435 368/227/433 348/427/647 349/428/648
f 370/229/437 369/228/435 349/428/648 350/429/649
f 371/230/439 370/229/437 350/429/649 351/430/650
f 372/231/441 371/230/439 351/430/650 352/431/651
f 373/232/443 372/231/441 352/431/651 353/432/652
f 374/233/445 373/232/443 353/432/652 354/433/653
f 375/234/447 374/233/445 354/433/653 355/434/654
f 376/235/449 375/234/447 355/434/654 356/435/655
f 377/570/451 376/235/449 356/435/655 357/571/656
f 378/237/453 377/236/451 357/436/656 358/437/657
f 379/238/455 378/237/453 358/437/657 359/438/658
f 380/239/457 379/238/455 359/438/658 360/439/659
f 381/240/459 380/239/457 360/439/659 361/440/660
f 382/241/461 381/240/459 361/440/660 362/441/661
f 363/222/424 382/241/461 362/441/661 343/423/643
s off
f 202/42/662 203/41/663 386/245/664 385/546/665
f 203/41/666 205/44/667 388/247/668 386/245/669
f 205/44/670 206/45/671 390/249/672 388/247/673
f 206/45/674 207/46/675 392/251/676 390/249/677
f 207/46/678 208/47/679 394/253/680 392/251/681
f 208/47/682 209/48/683 396/255/684 394/253/685
f 209/48/686 210/49/687 398/257/688 396/255/689
f 210/49/690 211/50/691 400/259/692 398/257/693
f 211/50/694 212/51/695 402/261/696 400/259/697
f 212/51/698 213/52/699 404/263/700 402/261/701
f 213/52/702 214/53/703 406/265/704 404/263/705
f 214/53/706 215/54/707 408/267/708 406/265/709
f 215/54/710 216/55/711 410/269/712 408/267/713
f 216/55/714 217/56/715 412/271/716 410/269/717
f 217/56/718 218/57/719 414/273/720 412/271/721
f 218/57/722 219/58/723 416/275/724 414/273/725
f 219/58/726 220/59/727 418/277/728 416/275/729
f 220/59/730 221/60/731 420/279/732 418/277/733
f 221/60/734 222/61/735 422/281/736 420/279/737
f 222/61/738 202/42/739 385/546/740 422/281/741
f 224/305/742 223/304/743 423/283/744 424/282/745
f 225/307/746 224/305/747 424/282/748 425/284/749
f 226/309/750 225/307/751 425/284/752 426/285/753
f 227/311/754 226/309/755 426/285/756 427/286/757
f 228/313/758 227/311/759 427/286/760 428/287/761
f 229/315/762 228/313/763 428/287/764 429/288/765
f 230/317/766 229/315/767 429/288/768 430/289/769
f 231/319/770 230/317/771 430/289/772 431/290/773
f 232/321/774 231/319/775 431/290/776 432/291/777
f 233/323/778 232/321/779 432/291/780 433/292/781
f 234/325/782 233/323/783 433/292/784 434/293/785
f 235/327/786 234/325/787 434/293/788 435/294/789
f 236/329/790 235/327/791 435/294/792 436/295/793
f 237/331/794 236/329/795 436/295/796 437/566/797
f 238/333/798 237/568/799 437/296/800 438/297/801
f 239/335/802 238/333/803 438/297/804 439/298/805
f 240/337/806 239/335/807 439/298/808 440/299/809
f 241/339/810 240/337/811 440/299/812 441/300/813
f 242/341/814 241/339/815 441/300/816 442/301/817
f 223/304/818 242/341/819 442/301/820 423/283/821
s 8
f 443/542/822 444/443/823 481/444/824 482/524/825
f 444/443/823 443/542/822 446/541/826 445/447/827
f 445/447/827 446/541/826 448/540/828 447/449/829
f 447/449/829 448/540/828 450/539/830 449/451/831
f 449/451/831 450/539/830 452/538/832 451/453/833
f 451/453/833 452/538/832 454/537/834 453/455/835
f 453/455/835 454/537/834 456/536/836 455/457/837
f 455/457/837 456/536/836 458/535/838 457/459/839
f 457/459/839 458/535/838 460/534/840 459/461/841
f 459/461/841 460/534/840 462/533/842 461/463/843
f 461/463/843 462/533/842 464/532/844 463/465/845
f 463/465/845 464/532/844 466/531/846 465/467/847
f 465/467/847 466/531/846 468/530/848 467/469/849
f 467/469/849 468/530/848 470/529/850 469/471/851
f 469/471/851 470/529/850 472/528/852 471/473/853
f 471/473/853 472/528/852 474/527/854 473/475/855
f 473/475/855 474/527/854 476/526/856 475/477/857
f 475/477/857 476/526/856 478/525/858 477/479/859
f 477/479/859 478/525/858 480/523/860 479/481/861
f 479/481/861 480/523/860 482/524/825 481/444/824
f 444/443/823 445/447/827 161/482/862
f 445/447/827 447/449/829 161/482/862
f 447/449/829 449/451/831 161/482/862
f 449/451/831 451/453/833 161/482/862
f 451/453/833 453/455/835 161/482/862
f 453/455/835 455/457/837 161/482/862
f 455/457/837 457/459/839 161/482/862
f 457/459/839 459/461/841 161/482/862
f 459/461/841 461/463/843 161/482/862
f 461/463/843 463/465/845 161/482/862
f 463/465/845 465/467/847 161/482/862
f 465/467/847 467/469/849 161/482/862
f 467/469/849 469/471/851 161/482/862
f 469/471/851 471/473/853 161/482/862
f 471/473/853 473/475/855 161/482/862
f 473/475/855 475/477/857 161/482/862
f 475/477/857 477/479/859 161/482/862
f 477/479/859 479/481/861 161/482/862
f 479/481/861 481/444/824 161/482/862
f 481/444/824 444/443/823 161/482/862
f 141/203/863 142/202/864 446/446/826 443/442/822
f 142/202/864 143/204/865 448/448/828 446/446/826
f 143/204/865 144/205/866 450/450/830 448/448/828
f 144/205/866 145/206/867 452/452/832 450/450/830
f 145/206/867 146/207/868 454/454/834 452/452/832
f 146/207/868 147/208/869 456/456/836 454/454/834
f 147/208/869 148/209/870 458/458/838 456/456/836
f 148/209/870 149/210/871 460/460/840 458/458/838
f 149/210/871 150/211/872 462/462/842 460/460/840
f 150/211/872 151/212/873 464/464/844 462/462/842
f 151/212/873 152/213/874 466/466/846 464/464/844
f 152/213/874 153/214/875 468/468/848 466/466/846
f 153/214/875 154/215/876 470/470/850 468/468/848
f 154/215/876 155/543/877 472/472/852 470/470/850
f 155/216/877 156/217/878 474/474/854 472/544/852
f 156/217/878 157/218/879 476/476/856 474/474/854
f 157/218/879 158/219/880 478/478/858 476/476/856
f 158/219/880 159/220/881 480/480/860 478/478/858
f 159/220/881 160/221/882 482/445/825 480/480/860
f 160/221/882 141/203/863 443/442/822 482/445/825
s 1
f 484/626/883 483/625/884 21/584/62 40/583/100
f 485/627/885 484/626/883 40/583/100 39/585/98
f 486/628/886 485/627/885 39/585/98 38/586/96
f 487/629/887 486/628/886 38/586/96 37/587/94
f 488/630/888 487/629/887 37/587/94 36/588/92
f 489/632/889 488/630/888 36/588/92 35/589/90
f 490/633/890 489/631/889 35/582/90 34/591/88
f 491/634/891 490/633/890 34/591/88 33/592/86
f 492/635/892 491/634/891 33/592/86 32/593/84
f 493/636/893 492/635/892 32/593/84 31/594/82
f 494/637/894 493/636/893 31/594/82 30/595/80
f 495/638/895 494/637/894 30/595/80 29/596/78
f 496/639/896 495/638/895 29/596/78 28/597/76
f 497/640/897 496/639/896 28/597/76 27/598/74
f 498/641/898 497/640/897 27/598/74 26/599/72
f 499/642/899 498/641/898 26/599/72 25/600/70
f 500/643/900 499/642/899 25/600/70 24/601/68
f 501/644/901 500/643/900 24/601/68 23/602/66
f 502/645/902 501/644/901 23/602/66 22/603/63
f 483/625/884 502/645/902 22/603/63 21/584/62
f 504/647/40 503/646/4 543/688/903 544/689/904
f 505/648/38 504/647/40 544/689/904 545/690/905
f 506/649/36 505/648/38 545/690/905 546/691/906
f 507/650/34 506/649/36 546/691/906 547/692/907
f 508/651/32 507/650/34 547/692/907 548/693/908
f 509/653/30 508/651/32 548/693/908 549/695/909
f 510/654/28 509/652/30 549/694/909 550/696/910
f 511/655/26 510/654/28 550/696/910 551/697/911
f 512/656/24 511/655/26 551/697/911 552/698/912
f 513/657/22 512/656/24 552/698/912 553/699/913
f 514/658/20 513/657/22 553/699/913 554/700/914
f 515/659/18 514/658/20 554/700/914 555/701/915
f 516/660/16 515/659/18 555/701/915 556/702/916
f 517/661/14 516/660/16 556/702/916 557/703/917
f 518/662/12 517/661/14 557/703/917 558/704/918
f 519/663/10 518/662/12 558/704/918 559/705/919
f 520/664/8 519/663/10 559/705/919 560/706/920
f 521/665/6 520/664/8 560/706/920 561/707/921
f 522/666/3 521/665/6 561/707/921 562/708/922
f 503/646/4 522/666/3 562/708/922 543/688/903
f 524/750/923 523/731/924 563/709/925 564/710/926
f 525/749/927 524/750/923 564/710/926 565/711/928
f 526/748/929 525/749/927 565/711/928 566/712/930
f 527/747/931 526/748/929 566/712/930 567/713/932
f 528/746/933 527/747/931 567/713/932 568/714/934
f 529/674/935 528/746/933 568/714/934 569/716/936
f 530/743/937 529/744/935 569/715/936 570/717/938
f 531/742/939 530/743/937 570/717/938 571/718/940
f 532/741/941 531/742/939 571/718/940 572/719/942
f 533/740/943 532/741/941 572/719/942 573/720/944
f 534/739/945 533/740/943 573/720/944 574/721/946
f 535/738/947 534/739/945 574/721/946 575/722/948
f 536/737/949 535/738/947 575/722/948 576/723/950
f 537/736/951 536/737/949 576/723/950 577/724/952
f 538/735/953 537/736/951 577/724/952 578/725/954
f 539/734/955 538/735/953 578/725/954 579/726/956
f 540/733/957 539/734/955 579/726/956 580/727/958
f 541/732/959 540/733/957 580/727/958 581/728/960
f 542/730/961 541/732/959 581/728/960 582/729/962
f 523/731/924 542/730/961 582/729/962 563/709/925
f 544/689/904 543/688/903 523/667/924 524/668/923
f 545/690/905 544/689/904 524/668/923 525/669/927
f 546/691/906 545/690/905 525/669/927 526/670/929
f 547/692/907 546/691/906 526/670/929 527/671/931
f 548/693/908 547/692/907 527/671/931 528/672/933
f 549/695/909 548/693/908 528/672/933 529/745/935
f 550/696/910 549/694/909 529/673/935 530/675/937
f 551/697/911 550/696/910 530/675/937 531/676/939
f 552/698/912 551/697/911 531/676/939 532/677/941
f 553/699/913 552/698/912 532/677/941 533/678/943
f 554/700/914 553/699/913 533/678/943 534/679/945
f 555/701/915 554/700/914 534/679/945 535/680/947
f 556/702/916 555/701/915 535/680/947 536/681/949
f 557/703/917 556/702/916 536/681/949 537/682/951
f 558/704/918 557/703/917 537/682/951 538/683/953
f 559/705/919 558/704/918 538/683/953 539/684/955
f 560/706/920 559/705/919 539/684/955 540/685/957
f 561/707/921 560/706/920 540/685/957 541/686/959
f 562/708/922 561/707/921 541/686/959 542/687/961
f 543/688/903 562/708/922 542/687/961 523/667/924
f 564/710/926 563/709/925 483/625/884 484/626/883
f 565/711/928 564/710/926 484/626/883 485/627/885
f 566/712/930 565/711/928 485/627/885 486/628/886
f 567/713/932 566/712/930 486/628/886 487/629/887
f 568/714/934 567/713/932 487/629/887 488/630/888
f 569/716/936 568/714/934 488/630/888 489/632/889
f 570/717/938 569/715/936 489/631/889 490/633/890
f 571/718/940 570/717/938 490/633/890 491/634/891
f 572/719/942 571/718/940 491/634/891 492/635/892
f 573/720/944 572/719/942 492/635/892 493/636/893
f 574/721/946 573/720/944 493/636/893 494/637/894
f 575/722/948 574/721/946 494/637/894 495/638/895
f 576/723/950 575/722/948 495/638/895 496/639/896
f 577/724/952 576/723/950 496/639/896 497/640/897
f 578/725/954 577/724/952 497/640/897 498/641/898
f 579/726/956 578/725/954 498/641/898 499/642/899
f 580/727/958 579/726/956 499/642/899 500/643/900
f 581/728/960 580/727/958 500/643/900 501/644/901
f 582/729/962 581/728/960 501/644/901 502/645/902
f 563/709/925 582/729/962 502/645/902 483/625/884
g default
v 0.131615 0.623281 1.656299
v 0.075988 0.623281 1.601451
v 0.000000 0.623281 1.581376
v -0.075988 0.623281 1.601451
v -0.131615 0.623281 1.656299
v -0.151976 0.623281 1.731221
v -0.131615 0.623281 1.806144
v -0.075988 0.623281 1.860991
v 0.000000 0.623281 1.881066
v 0.075988 0.623281 1.860991
v 0.131615 0.623281 1.806144
v 0.151976 0.623281 1.731221
v 0.131615 0.802370 1.656299
v 0.075988 0.802370 1.601451
v 0.000000 0.802370 1.581376
v -0.075988 0.802370 1.601451
v -0.131615 0.802370 1.656299
v -0.151976 0.802370 1.731221
v -0.131615 0.802370 1.806144
v -0.075988 0.802370 1.860991
v 0.000000 0.802370 1.881066
v 0.075988 0.802370 1.860991
v 0.131615 0.802370 1.806144
v 0.151976 0.802370 1.731221
v 0.000000 0.623281 1.731221
v 0.000000 0.802370 1.731221
v -0.100023 0.661404 2.885650
v 0.100023 0.661404 2.885650
v -0.100023 0.773435 2.885650
v 0.100023 0.773435 2.885650
v -0.100023 0.773435 2.310624
v 0.100023 0.773435 2.310624
v -0.100023 0.661404 2.310624
v 0.100023 0.661404 2.310624
vt 0.078787 0.687741
vt 0.078696 0.681269
vt 0.075381 0.675663
vt 0.069730 0.672426
vt 0.063257 0.672426
vt 0.057697 0.675662
vt 0.054539 0.681267
vt 0.054630 0.687739
vt 0.057945 0.693344
vt 0.063596 0.696581
vt 0.070069 0.696582
vt 0.075630 0.693346
vt 0.828993 0.956504
vt 0.835466 0.956504
vt 0.841978 0.956505
vt 0.848491 0.956505
vt 0.854964 0.956505
vt 0.861397 0.956505
vt 0.867830 0.956506
vt 0.874303 0.956506
vt 0.880816 0.956506
vt 0.887328 0.956506
vt 0.893801 0.956506
vt 0.900234 0.956507
vt 0.906668 0.956507
vt 0.828992 0.971344
vt 0.835465 0.971344
vt 0.841978 0.971344
vt 0.848490 0.971344
vt 0.854963 0.971345
vt 0.861396 0.971345
vt 0.867830 0.971345
vt 0.874303 0.971345
vt 0.880815 0.971345
vt 0.887328 0.971346
vt 0.893801 0.971346
vt 0.900234 0.971346
vt 0.906667 0.971346
vt 0.291489 0.629469
vt 0.291398 0.622996
vt 0.288083 0.617391
vt 0.282432 0.614154
vt 0.275959 0.614153
vt 0.270399 0.617389
vt 0.267241 0.622994
vt 0.267332 0.629466
vt 0.270647 0.635072
vt 0.276298 0.638308
vt 0.282771 0.638309
vt 0.288331 0.635073
vt 0.066663 0.684504
vt 0.279365 0.626231
vt 0.316326 0.930686
vt 0.976247 0.655409
vt 0.342185 0.930683
vt 0.325609 0.930685
vt 0.342189 0.978331
vt 0.325613 0.978332
vt 0.351472 0.978330
vt 0.992823 0.703056
vt 0.351468 0.930683
vt 0.342184 0.921400
vt 0.992823 0.655409
vt 0.325613 0.987615
vt 0.976247 0.703056
vt 0.325608 0.921402
vt 0.342189 0.987613
vt 0.316330 0.978333
vn 0.862941 0.000000 -0.505305
vn 0.494715 0.000000 -0.869056
vn 0.494715 0.000000 -0.869056
vn 0.862941 0.000000 -0.505305
vn 0.000000 0.000000 -1.000000
vn 0.000000 0.000000 -1.000000
vn -0.494715 0.000000 -0.869056
vn -0.494715 0.000000 -0.869056
vn -0.862941 0.000000 -0.505305
vn -0.862941 0.000000 -0.505305
vn -1.000000 0.000000 0.000000
vn -1.000000 0.000000 0.000000
vn -0.862941 0.000000 0.505305
vn -0.862941 0.000000 0.505305
vn -0.494715 0.000000 0.869056
vn -0.494715 0.000000 0.869056
vn 0.000000 0.000000 1.000000
vn 0.000000 0.000000 1.000000
vn 0.494715 0.000000 0.869056
vn 0.494715 0.000000 0.869056
vn 0.862941 0.000000 0.505305
vn 0.862941 0.000000 0.505305
vn 1.000000 0.000000 0.000000
vn 1.000000 0.000000 0.000000
vn 0.000000 -1.000000 0.000000
vn 0.000000 -1.000000 -0.000000
vn 0.000000 -1.000000 -0.000000
vn 0.000000 -1.000000 0.000000
vn 0.000000 -1.000000 0.000001
vn 0.000000 -1.000000 0.000001
vn 0.000000 -1.000000 0.000001
vn 0.000000 -1.000000 0.000000
vn 0.000000 -1.000000 -0.000000
vn 0.000000 -1.000000 0.000000
vn 0.000000 -1.000000 -0.000001
vn 0.000000 -1.000000 -0.000001
vn 0.000000 -1.000000 -0.000001
vn 0.000000 1.000000 0.000001
vn 0.000000 1.000000 0.000000
vn 0.000000 1.000000 0.000000
vn 0.000000 1.000000 0.000000
vn 0.000000 1.000000 -0.000000
vn 0.000000 1.000000 -0.000000
vn 0.000000 1.000000 -0.000001
vn 0.000000 1.000000 -0.000001
vn 0.000000 1.000000 0.000000
vn 0.000000 1.000000 0.000000
vn 0.000000 1.000000 0.000000
vn 0.000000 1.000000 0.000000
vn 0.000000 1.000000 0.000001
vn 0.000000 0.000000 1.000000
vn 0.000000 0.000000 1.000000
vn 0.000000 0.000000 1.000000
vn 0.000000 0.000000 1.000000
vn 0.000000 1.000000 0.000000
vn 0.000000 1.000000 0.000000
vn 0.000000 1.000000 0.000000
vn 0.000000 1.000000 0.000000
vn 0.000000 0.000000 -1.000000
vn 0.000000 0.000000 -1.000000
vn 0.000000 0.000000 -1.000000
vn 0.000000 0.000000 -1.000000
vn 0.000000 -1.000000 0.000000
vn 0.000000 -1.000000 0.000000
vn 0.000000 -1.000000 0.000000
vn 0.000000 -1.000000 0.000000
vn 1.000000 0.000000 0.000000
vn 1.000000 0.000000 0.000000
vn 1.000000 0.000000 0.000000
vn 1.000000 0.000000 0.000000
vn -1.000000 0.000000 0.000000
vn -1.000000 0.000000 0.000000
vn -1.000000 0.000000 0.000000
vn -1.000000 0.000000 0.000000
s 1
g group1 extra_part_low
usemtl standardSurface1SG
f 583/763/963 584/764/964 596/777/965 595/776/966
f 584/764/964 585/765/967 597/778/968 596/777/965
f 585/765/967 586/766/969 598/779/970 597/778/968
f 586/766/969 587/767/971 599/780/972 598/779/970
f 587/767/971 588/768/973 600/781/974 599/780/972
f 588/768/973 589/769/975 601/782/976 600/781/974
f 589/769/975 590/770/977 602/783/978 601/782/976
f 590/770/977 591/771/979 603/784/980 602/783/978
f 591/771/979 592/772/981 604/785/982 603/784/980
f 592/772/981 593/773/983 605/786/984 604/785/982
f 593/773/983 594/774/985 606/787/986 605/786/984
f 594/774/985 583/775/963 595/788/966 606/787/986
s 2
f 584/752/987 583/751/988 607/801/989
f 585/753/990 584/752/987 607/801/989
f 586/754/991 585/753/990 607/801/989
f 587/755/992 586/754/991 607/801/989
f 588/756/993 587/755/992 607/801/989
f 589/757/994 588/756/993 607/801/989
f 590/758/995 589/757/994 607/801/989
f 591/759/996 590/758/995 607/801/989
f 592/760/997 591/759/996 607/801/989
f 593/761/998 592/760/997 607/801/989
f 594/762/999 593/761/998 607/801/989
f 583/751/988 594/762/999 607/801/989
s 3
f 595/799/1000 596/798/1001 608/802/1002
f 596/798/1001 597/797/1003 608/802/1002
f 597/797/1003 598/796/1004 608/802/1002
f 598/796/1004 599/795/1005 608/802/1002
f 599/795/1005 600/794/1006 608/802/1002
f 600/794/1006 601/793/1007 608/802/1002
f 601/793/1007 602/792/1008 608/802/1002
f 602/792/1008 603/791/1009 608/802/1002
f 603/791/1009 604/790/1010 608/802/1002
f 604/790/1010 605/789/1011 608/802/1002
f 605/789/1011 606/800/1012 608/802/1002
f 606/800/1012 595/799/1000 608/802/1002
s off
f 609/816/1013 610/812/1014 612/805/1015 611/806/1016
f 611/806/1017 612/805/1018 614/807/1019 613/808/1020
f 613/808/1021 614/807/1022 616/817/1023 615/814/1024
f 615/810/1025 616/815/1026 610/804/1027 609/813/1028
f 610/811/1029 616/809/1030 614/807/1031 612/805/1032
f 615/818/1033 609/803/1034 611/806/1035 613/808/1036
g default
v -0.066747 -0.176022 -10.572735
v -0.049425 -0.150449 -10.573321
v -0.399948 0.307005 -10.483723
v -0.390708 0.320646 -10.509855
v -0.620911 -0.019205 -10.730452
v -0.611955 -0.005984 -10.756220
v -0.403257 -0.078290 -10.733038
v -0.386288 -0.053239 -10.760178
v -0.259005 0.134670 -10.499807
v -0.149963 -0.137680 -10.691467
v -0.126803 -0.103489 -10.696829
v -0.115320 -0.086536 -10.539023
v -0.040759 -0.150452 -10.593910
v -0.112857 -0.082899 -10.578950
v -0.285835 0.095061 -10.569789
v -0.224961 -0.054631 -10.547530
v -0.235201 -0.069749 -10.736201
v -0.193087 -0.007576 -10.568741
v -0.186333 0.002396 -10.509863
v -0.386070 -0.052917 -10.691479
v -0.152969 -0.142118 -10.666403
v -0.042288 -0.151120 -10.644941
v -0.044425 -0.173811 -10.634724
v -0.085996 -0.110845 -10.650396
v -0.120284 -0.093864 -10.673943
v -0.217269 -0.043276 -10.684284
v -0.360716 -0.015487 -10.729027
v -0.604027 0.045521 -10.732689
v -0.040879 -0.150628 -10.608809
v -0.114874 -0.085877 -10.606753
v -0.307610 0.062914 -10.616497
v -0.053741 -0.166440 -10.572407
v -0.087375 -0.112881 -10.551754
v -0.400836 0.339853 -10.485552
v -0.432216 0.299169 -10.543389
v -0.139194 -0.121782 -10.702561
v -0.044235 -0.173532 -10.595570
v -0.041797 -0.150395 -10.585951
v -0.083348 -0.106936 -10.584276
v -0.112314 -0.082099 -10.564087
v -0.145000 -0.130353 -10.556548
v -0.399707 0.169989 -10.529457
v -0.300394 0.073567 -10.506535
v -0.642678 -0.017183 -10.754437
v -0.536027 -0.035910 -10.760811
v -0.402564 -0.077268 -10.758896
v -0.274712 0.111482 -10.544380
v -0.380355 0.198559 -10.577450
v -0.333131 0.263629 -10.506648
v -0.116267 -0.155535 -10.567897
v -0.380830 0.197083 -10.504917
v -0.361335 0.225864 -10.552917
v -0.219953 -0.047238 -10.526678
v -0.189090 -0.001675 -10.547298
v -0.522054 -0.011408 -10.687490
v -0.253123 -0.096207 -10.684528
v -0.087012 -0.112345 -10.662457
v -0.222260 -0.050644 -10.705149
v -0.503510 0.015969 -10.733826
v -0.419674 0.300753 -10.491768
v -0.432600 0.337887 -10.499990
v -0.048030 -0.170659 -10.580242
v -0.065407 -0.180484 -10.577993
v -0.325636 0.161146 -10.484234
v -0.395192 0.267401 -10.488635
v -0.596239 -0.035606 -10.729872
v -0.608972 -0.042008 -10.758061
v -0.483478 -0.071879 -10.758495
v -0.480847 -0.067995 -10.730713
v -0.305055 0.191530 -10.525618
v -0.380385 0.289261 -10.529192
v -0.312256 0.180899 -10.470778
v -0.295523 0.205601 -10.472050
v -0.366406 0.316096 -10.478863
v -0.378166 0.286339 -10.478027
v -0.177120 -0.089033 -10.526348
v -0.252194 0.021643 -10.493655
v -0.326759 -0.088439 -10.730570
v -0.322461 -0.082094 -10.753619
v -0.187583 -0.104481 -10.721539
v -0.197119 -0.118560 -10.706713
v -0.148092 -0.046179 -10.538113
v -0.225897 0.060465 -10.520459
v -0.172365 -0.082015 -10.514711
v -0.159781 -0.063437 -10.508961
v -0.228471 0.056666 -10.477118
v -0.243719 0.034154 -10.479622
v -0.470569 -0.052822 -10.711627
v -0.588065 -0.017340 -10.710567
v -0.198334 -0.120353 -10.692780
v -0.322899 -0.082740 -10.712343
v -0.066090 -0.181492 -10.651701
v -0.048466 -0.171303 -10.650051
v -0.169306 -0.077499 -10.704544
v -0.297669 -0.045492 -10.739001
v -0.451816 -0.025136 -10.750888
v -0.574238 0.003072 -10.749640
v -0.652024 0.013948 -10.741751
v -0.623850 -0.000674 -10.718111
v -0.441435 -0.009810 -10.663925
v -0.385830 0.072280 -10.575760
v -0.479430 0.155433 -10.577566
v -0.557147 0.040698 -10.665777
v -0.196041 -0.116967 -10.657679
v -0.187895 -0.104941 -10.593660
v -0.282546 -0.023166 -10.581770
v -0.309736 -0.063308 -10.666088
v -0.541162 0.064297 -10.710556
v -0.463445 0.179032 -10.622344
v -0.363223 0.105655 -10.621093
v -0.418828 0.023565 -10.709259
v -0.098761 -0.129691 -10.543301
v -0.110705 -0.147324 -10.548783
v -0.461906 0.317197 -10.520731
v -0.444461 0.281091 -10.508257
v -0.104517 -0.138189 -10.687052
v -0.115904 -0.154999 -10.678598
v -0.045180 -0.172808 -10.587980
v -0.064431 -0.183809 -10.585352
v -0.083393 -0.107002 -10.572082
v -0.084542 -0.108700 -10.560869
v -0.114235 -0.152536 -10.557089
v -0.341323 0.137987 -10.503979
v -0.362141 0.222350 -10.485954
v -0.416698 0.244947 -10.506306
v -0.554902 -0.060677 -10.757469
v -0.548267 -0.053980 -10.728792
v -0.318512 0.171663 -10.549225
v -0.400378 0.269039 -10.551395
v -0.344437 0.248486 -10.529732
v -0.331179 0.269608 -10.474356
v -0.347242 0.242796 -10.472364
v -0.180796 -0.094461 -10.542030
v -0.214507 -0.039198 -10.508425
v -0.260037 0.010063 -10.513990
v -0.249304 -0.090570 -10.740182
v -0.256708 -0.101499 -10.721048
v -0.148651 -0.047006 -10.555004
v -0.231472 0.052235 -10.543301
v -0.186617 0.001976 -10.526984
v -0.194727 -0.009996 -10.490376
v -0.208520 -0.030360 -10.495125
v -0.456725 -0.032383 -10.689190
v -0.576232 0.009424 -10.690071
v -0.537198 -0.036089 -10.709255
v -0.197787 -0.119544 -10.675884
v -0.316907 -0.073894 -10.690207
v -0.255727 -0.100053 -10.704679
v -0.119886 -0.160878 -10.658272
v -0.118736 -0.159180 -10.669483
v -0.045446 -0.173200 -10.642311
v -0.064922 -0.184535 -10.644342
v -0.089043 -0.115345 -10.673265
v -0.165642 -0.072089 -10.688856
v -0.228156 -0.059348 -10.723328
v -0.288341 -0.031722 -10.719518
v -0.434860 -0.000104 -10.733164
v -0.521128 -0.012364 -10.750568
v -0.560755 0.032274 -10.733429
v -0.643682 0.048839 -10.721010
v -0.615926 0.027955 -10.698353
v -0.435545 0.117081 -10.575823
v -0.503771 0.016358 -10.662914
v -0.233326 -0.066981 -10.587500
v -0.249143 -0.090332 -10.663074
v -0.118199 -0.158387 -10.602830
v -0.064266 -0.185155 -10.608213
v -0.044300 -0.173627 -10.609114
v -0.084264 -0.108289 -10.607149
v -0.201452 -0.019925 -10.608709
v -0.154713 -0.055954 -10.607051
v -0.253043 0.020389 -10.611979
v -0.416401 0.145344 -10.623659
v -0.484567 0.044709 -10.710674
v -0.535527 0.216035 -10.597997
v -0.623666 0.085915 -10.695107
v -0.126304 -0.102751 -10.527880
v -0.138516 -0.120781 -10.533672
v -0.408873 0.316699 -10.522577
v -0.456486 0.268983 -10.568029
v -0.488911 0.284854 -10.546635
v -0.469058 0.250423 -10.531961
v -0.092573 -0.120556 -10.681570
v -0.050323 -0.151774 -10.657560
v -0.054453 -0.167490 -10.657887
v -0.067645 -0.177348 -10.656975
v -0.045033 -0.150405 -10.578594
v -0.112925 -0.083000 -10.550341
v -0.117282 -0.157034 -10.579956
v -0.064146 -0.184979 -10.593315
v -0.142448 -0.126585 -10.543530
v -0.146597 -0.132710 -10.571167
v -0.438856 0.215333 -10.529921
v -0.356422 0.115696 -10.529131
v -0.312000 0.056433 -10.531017
v -0.288884 0.090560 -10.485615
v -0.585804 -0.020200 -10.759324
v -0.466467 -0.046765 -10.761812
v -0.265220 0.125495 -10.520567
v -0.333815 0.149071 -10.574463
v -0.422341 0.239714 -10.575689
v -0.366967 0.302871 -10.508385
v -0.295989 0.204914 -10.503473
v -0.277596 0.107225 -10.472023
v -0.261439 0.131077 -10.471909
v -0.268129 -0.001883 -10.537163
v -0.183560 -0.098542 -10.559769
v -0.307197 -0.059559 -10.752055
v -0.174501 -0.085168 -10.716188
v -0.150385 -0.049565 -10.573214
v -0.238642 0.041650 -10.567421
v -0.222919 0.064862 -10.500994
v -0.149558 -0.048344 -10.523954
v -0.396090 -0.067709 -10.714089
v -0.152359 -0.141216 -10.680151
v -0.064491 -0.185488 -10.636383
v -0.119930 -0.160944 -10.646076
v -0.045716 -0.151414 -10.652302
v -0.041104 -0.150961 -10.636978
v -0.122836 -0.097632 -10.686960
v -0.118687 -0.091507 -10.659323
v -0.280249 -0.019775 -10.696344
v -0.162866 -0.067990 -10.671124
v -0.374052 -0.035175 -10.748060
v -0.348778 0.002137 -10.704848
v -0.613139 0.015139 -10.749022
v -0.374944 -0.036492 -10.666077
v -0.333782 0.024276 -10.577737
v -0.513100 0.185403 -10.581383
v -0.596898 0.061691 -10.673710
v -0.152427 -0.141317 -10.651541
v -0.148613 -0.135687 -10.598970
v -0.584603 0.079841 -10.709189
v -0.500805 0.203553 -10.616861
v 0.036233 -0.176344 -10.572735
v 0.061806 -0.193666 -10.573321
v 0.519260 0.156857 -10.483723
v 0.532901 0.147617 -10.509855
v 0.193050 0.377820 -10.730452
v 0.206271 0.368864 -10.756220
v 0.133965 0.160166 -10.733038
v 0.159016 0.143197 -10.760178
v 0.346925 0.015914 -10.499807
v 0.074575 -0.093128 -10.691467
v 0.108766 -0.116288 -10.696829
v 0.125719 -0.127771 -10.539023
v 0.061803 -0.202332 -10.593910
v 0.129356 -0.130234 -10.578950
v 0.307316 0.042744 -10.569789
v 0.157624 -0.018130 -10.547530
v 0.142506 -0.007890 -10.736201
v 0.204680 -0.050004 -10.568741
v 0.214651 -0.056758 -10.509863
v 0.159338 0.142979 -10.691479
v 0.070137 -0.090122 -10.666403
v 0.061135 -0.200803 -10.644941
v 0.038444 -0.198666 -10.634724
v 0.101409 -0.157095 -10.650396
v 0.118391 -0.122807 -10.673943
v 0.168979 -0.025822 -10.684284
v 0.196769 0.117625 -10.729027
v 0.257776 0.360936 -10.732689
v 0.061627 -0.202212 -10.608809
v 0.126378 -0.128217 -10.606753
v 0.275169 0.064519 -10.616497
v 0.045816 -0.189350 -10.572407
v 0.099374 -0.155716 -10.551754
v 0.552107 0.157745 -10.485552
v 0.511424 0.189125 -10.543389
v 0.090473 -0.103897 -10.702561
v 0.038723 -0.198856 -10.595570
v 0.061860 -0.201294 -10.585951
v 0.105319 -0.159743 -10.584276
v 0.130156 -0.130777 -10.564087
v 0.081902 -0.098091 -10.556548
v 0.382244 0.156616 -10.529457
v 0.285822 0.057303 -10.506535
v 0.195072 0.399587 -10.754437
v 0.176345 0.292936 -10.760811
v 0.134987 0.159473 -10.758896
v 0.323737 0.031621 -10.544380
v 0.410814 0.137264 -10.577450
v 0.475884 0.090039 -10.506648
v 0.056720 -0.126824 -10.567897
v 0.409338 0.137739 -10.504917
v 0.438119 0.118244 -10.552917
v 0.165017 -0.023138 -10.526678
v 0.210580 -0.054001 -10.547298
v 0.200847 0.278963 -10.687490
v 0.116048 0.010032 -10.684528
v 0.099910 -0.156079 -10.662457
v 0.161611 -0.020831 -10.705149
v 0.228224 0.260419 -10.733826
v 0.513008 0.176583 -10.491768
v 0.550142 0.189509 -10.499990
v 0.041596 -0.195061 -10.580242
v 0.031771 -0.177684 -10.577993
v 0.373401 0.082544 -10.484234
v 0.479656 0.152101 -10.488635
v 0.176649 0.353148 -10.729872
v 0.170247 0.365881 -10.758061
v 0.140376 0.240387 -10.758495
v 0.144260 0.237756 -10.730713
v 0.403785 0.061964 -10.525618
v 0.501516 0.137293 -10.529192
v 0.393154 0.069165 -10.470778
v 0.417856 0.052432 -10.472050
v 0.528351 0.123314 -10.478863
v 0.498594 0.135075 -10.478027
v 0.123222 -0.065972 -10.526348
v 0.233898 0.009103 -10.493655
v 0.123817 0.083668 -10.730570
v 0.130161 0.079370 -10.753619
v 0.107774 -0.055508 -10.721539
v 0.093695 -0.045972 -10.706713
v 0.166076 -0.095000 -10.538113
v 0.272720 -0.017194 -10.520459
v 0.130240 -0.070726 -10.514711
v 0.148818 -0.083310 -10.508961
v 0.268921 -0.014620 -10.477118
v 0.246409 0.000628 -10.479622
v 0.159433 0.227478 -10.711627
v 0.194915 0.344973 -10.710567
v 0.091902 -0.044757 -10.692780
v 0.129515 0.079808 -10.712343
v 0.030763 -0.177001 -10.651701
v 0.040952 -0.194625 -10.650051
v 0.134756 -0.073785 -10.704544
v 0.166762 0.054578 -10.739001
v 0.187118 0.208725 -10.750888
v 0.215327 0.331147 -10.749640
v 0.226203 0.408933 -10.741751
v 0.211581 0.380759 -10.718111
v 0.202445 0.198344 -10.663925
v 0.284535 0.142739 -10.575760
v 0.367688 0.236339 -10.577566
v 0.252953 0.314056 -10.665777
v 0.095288 -0.047050 -10.657679
v 0.107314 -0.055196 -10.593660
v 0.189089 0.039455 -10.581770
v 0.148947 0.066645 -10.666088
v 0.276552 0.298071 -10.710556
v 0.391287 0.220354 -10.622344
v 0.317910 0.120132 -10.621093
v 0.235820 0.175737 -10.709259
v 0.082564 -0.144330 -10.543301
v 0.064931 -0.132386 -10.548783
v 0.529451 0.218816 -10.520731
v 0.493346 0.201370 -10.508257
v 0.074066 -0.138574 -10.687052
v 0.057256 -0.127188 -10.678598
v 0.039447 -0.197911 -10.587980
v 0.028446 -0.178660 -10.585352
v 0.105253 -0.159699 -10.572082
v 0.103555 -0.158549 -10.560869
v 0.059720 -0.128856 -10.557089
v 0.350242 0.098232 -10.503979
v 0.434605 0.119050 -10.485954
v 0.457202 0.173606 -10.506306
v 0.151578 0.311811 -10.757469
v 0.158275 0.305176 -10.728792
v 0.383918 0.075420 -10.549225
v 0.481294 0.157287 -10.551395
v 0.460741 0.101346 -10.529732
v 0.481863 0.088088 -10.474356
v 0.455051 0.104151 -10.472364
v 0.117794 -0.062295 -10.542030
v 0.173057 -0.028584 -10.508425
v 0.222319 0.016946 -10.513990
v 0.121685 0.006213 -10.740182
v 0.110756 0.013616 -10.721048
v 0.165249 -0.094440 -10.555004
v 0.264490 -0.011620 -10.543301
v 0.214231 -0.056474 -10.526984
v 0.202259 -0.048364 -10.490376
v 0.181895 -0.034571 -10.495125
v 0.179872 0.213634 -10.689190
v 0.221679 0.333141 -10.690071
v 0.176166 0.294107 -10.709255
v 0.092711 -0.045305 -10.675884
v 0.138361 0.073816 -10.690207
v 0.112202 0.012637 -10.704679
v 0.051377 -0.123205 -10.658272
v 0.053075 -0.124355 -10.669483
v 0.039055 -0.197645 -10.642311
v 0.027720 -0.178169 -10.644342
v 0.096910 -0.154048 -10.673265
v 0.140166 -0.077449 -10.688856
v 0.152907 -0.014935 -10.723328
v 0.180533 0.045250 -10.719518
v 0.212151 0.191769 -10.733164
v 0.199891 0.278037 -10.750568
v 0.244529 0.317663 -10.733429
v 0.261094 0.400591 -10.721010
v 0.240210 0.372835 -10.698353
v 0.329336 0.192454 -10.575823
v 0.228613 0.260680 -10.662914
v 0.145274 -0.009765 -10.587500
v 0.121923 0.006052 -10.663074
v 0.053868 -0.124893 -10.602830
v 0.027100 -0.178825 -10.608213
v 0.038628 -0.198791 -10.609114
v 0.103966 -0.158827 -10.607149
v 0.192330 -0.041639 -10.608709
v 0.156301 -0.088378 -10.607051
v 0.232644 0.009952 -10.611979
v 0.357599 0.173310 -10.623659
v 0.256964 0.241476 -10.710674
v 0.428290 0.292436 -10.597997
v 0.298170 0.380575 -10.695107
v 0.109504 -0.116787 -10.527880
v 0.091474 -0.104575 -10.533672
v 0.528954 0.165782 -10.522577
v 0.481238 0.213395 -10.568029
v 0.497109 0.245820 -10.546635
v 0.462678 0.225966 -10.531961
v 0.091699 -0.150518 -10.681570
v 0.060480 -0.192768 -10.657560
v 0.044765 -0.188638 -10.657887
v 0.034907 -0.175446 -10.656975
v 0.061850 -0.198058 -10.578594
v 0.129255 -0.130166 -10.550341
v 0.055221 -0.125809 -10.579956
v 0.027276 -0.178945 -10.593315
v 0.085671 -0.100644 -10.543530
v 0.079545 -0.096495 -10.571167
v 0.427588 0.195765 -10.529921
v 0.327951 0.113330 -10.529131
v 0.268688 0.068909 -10.531017
v 0.302815 0.045793 -10.485615
v 0.192055 0.342713 -10.759324
v 0.165490 0.223376 -10.761812
v 0.337750 0.022129 -10.520567
v 0.361326 0.090723 -10.574463
v 0.451969 0.179250 -10.575689
v 0.515126 0.123876 -10.508385
v 0.417169 0.052898 -10.503473
v 0.319480 0.034504 -10.472023
v 0.343332 0.018348 -10.471909
v 0.210372 0.025038 -10.537163
v 0.113713 -0.059531 -10.559769
v 0.152696 0.064106 -10.752055
v 0.127087 -0.068590 -10.716188
v 0.162690 -0.092706 -10.573214
v 0.253905 -0.004449 -10.567421
v 0.277116 -0.020172 -10.500994
v 0.163911 -0.093533 -10.523954
v 0.144546 0.152998 -10.714089
v 0.071039 -0.090733 -10.680151
v 0.026767 -0.178600 -10.636383
v 0.051311 -0.123161 -10.646076
v 0.060842 -0.197375 -10.652302
v 0.061293 -0.201987 -10.636978
v 0.114623 -0.120255 -10.686960
v 0.120748 -0.124404 -10.659323
v 0.192480 0.037158 -10.696344
v 0.144265 -0.080225 -10.671124
v 0.177080 0.130961 -10.748060
v 0.214392 0.105687 -10.704848
v 0.227394 0.370048 -10.749022
v 0.175763 0.131853 -10.666077
v 0.236531 0.090691 -10.577737
v 0.397658 0.270009 -10.581383
v 0.273945 0.353807 -10.673710
v 0.070938 -0.090664 -10.651541
v 0.076568 -0.094478 -10.598970
v 0.292096 0.341512 -10.709189
v 0.415808 0.257714 -10.616861
v 0.095578 -0.246504 -10.572735
v 0.078256 -0.272078 -10.573321
v 0.428778 -0.729532 -10.483723
v 0.419538 -0.743173 -10.509855
v 0.649741 -0.403321 -10.730452
v 0.640786 -0.416543 -10.756220
v 0.432087 -0.344236 -10.733038
v 0.415119 -0.369287 -10.760178
v 0.287836 -0.557197 -10.499807
v 0.178794 -0.284846 -10.691467
v 0.155634 -0.319038 -10.696829
v 0.144151 -0.335990 -10.539023
v 0.069590 -0.272074 -10.593910
v 0.141687 -0.339628 -10.578950
v 0.314665 -0.517588 -10.569789
v 0.253791 -0.367895 -10.547530
v 0.264032 -0.352777 -10.736201
v 0.221917 -0.414951 -10.568741
v 0.215163 -0.424922 -10.509863
v 0.414900 -0.369610 -10.691479
v 0.181800 -0.280409 -10.666403
v 0.071119 -0.271407 -10.644941
v 0.073255 -0.248715 -10.634724
v 0.114826 -0.311681 -10.650396
v 0.149114 -0.328663 -10.673943
v 0.246099 -0.379251 -10.684284
v 0.389546 -0.407040 -10.729027
v 0.632858 -0.468048 -10.732689
v 0.069709 -0.271898 -10.608809
v 0.143704 -0.336650 -10.606753
v 0.336441 -0.485440 -10.616497
v 0.082572 -0.256087 -10.572407
v 0.116206 -0.309645 -10.551754
v 0.429666 -0.762379 -10.485552
v 0.461047 -0.721695 -10.543389
v 0.168025 -0.300745 -10.702561
v 0.073066 -0.248995 -10.595570
v 0.070628 -0.272132 -10.585951
v 0.112179 -0.315590 -10.584276
v 0.141145 -0.340428 -10.564087
v 0.173831 -0.292174 -10.556548
v 0.428538 -0.592516 -10.529457
v 0.329225 -0.496094 -10.506535
v 0.671509 -0.405344 -10.754437
v 0.564858 -0.386617 -10.760811
v 0.431395 -0.345259 -10.758896
v 0.303543 -0.534009 -10.544380
v 0.409186 -0.621086 -10.577450
v 0.361961 -0.686156 -10.506648
v 0.145097 -0.266992 -10.567897
v 0.409660 -0.619610 -10.504917
v 0.390166 -0.648390 -10.552917
v 0.248783 -0.375289 -10.526678
v 0.217921 -0.420851 -10.547298
v 0.550885 -0.411118 -10.687490
v 0.281953 -0.326320 -10.684528
v 0.115842 -0.310181 -10.662457
v 0.251091 -0.371882 -10.705149
v 0.532341 -0.438495 -10.733826
v 0.448505 -0.723280 -10.491768
v 0.461431 -0.760414 -10.499990
v 0.076861 -0.251868 -10.580242
v 0.094238 -0.242043 -10.577993
v 0.354466 -0.583673 -10.484234
v 0.424022 -0.689927 -10.488635
v 0.625070 -0.386921 -10.729872
v 0.637802 -0.380519 -10.758061
v 0.512308 -0.350648 -10.758495
v 0.509678 -0.354532 -10.730713
v 0.333885 -0.614057 -10.525618
v 0.409215 -0.711788 -10.529192
v 0.341086 -0.603426 -10.470778
v 0.324354 -0.628128 -10.472050
v 0.395236 -0.738623 -10.478863
v 0.406996 -0.708866 -10.478027
v 0.205950 -0.333493 -10.526348
v 0.281024 -0.444169 -10.493655
v 0.355590 -0.334088 -10.730570
v 0.351292 -0.340433 -10.753619
v 0.216414 -0.318045 -10.721539
v 0.225950 -0.303967 -10.706713
v 0.176922 -0.376347 -10.538113
v 0.254728 -0.482992 -10.520459
v 0.201196 -0.340512 -10.514711
v 0.188612 -0.359090 -10.508961
v 0.257301 -0.479192 -10.477118
v 0.272550 -0.456681 -10.479622
v 0.499400 -0.369705 -10.711627
v 0.616895 -0.405187 -10.710567
v 0.227165 -0.302173 -10.692780
v 0.351730 -0.339787 -10.712343
v 0.094921 -0.241034 -10.651701
v 0.077297 -0.251224 -10.650051
v 0.198137 -0.345028 -10.704544
v 0.326499 -0.377034 -10.739001
v 0.480647 -0.397390 -10.750888
v 0.603069 -0.425599 -10.749640
v 0.680855 -0.436475 -10.741751
v 0.652681 -0.421852 -10.718111
v 0.470266 -0.412717 -10.663925
v 0.414661 -0.494806 -10.575760
v 0.508260 -0.577960 -10.577566
v 0.585978 -0.463225 -10.665777
v 0.224871 -0.305560 -10.657679
v 0.216725 -0.317586 -10.593660
v 0.311376 -0.399361 -10.581770
v 0.338567 -0.359219 -10.666088
v 0.569993 -0.486824 -10.710556
v 0.492275 -0.601559 -10.622344
v 0.392054 -0.528182 -10.621093
v 0.447659 -0.446091 -10.709259
v 0.127591 -0.292836 -10.543301
v 0.139536 -0.275203 -10.548783
v 0.490737 -0.739723 -10.520731
v 0.473292 -0.703618 -10.508257
v 0.133348 -0.284337 -10.687052
v 0.144734 -0.267528 -10.678598
v 0.074011 -0.249718 -10.587980
v 0.093261 -0.238717 -10.585352
v 0.112223 -0.315524 -10.572082
v 0.113373 -0.313827 -10.560869
v 0.143066 -0.269991 -10.557089
v 0.370153 -0.560514 -10.503979
v 0.390972 -0.644876 -10.485954
v 0.445528 -0.667474 -10.506306
v 0.583733 -0.361850 -10.757469
v 0.577098 -0.368546 -10.728792
v 0.347342 -0.594190 -10.549225
v 0.429209 -0.691566 -10.551395
v 0.373267 -0.671013 -10.529732
v 0.360010 -0.692135 -10.474356
v 0.376073 -0.665322 -10.472364
v 0.209627 -0.328065 -10.542030
v 0.243337 -0.383329 -10.508425
v 0.288868 -0.432590 -10.513990
v 0.278135 -0.331957 -10.740182
v 0.285538 -0.321027 -10.721048
v 0.177482 -0.375521 -10.555004
v 0.260302 -0.474762 -10.543301
v 0.215448 -0.424503 -10.526984
v 0.223557 -0.412530 -10.490376
v 0.237351 -0.392166 -10.495125
v 0.485556 -0.390144 -10.689190
v 0.605063 -0.431950 -10.690071
v 0.566028 -0.386437 -10.709255
v 0.226617 -0.302982 -10.675884
v 0.345737 -0.348633 -10.690207
v 0.284558 -0.322474 -10.704679
v 0.148716 -0.261649 -10.658272
v 0.147567 -0.263346 -10.669483
v 0.074277 -0.249326 -10.642311
v 0.093753 -0.237992 -10.644342
v 0.117874 -0.307182 -10.673265
v 0.194472 -0.350438 -10.688856
v 0.256987 -0.363178 -10.723328
v 0.317172 -0.390805 -10.719518
v 0.463691 -0.422423 -10.733164
v 0.549958 -0.410162 -10.750568
v 0.589585 -0.454800 -10.733429
v 0.672513 -0.471366 -10.721010
v 0.644757 -0.450482 -10.698353
v 0.464375 -0.539608 -10.575823
v 0.532601 -0.438885 -10.662914
v 0.262157 -0.355546 -10.587500
v 0.277973 -0.332195 -10.663074
v 0.147029 -0.264140 -10.602830
v 0.093096 -0.237372 -10.608213
v 0.073130 -0.248899 -10.609114
v 0.113095 -0.314238 -10.607149
v 0.230283 -0.402601 -10.608709
v 0.183544 -0.366572 -10.607051
v 0.281874 -0.442916 -10.611979
v 0.445231 -0.567871 -10.623659
v 0.513398 -0.467235 -10.710674
v 0.564358 -0.638562 -10.597997
v 0.652496 -0.508441 -10.695107
v 0.155134 -0.319775 -10.527880
v 0.167347 -0.301746 -10.533672
v 0.437704 -0.739226 -10.522577
v 0.485316 -0.691510 -10.568029
v 0.517742 -0.707381 -10.546635
v 0.497888 -0.672950 -10.531961
v 0.121404 -0.301971 -10.681570
v 0.079153 -0.270752 -10.657560
v 0.083284 -0.255036 -10.657887
v 0.096476 -0.245179 -10.656975
v 0.073863 -0.272122 -10.578594
v 0.141756 -0.339526 -10.550341
v 0.146113 -0.265492 -10.579956
v 0.092977 -0.237548 -10.593315
v 0.171278 -0.295942 -10.543530
v 0.175427 -0.289817 -10.571167
v 0.467687 -0.637859 -10.529921
v 0.385252 -0.538223 -10.529131
v 0.340831 -0.478959 -10.531017
v 0.317715 -0.513086 -10.485615
v 0.614635 -0.402327 -10.759324
v 0.495298 -0.375761 -10.761812
v 0.294051 -0.548021 -10.520567
v 0.362645 -0.571598 -10.574463
v 0.451172 -0.662241 -10.575689
v 0.395798 -0.725398 -10.508385
v 0.324819 -0.627440 -10.503473
v 0.306426 -0.529752 -10.472023
v 0.290270 -0.553604 -10.471909
v 0.296960 -0.420644 -10.537163
v 0.212391 -0.323985 -10.559769
v 0.336028 -0.362968 -10.752055
v 0.203332 -0.337359 -10.716188
v 0.179216 -0.372961 -10.573214
v 0.267473 -0.464176 -10.567421
v 0.251750 -0.487388 -10.500994
v 0.178388 -0.374183 -10.523954
v 0.424920 -0.354817 -10.714089
v 0.181189 -0.281310 -10.680151
v 0.093322 -0.237039 -10.636383
v 0.148761 -0.261583 -10.646076
v 0.074547 -0.271113 -10.652302
v 0.069935 -0.271565 -10.636978
v 0.151667 -0.324895 -10.686960
v 0.147518 -0.331020 -10.659323
v 0.309080 -0.402751 -10.696344
v 0.191696 -0.354536 -10.671124
v 0.402883 -0.387351 -10.748060
v 0.377609 -0.424663 -10.704848
v 0.641969 -0.437665 -10.749022
v 0.403775 -0.386035 -10.666077
v 0.362613 -0.446803 -10.577737
v 0.541931 -0.607929 -10.581383
v 0.625729 -0.484217 -10.673710
v 0.181258 -0.281209 -10.651541
v 0.177444 -0.286839 -10.598970
v 0.613434 -0.502368 -10.709189
v 0.529636 -0.626080 -10.616861
v -0.018351 -0.315197 -10.572735
v -0.043924 -0.297875 -10.573321
v -0.501378 -0.648398 -10.483723
v -0.515019 -0.639158 -10.509855
v -0.175168 -0.869361 -10.730452
v -0.188389 -0.860405 -10.756220
v -0.116083 -0.651707 -10.733038
v -0.141134 -0.634738 -10.760178
v -0.329043 -0.507455 -10.499807
v -0.056693 -0.398414 -10.691467
v -0.090884 -0.375254 -10.696829
v -0.107837 -0.363770 -10.539023
v -0.043921 -0.289209 -10.593910
v -0.111474 -0.361307 -10.578950
v -0.289434 -0.534285 -10.569789
v -0.139742 -0.473411 -10.547530
v -0.124624 -0.483651 -10.736201
v -0.186797 -0.441537 -10.568741
v -0.196769 -0.434783 -10.509863
v -0.141456 -0.634520 -10.691479
v -0.052255 -0.401419 -10.666403
v -0.043253 -0.290738 -10.644941
v -0.020561 -0.292875 -10.634724
v -0.083527 -0.334446 -10.650396
v -0.100509 -0.368734 -10.673943
v -0.151097 -0.465719 -10.684284
v -0.178886 -0.609166 -10.729027
v -0.239894 -0.852478 -10.732689
v -0.043744 -0.289329 -10.608809
v -0.108496 -0.363324 -10.606753
v -0.257287 -0.556061 -10.616497
v -0.027933 -0.302191 -10.572407
v -0.081491 -0.335825 -10.551754
v -0.534225 -0.649286 -10.485552
v -0.493541 -0.680666 -10.543389
v -0.072591 -0.387645 -10.702561
v -0.020841 -0.292685 -10.595570
v -0.043978 -0.290247 -10.585951
v -0.087436 -0.331798 -10.584276
v -0.112274 -0.360765 -10.564087
v -0.064020 -0.393450 -10.556548
v -0.364362 -0.648157 -10.529457
v -0.267940 -0.548844 -10.506535
v -0.177190 -0.891128 -10.754437
v -0.158463 -0.784477 -10.760811
v -0.117105 -0.651014 -10.758896
v -0.305855 -0.523162 -10.544380
v -0.392932 -0.628805 -10.577450
v -0.458002 -0.581581 -10.506648
v -0.038838 -0.364717 -10.567897
v -0.391456 -0.629280 -10.504917
v -0.420236 -0.609785 -10.552917
v -0.147135 -0.468403 -10.526678
v -0.192698 -0.437540 -10.547298
v -0.182965 -0.770504 -10.687490
v -0.098166 -0.501573 -10.684528
v -0.082028 -0.335462 -10.662457
v -0.143729 -0.470710 -10.705149
v -0.210341 -0.751960 -10.733826
v -0.495126 -0.668125 -10.491768
v -0.532260 -0.681050 -10.499990
v -0.023714 -0.296480 -10.580242
v -0.013889 -0.313857 -10.577993
v -0.355519 -0.574086 -10.484234
v -0.461774 -0.643642 -10.488635
v -0.158767 -0.844689 -10.729872
v -0.152365 -0.857422 -10.758061
v -0.122494 -0.731928 -10.758495
v -0.126378 -0.729297 -10.730713
v -0.385903 -0.553505 -10.525618
v -0.483634 -0.628835 -10.529192
v -0.375272 -0.560706 -10.470778
v -0.399974 -0.543974 -10.472050
v -0.510469 -0.614855 -10.478863
v -0.480712 -0.626616 -10.478027
v -0.105340 -0.425570 -10.526348
v -0.216016 -0.500644 -10.493655
v -0.105935 -0.575209 -10.730570
v -0.112279 -0.570911 -10.753619
v -0.089892 -0.436033 -10.721539
v -0.075813 -0.445570 -10.706713
v -0.148194 -0.396542 -10.538113
v -0.254838 -0.474347 -10.520459
v -0.112358 -0.420816 -10.514711
v -0.130936 -0.408232 -10.508961
v -0.251039 -0.476921 -10.477118
v -0.228527 -0.492169 -10.479622
v -0.141551 -0.719020 -10.711627
v -0.177033 -0.836515 -10.710567
v -0.074020 -0.446785 -10.692780
v -0.111633 -0.571349 -10.712343
v -0.012881 -0.314541 -10.651701
v -0.023070 -0.296917 -10.650051
v -0.116874 -0.417757 -10.704544
v -0.148880 -0.546119 -10.739001
v -0.169236 -0.700267 -10.750888
v -0.197445 -0.822689 -10.749640
v -0.208321 -0.900474 -10.741751
v -0.193699 -0.872300 -10.718111
v -0.184563 -0.689885 -10.663925
v -0.266653 -0.634280 -10.575760
v -0.349806 -0.727880 -10.577566
v -0.235071 -0.805597 -10.665777
v -0.077406 -0.444491 -10.657679
v -0.089432 -0.436345 -10.593660
v -0.171207 -0.530996 -10.581770
v -0.131065 -0.558187 -10.666088
v -0.258670 -0.789612 -10.710556
v -0.373405 -0.711895 -10.622344
v -0.300028 -0.611673 -10.621093
v -0.217938 -0.667278 -10.709259
v -0.064682 -0.347211 -10.543301
v -0.047049 -0.359155 -10.548783
v -0.511569 -0.710357 -10.520731
v -0.475464 -0.692911 -10.508257
v -0.056184 -0.352968 -10.687052
v -0.039374 -0.364354 -10.678598
v -0.021565 -0.293630 -10.587980
v -0.010564 -0.312881 -10.585352
v -0.087371 -0.331843 -10.572082
v -0.085673 -0.332992 -10.560869
v -0.041837 -0.362685 -10.557089
v -0.332360 -0.589773 -10.503979
v -0.416723 -0.610591 -10.485954
v -0.439320 -0.665148 -10.506306
v -0.133696 -0.803353 -10.757469
v -0.140392 -0.796717 -10.728792
v -0.366036 -0.566962 -10.549225
v -0.463412 -0.648829 -10.551395
v -0.442859 -0.592887 -10.529732
v -0.463981 -0.579630 -10.474356
v -0.437169 -0.595692 -10.472364
v -0.099912 -0.429246 -10.542030
v -0.155175 -0.462957 -10.508425
v -0.204436 -0.508487 -10.513990
v -0.103803 -0.497754 -10.740182
v -0.092873 -0.505158 -10.721048
v -0.147367 -0.397102 -10.555004
v -0.246608 -0.479922 -10.543301
v -0.196349 -0.435067 -10.526984
v -0.184377 -0.443177 -10.490376
v -0.164013 -0.456971 -10.495125
v -0.161990 -0.705175 -10.689190
v -0.203797 -0.824682 -10.690071
v -0.158284 -0.785648 -10.709255
v -0.074829 -0.446237 -10.675884
v -0.120479 -0.565357 -10.690207
v -0.094320 -0.504178 -10.704679
v -0.033495 -0.368336 -10.658272
v -0.035193 -0.367186 -10.669483
v -0.021173 -0.293896 -10.642311
v -0.009838 -0.313372 -10.644342
v -0.079028 -0.337493 -10.673265
v -0.122284 -0.414092 -10.688856
v -0.135024 -0.476606 -10.723328
v -0.162651 -0.536791 -10.719518
v -0.194269 -0.683311 -10.733164
v -0.182009 -0.769578 -10.750568
v -0.226647 -0.809205 -10.733429
v -0.243212 -0.892132 -10.721010
v -0.222328 -0.864376 -10.698353
v -0.311454 -0.683995 -10.575823
v -0.210731 -0.752221 -10.662914
v -0.127392 -0.481776 -10.587500
v -0.104041 -0.497593 -10.663074
v -0.035986 -0.366649 -10.602830
v -0.009218 -0.312716 -10.608213
v -0.020746 -0.292750 -10.609114
v -0.086084 -0.332714 -10.607149
v -0.174448 -0.449902 -10.608709
v -0.138419 -0.403163 -10.607051
v -0.214762 -0.501493 -10.611979
v -0.339717 -0.664851 -10.623659
v -0.239081 -0.733018 -10.710674
v -0.410408 -0.783977 -10.597997
v -0.280288 -0.872116 -10.695107
v -0.091622 -0.374754 -10.527880
v -0.073592 -0.386967 -10.533672
v -0.511072 -0.657323 -10.522577
v -0.463356 -0.704936 -10.568029
v -0.479227 -0.737362 -10.546635
v -0.444796 -0.717507 -10.531961
v -0.073817 -0.341024 -10.681570
v -0.042598 -0.298773 -10.657560
v -0.026882 -0.302903 -10.657887
v -0.017025 -0.316095 -10.656975
v -0.043968 -0.293483 -10.578594
v -0.111373 -0.361375 -10.550341
v -0.037338 -0.365733 -10.579956
v -0.009394 -0.312596 -10.593315
v -0.067788 -0.390898 -10.543530
v -0.061663 -0.395047 -10.571167
v -0.409705 -0.687306 -10.529921
v -0.310069 -0.604872 -10.529131
v -0.250806 -0.560451 -10.531017
v -0.284933 -0.537334 -10.485615
v -0.174173 -0.834254 -10.759324
v -0.147608 -0.714917 -10.761812
v -0.319868 -0.513671 -10.520567
v -0.343444 -0.582265 -10.574463
v -0.434087 -0.670791 -10.575689
v -0.497244 -0.615418 -10.508385
v -0.399287 -0.544439 -10.503473
v -0.301598 -0.526046 -10.472023
v -0.325450 -0.509889 -10.471909
v -0.192490 -0.516579 -10.537163
v -0.095831 -0.432010 -10.559769
v -0.134814 -0.555647 -10.752055
v -0.109205 -0.422952 -10.716188
v -0.144808 -0.398836 -10.573214
v -0.236023 -0.487092 -10.567421
v -0.259234 -0.471369 -10.500994
v -0.146029 -0.398008 -10.523954
v -0.126664 -0.644540 -10.714089
v -0.053157 -0.400809 -10.680151
v -0.008885 -0.312941 -10.636383
v -0.033429 -0.368380 -10.646076
v -0.042959 -0.294166 -10.652302
v -0.043411 -0.289554 -10.636978
v -0.096741 -0.371286 -10.686960
v -0.102866 -0.367137 -10.659323
v -0.174598 -0.528699 -10.696344
v -0.126383 -0.411316 -10.671124
v -0.159198 -0.622503 -10.748060
v -0.196510 -0.597229 -10.704848
v -0.209512 -0.861589 -10.749022
v -0.157881 -0.623394 -10.666077
v -0.218649 -0.582232 -10.577737
v -0.379776 -0.761550 -10.581383
v -0.256063 -0.845348 -10.673710
v -0.053056 -0.400877 -10.651541
v -0.058686 -0.397064 -10.598970
v -0.274214 -0.833054 -10.709189
v -0.397926 -0.749255 -10.616861
vt 0.084616 0.947805
vt 0.083567 0.946979
vt 0.962413 0.709022
vt 0.088949 0.946117
vt 0.966460 0.705983
vt 0.963949 0.710032
vt 0.962446 0.713067
vt 0.960808 0.712144
vt 0.092030 0.944938
vt 0.130620 0.930342
vt 0.132552 0.928415
vt 0.951634 0.756476
vt 0.131565 0.931898
vt 0.954942 0.757658
vt 0.132208 0.934749
vt 0.951655 0.752655
vt 0.953172 0.753679
vt 0.956000 0.754397
vt 0.959738 0.754612
vt 0.959097 0.758049
vt 0.132379 0.938506
vt 0.091121 0.958287
vt 0.090328 0.959945
vt 0.976485 0.710898
vt 0.088056 0.956889
vt 0.975772 0.714441
vt 0.974700 0.711327
vt 0.973163 0.706939
vt 0.974021 0.705902
vt 0.083938 0.954538
vt 0.084051 0.949473
vt 0.082226 0.949139
vt 0.967683 0.704015
vt 0.084184 0.948864
vt 0.968206 0.705851
vt 0.967583 0.705835
vt 0.966970 0.705884
vt 0.082876 0.947758
vt 0.084385 0.948278
vt 0.965660 0.710499
vt 0.964757 0.710299
vt 0.966635 0.710663
vt 0.965755 0.713725
vt 0.964535 0.713540
vt 0.963413 0.713328
vt 0.092029 0.948292
vt 0.088953 0.948865
vt 0.088983 0.947883
vt 0.092035 0.947065
vt 0.088988 0.946962
vt 0.092034 0.945930
vt 0.128602 0.939231
vt 0.123733 0.940244
vt 0.123753 0.936819
vt 0.128544 0.935607
vt 0.118130 0.941573
vt 0.112207 0.943149
vt 0.112181 0.940467
vt 0.118130 0.938486
vt 0.118214 0.935626
vt 0.123764 0.933766
vt 0.112181 0.938024
vt 0.112269 0.936011
vt 0.118329 0.933346
vt 0.123812 0.931382
vt 0.128234 0.932667
vt 0.128108 0.930385
vt 0.130483 0.968617
vt 0.132222 0.970655
vt 0.992441 0.751202
vt 0.128080 0.968621
vt 0.991645 0.746516
vt 0.123954 0.967944
vt 0.989921 0.752800
vt 0.989934 0.750342
vt 0.989067 0.746122
vt 0.987083 0.740677
vt 0.118053 0.968935
vt 0.984412 0.734677
vt 0.986806 0.734874
vt 0.118474 0.966626
vt 0.112252 0.964967
vt 0.955204 0.734253
vt 0.957172 0.734344
vt 0.955826 0.740578
vt 0.953542 0.740556
vt 0.959624 0.734356
vt 0.958629 0.740481
vt 0.957701 0.746121
vt 0.954693 0.746139
vt 0.952230 0.746083
vt 0.962333 0.734358
vt 0.961725 0.740389
vt 0.961102 0.746027
vt 0.960414 0.750875
vt 0.956831 0.750832
vt 0.953909 0.750493
vt 0.951609 0.750256
vt 0.112527 0.933645
vt 0.951014 0.739901
vt 0.949512 0.745834
vt 0.129059 0.927900
vt 0.106397 0.944789
vt 0.100955 0.946272
vt 0.100933 0.944389
vt 0.106366 0.942514
vt 0.096099 0.947447
vt 0.096091 0.945922
vt 0.096093 0.944522
vt 0.100921 0.942682
vt 0.096116 0.943342
vt 0.100948 0.941282
vt 0.106335 0.940469
vt 0.106381 0.938770
vt 0.983941 0.728957
vt 0.106092 0.963286
vt 0.981347 0.723424
vt 0.100349 0.961584
vt 0.981700 0.728838
vt 0.979256 0.723409
vt 0.977267 0.718553
vt 0.094531 0.961621
vt 0.095287 0.959893
vt 0.961858 0.717454
vt 0.960690 0.717200
vt 0.963251 0.717657
vt 0.961955 0.722658
vt 0.960227 0.722475
vt 0.958820 0.722239
vt 0.964781 0.717836
vt 0.963843 0.722804
vt 0.963023 0.728400
vt 0.960729 0.728312
vt 0.958643 0.728192
vt 0.956967 0.728011
vt 0.958943 0.716293
vt 0.956980 0.721348
vt 0.106545 0.936532
vt 0.112253 0.963054
vt 0.118399 0.964419
vt 0.112210 0.960636
vt 0.118277 0.961639
vt 0.123897 0.962586
vt 0.123933 0.965571
vt 0.112187 0.957923
vt 0.118184 0.958539
vt 0.123807 0.959183
vt 0.128662 0.959873
vt 0.128621 0.963458
vt 0.132408 0.960531
vt 0.132207 0.964272
vt 0.128294 0.966354
vt 0.131489 0.967091
vt 0.091336 0.957310
vt 0.095474 0.958738
vt 0.091505 0.956182
vt 0.095626 0.957338
vt 0.100616 0.958499
vt 0.100493 0.960221
vt 0.091651 0.954957
vt 0.095753 0.955801
vt 0.100711 0.956608
vt 0.106271 0.957311
vt 0.106228 0.959604
vt 0.106176 0.961662
vt 0.083815 0.954032
vt 0.083741 0.953422
vt 0.088444 0.955164
vt 0.088282 0.956072
vt 0.083734 0.952802
vt 0.088574 0.954187
vt 0.973272 0.705184
vt 0.972589 0.704746
vt 0.972697 0.706694
vt 0.972118 0.706475
vt 0.971513 0.706323
vt 0.971924 0.704460
vt 0.972411 0.714345
vt 0.971947 0.711254
vt 0.972930 0.711316
vt 0.973639 0.714393
vt 0.973852 0.711349
vt 0.974774 0.714426
vt 0.975533 0.728725
vt 0.974163 0.723294
vt 0.976046 0.723320
vt 0.977809 0.728730
vt 0.977107 0.734501
vt 0.979805 0.734506
vt 0.973127 0.718427
vt 0.974649 0.718470
vt 0.976048 0.718510
vt 0.977779 0.723352
vt 0.979934 0.728765
vt 0.982344 0.734574
vt 0.981059 0.750841
vt 0.980030 0.745970
vt 0.983484 0.746006
vt 0.984684 0.750778
vt 0.981772 0.754609
vt 0.985524 0.754420
vt 0.978682 0.740387
vt 0.981802 0.740424
vt 0.984728 0.740538
vt 0.986594 0.746036
vt 0.987643 0.750475
vt 0.988363 0.753753
vt 0.982357 0.758047
vt 0.986467 0.757722
vt 0.134353 0.968606
vt 0.112201 0.948246
vt 0.118079 0.947460
vt 0.123651 0.946812
vt 0.128513 0.946378
vt 0.132283 0.946124
vt 0.091961 0.950597
vt 0.096070 0.950343
vt 0.100955 0.949837
vt 0.106414 0.949111
vt 0.088851 0.950705
vt 0.083867 0.950614
vt 0.082013 0.950373
vt 0.969360 0.705944
vt 0.968471 0.710902
vt 0.968059 0.713999
vt 0.967355 0.728526
vt 0.967445 0.734367
vt 0.967419 0.723021
vt 0.967670 0.718102
vt 0.967346 0.754496
vt 0.967527 0.750733
vt 0.967629 0.745876
vt 0.967579 0.740289
vt 0.967164 0.757942
vt 0.623286 0.897452
vt 0.624111 0.896402
vt 0.905289 0.926476
vt 0.624975 0.901784
vt 0.908328 0.930522
vt 0.904279 0.928012
vt 0.901244 0.926509
vt 0.902166 0.924870
vt 0.626155 0.904864
vt 0.640758 0.943452
vt 0.642685 0.945383
vt 0.857835 0.915700
vt 0.639203 0.944397
vt 0.856652 0.919008
vt 0.636352 0.945041
vt 0.861655 0.915721
vt 0.860631 0.917238
vt 0.859913 0.920066
vt 0.859699 0.923804
vt 0.856262 0.923163
vt 0.632594 0.945212
vt 0.612805 0.903959
vt 0.611147 0.903165
vt 0.903414 0.940548
vt 0.614202 0.900893
vt 0.899871 0.939836
vt 0.902984 0.938763
vt 0.907373 0.937226
vt 0.908410 0.938083
vt 0.616553 0.896774
vt 0.621618 0.896886
vt 0.621951 0.895061
vt 0.910296 0.931745
vt 0.622227 0.897020
vt 0.908460 0.932268
vt 0.908476 0.931646
vt 0.908428 0.931032
vt 0.623332 0.895711
vt 0.622813 0.897220
vt 0.903812 0.929723
vt 0.904012 0.928820
vt 0.903648 0.930697
vt 0.900586 0.929818
vt 0.900771 0.928598
vt 0.900983 0.927476
vt 0.622801 0.904865
vt 0.622227 0.901789
vt 0.623209 0.901818
vt 0.624028 0.904870
vt 0.624129 0.901823
vt 0.625162 0.904869
vt 0.631868 0.941435
vt 0.630855 0.936567
vt 0.634280 0.936586
vt 0.635492 0.941377
vt 0.629525 0.930964
vt 0.627948 0.925041
vt 0.630630 0.925014
vt 0.632611 0.930963
vt 0.635472 0.931047
vt 0.637333 0.936596
vt 0.633072 0.925015
vt 0.635086 0.925102
vt 0.637752 0.931161
vt 0.639717 0.936644
vt 0.638433 0.941066
vt 0.640715 0.940939
vt 0.602483 0.943322
vt 0.600445 0.945062
vt 0.863111 0.956507
vt 0.602479 0.940919
vt 0.867797 0.955711
vt 0.603155 0.936793
vt 0.861513 0.953986
vt 0.863971 0.953999
vt 0.868190 0.953132
vt 0.873635 0.951148
vt 0.602162 0.930892
vt 0.879635 0.948476
vt 0.879438 0.950870
vt 0.604472 0.931313
vt 0.606129 0.925090
vt 0.880057 0.919269
vt 0.879967 0.921237
vt 0.873733 0.919891
vt 0.873754 0.917606
vt 0.879954 0.923688
vt 0.873830 0.922694
vt 0.868189 0.921767
vt 0.868171 0.918758
vt 0.868227 0.916295
vt 0.879953 0.926398
vt 0.873922 0.925790
vt 0.868284 0.925167
vt 0.863436 0.924479
vt 0.863479 0.920897
vt 0.863818 0.917975
vt 0.864055 0.915675
vt 0.637451 0.925359
vt 0.874409 0.915079
vt 0.868476 0.913578
vt 0.643200 0.941890
vt 0.626306 0.919232
vt 0.624823 0.913790
vt 0.626706 0.913768
vt 0.628581 0.919200
vt 0.623646 0.908934
vt 0.625171 0.908926
vt 0.626571 0.908928
vt 0.628412 0.913756
vt 0.627751 0.908950
vt 0.629813 0.913782
vt 0.630626 0.919168
vt 0.632325 0.919214
vt 0.885356 0.948005
vt 0.607809 0.918930
vt 0.890889 0.945411
vt 0.609511 0.913187
vt 0.885474 0.945764
vt 0.890903 0.943319
vt 0.895759 0.941331
vt 0.609472 0.907369
vt 0.611200 0.908125
vt 0.896856 0.925922
vt 0.897110 0.924754
vt 0.896654 0.927314
vt 0.891653 0.926018
vt 0.891836 0.924291
vt 0.892072 0.922884
vt 0.896475 0.928844
vt 0.891507 0.927906
vt 0.885911 0.927087
vt 0.885999 0.924793
vt 0.886119 0.922707
vt 0.886299 0.921031
vt 0.898018 0.923006
vt 0.892962 0.921043
vt 0.634563 0.919378
vt 0.608042 0.925091
vt 0.606678 0.931237
vt 0.610460 0.925048
vt 0.609459 0.931115
vt 0.608512 0.936735
vt 0.605527 0.936772
vt 0.613174 0.925024
vt 0.612559 0.931021
vt 0.611916 0.936645
vt 0.611227 0.941499
vt 0.607642 0.941460
vt 0.610569 0.945246
vt 0.606828 0.945045
vt 0.604746 0.941132
vt 0.604009 0.944328
vt 0.613782 0.904173
vt 0.612355 0.908312
vt 0.614911 0.904342
vt 0.613755 0.908463
vt 0.612595 0.913453
vt 0.610873 0.913330
vt 0.616135 0.904488
vt 0.615292 0.908590
vt 0.614486 0.913548
vt 0.613784 0.919108
vt 0.611491 0.919065
vt 0.609433 0.919014
vt 0.617059 0.896652
vt 0.617669 0.896577
vt 0.615928 0.901281
vt 0.615020 0.901119
vt 0.618289 0.896570
vt 0.616904 0.901411
vt 0.909127 0.937335
vt 0.909566 0.936651
vt 0.907618 0.936759
vt 0.907836 0.936180
vt 0.907989 0.935575
vt 0.909851 0.935987
vt 0.899966 0.936474
vt 0.903057 0.936010
vt 0.902995 0.936993
vt 0.899918 0.937702
vt 0.902963 0.937915
vt 0.899886 0.938838
vt 0.885586 0.939597
vt 0.891018 0.938227
vt 0.890992 0.940110
vt 0.885582 0.941874
vt 0.879810 0.941172
vt 0.879806 0.943870
vt 0.895884 0.937190
vt 0.895841 0.938713
vt 0.895802 0.940112
vt 0.890960 0.941843
vt 0.885547 0.943998
vt 0.879739 0.946408
vt 0.863471 0.945125
vt 0.868342 0.944095
vt 0.868306 0.947549
vt 0.863534 0.948750
vt 0.859703 0.945838
vt 0.859892 0.949590
vt 0.873924 0.942747
vt 0.873888 0.945867
vt 0.873775 0.948793
vt 0.868276 0.950659
vt 0.863838 0.951708
vt 0.860559 0.952429
vt 0.856265 0.946423
vt 0.856590 0.950533
vt 0.602494 0.947192
vt 0.622851 0.925036
vt 0.623638 0.930915
vt 0.624287 0.936486
vt 0.624722 0.941348
vt 0.624976 0.945117
vt 0.620495 0.904797
vt 0.620751 0.908906
vt 0.621258 0.913791
vt 0.621985 0.919250
vt 0.620387 0.901686
vt 0.620477 0.896703
vt 0.620718 0.894848
vt 0.908368 0.933423
vt 0.903409 0.932534
vt 0.900312 0.932122
vt 0.885785 0.931419
vt 0.879944 0.931509
vt 0.891290 0.931483
vt 0.896209 0.931733
vt 0.859815 0.931412
vt 0.863578 0.931593
vt 0.868435 0.931694
vt 0.874022 0.931644
vt 0.856369 0.931230
vt 0.232613 0.990516
vt 0.231787 0.991565
vt 0.940828 0.967047
vt 0.230924 0.986184
vt 0.936781 0.970086
vt 0.939292 0.966037
vt 0.940796 0.963002
vt 0.942434 0.963925
vt 0.229745 0.983103
vt 0.215145 0.944514
vt 0.213217 0.942583
vt 0.951608 0.919594
vt 0.216700 0.943570
vt 0.948300 0.918411
vt 0.219551 0.942926
vt 0.951587 0.923414
vt 0.950070 0.922390
vt 0.947242 0.921672
vt 0.943504 0.921457
vt 0.944145 0.918020
vt 0.223308 0.942755
vt 0.243094 0.984010
vt 0.244753 0.984803
vt 0.926756 0.965171
vt 0.241697 0.987076
vt 0.927469 0.961628
vt 0.928541 0.964741
vt 0.930078 0.969130
vt 0.929221 0.970167
vt 0.239346 0.991194
vt 0.234281 0.991082
vt 0.233947 0.992907
vt 0.935558 0.972054
vt 0.233672 0.990948
vt 0.935035 0.970218
vt 0.935658 0.970234
vt 0.936271 0.970185
vt 0.232566 0.992257
vt 0.233086 0.990748
vt 0.937581 0.965570
vt 0.938484 0.965770
vt 0.936607 0.965406
vt 0.937487 0.962344
vt 0.938706 0.962529
vt 0.939828 0.962742
vt 0.233099 0.983103
vt 0.233673 0.986179
vt 0.232690 0.986150
vt 0.231872 0.983098
vt 0.231770 0.986145
vt 0.230737 0.983099
vt 0.224034 0.946532
vt 0.225047 0.951400
vt 0.221622 0.951381
vt 0.220410 0.946590
vt 0.226377 0.957004
vt 0.227953 0.962927
vt 0.225271 0.962953
vt 0.223290 0.957004
vt 0.220430 0.956920
vt 0.218569 0.951371
vt 0.222829 0.962952
vt 0.220815 0.962865
vt 0.218149 0.956805
vt 0.216185 0.951323
vt 0.217470 0.946900
vt 0.215187 0.947027
vt 0.253419 0.944647
vt 0.255457 0.942907
vt 0.910801 0.924867
vt 0.253423 0.947050
vt 0.911597 0.929553
vt 0.252747 0.951176
vt 0.913321 0.923269
vt 0.913308 0.925727
vt 0.914175 0.929946
vt 0.916159 0.935391
vt 0.253739 0.957077
vt 0.918830 0.941391
vt 0.916436 0.941194
vt 0.251430 0.956656
vt 0.249772 0.962879
vt 0.948038 0.941816
vt 0.946069 0.941726
vt 0.947415 0.935492
vt 0.949700 0.935513
vt 0.943618 0.941713
vt 0.944613 0.935588
vt 0.945541 0.929948
vt 0.948549 0.929930
vt 0.951012 0.929986
vt 0.940909 0.941711
vt 0.941517 0.935680
vt 0.942140 0.930042
vt 0.942828 0.925194
vt 0.946411 0.925238
vt 0.949333 0.925577
vt 0.951633 0.925814
vt 0.218450 0.962608
vt 0.952228 0.936169
vt 0.953730 0.930236
vt 0.212702 0.946077
vt 0.229595 0.968736
vt 0.231078 0.974178
vt 0.229195 0.974200
vt 0.227320 0.968768
vt 0.232254 0.979034
vt 0.230729 0.979042
vt 0.229329 0.979040
vt 0.227488 0.974212
vt 0.228149 0.979017
vt 0.226088 0.974185
vt 0.225274 0.968799
vt 0.223575 0.968753
vt 0.919300 0.947112
vt 0.248092 0.969039
vt 0.921894 0.952645
vt 0.246390 0.974782
vt 0.921542 0.947230
vt 0.923986 0.952660
vt 0.925974 0.957516
vt 0.246428 0.980599
vt 0.244700 0.979844
vt 0.941383 0.958615
vt 0.942551 0.958869
vt 0.939990 0.958412
vt 0.941287 0.953411
vt 0.943014 0.953594
vt 0.944422 0.953830
vt 0.938460 0.958233
vt 0.939399 0.953265
vt 0.940219 0.947669
vt 0.942513 0.947757
vt 0.944598 0.947877
vt 0.946275 0.948058
vt 0.944298 0.959776
vt 0.946262 0.954721
vt 0.221337 0.968589
vt 0.247859 0.962878
vt 0.249223 0.956732
vt 0.245441 0.962921
vt 0.246443 0.956854
vt 0.247389 0.951233
vt 0.250374 0.951197
vt 0.242727 0.962945
vt 0.243342 0.956948
vt 0.243986 0.951324
vt 0.244676 0.946469
vt 0.248260 0.946509
vt 0.245333 0.942723
vt 0.249074 0.942924
vt 0.251156 0.946837
vt 0.251893 0.943641
vt 0.242117 0.983796
vt 0.243545 0.979657
vt 0.240989 0.983626
vt 0.242144 0.979505
vt 0.243305 0.974516
vt 0.245027 0.974638
vt 0.239765 0.983481
vt 0.240608 0.979379
vt 0.241414 0.974420
vt 0.242116 0.968861
vt 0.244409 0.968903
vt 0.246468 0.968955
vt 0.238840 0.991316
vt 0.238230 0.991391
vt 0.239971 0.986687
vt 0.240879 0.986850
vt 0.237610 0.991398
vt 0.238995 0.986558
vt 0.929969 0.970885
vt 0.930653 0.971323
vt 0.930544 0.969375
vt 0.931124 0.969594
vt 0.931728 0.969746
vt 0.931317 0.971609
vt 0.930830 0.961724
vt 0.931294 0.964815
vt 0.930311 0.964752
vt 0.929602 0.961676
vt 0.929389 0.964720
vt 0.928467 0.961643
vt 0.927709 0.947343
vt 0.929078 0.952775
vt 0.927196 0.952749
vt 0.925432 0.947339
vt 0.926134 0.941567
vt 0.923437 0.941562
vt 0.930114 0.957641
vt 0.928592 0.957598
vt 0.927193 0.957559
vt 0.925463 0.952717
vt 0.923308 0.947303
vt 0.920898 0.941495
vt 0.922183 0.925228
vt 0.923212 0.930099
vt 0.919758 0.930063
vt 0.918558 0.925290
vt 0.921470 0.921460
vt 0.917718 0.921648
vt 0.924560 0.935681
vt 0.921440 0.935645
vt 0.918514 0.935531
vt 0.916648 0.930032
vt 0.915599 0.925594
vt 0.914879 0.922315
vt 0.920885 0.918022
vt 0.916775 0.918346
vt 0.253408 0.940777
vt 0.233050 0.962932
vt 0.232264 0.957053
vt 0.231615 0.951482
vt 0.231180 0.946620
vt 0.230926 0.942850
vt 0.235404 0.983171
vt 0.235149 0.979062
vt 0.234643 0.974177
vt 0.233916 0.968718
vt 0.235512 0.986281
vt 0.235422 0.991265
vt 0.235181 0.993120
vt 0.933881 0.970125
vt 0.934771 0.965167
vt 0.935183 0.962070
vt 0.935887 0.947543
vt 0.935797 0.941702
vt 0.935822 0.953048
vt 0.935572 0.957967
vt 0.935896 0.921573
vt 0.935715 0.925336
vt 0.935613 0.930193
vt 0.935663 0.935780
vt 0.936078 0.918127
vt 0.576207 0.990568
vt 0.575382 0.991617
vt 0.272302 0.836314
vt 0.574519 0.986235
vt 0.269264 0.832267
vt 0.273312 0.834778
vt 0.276347 0.836282
vt 0.275424 0.837920
vt 0.573340 0.983155
vt 0.558740 0.944566
vt 0.556813 0.942634
vt 0.319753 0.847104
vt 0.560295 0.943621
vt 0.320936 0.843796
vt 0.563146 0.942977
vt 0.315932 0.847081
vt 0.316957 0.845565
vt 0.317675 0.842737
vt 0.317891 0.838999
vt 0.321328 0.839641
vt 0.566904 0.942806
vt 0.586689 0.984061
vt 0.588347 0.984855
vt 0.274180 0.822242
vt 0.585292 0.987127
vt 0.277723 0.822956
vt 0.274610 0.824027
vt 0.270221 0.825563
vt 0.269184 0.824706
vt 0.582941 0.991245
vt 0.577876 0.991133
vt 0.577542 0.992958
vt 0.267295 0.831043
vt 0.577266 0.991000
vt 0.269132 0.830520
vt 0.269116 0.831143
vt 0.269164 0.831757
vt 0.576161 0.992308
vt 0.576681 0.990799
vt 0.273779 0.833067
vt 0.273579 0.833970
vt 0.273944 0.832093
vt 0.277005 0.832973
vt 0.276820 0.834193
vt 0.276607 0.835315
vt 0.576693 0.983155
vt 0.577267 0.986231
vt 0.576285 0.986201
vt 0.575467 0.983149
vt 0.575365 0.986196
vt 0.574332 0.983150
vt 0.567629 0.946583
vt 0.568642 0.951452
vt 0.565217 0.951432
vt 0.564005 0.946642
vt 0.569972 0.957055
vt 0.571548 0.962978
vt 0.568866 0.963004
vt 0.566885 0.957055
vt 0.564025 0.956971
vt 0.562164 0.951422
vt 0.566424 0.963004
vt 0.564410 0.962916
vt 0.561745 0.956857
vt 0.559780 0.951374
vt 0.561065 0.946952
vt 0.558782 0.947078
vt 0.597015 0.944699
vt 0.599053 0.942959
vt 0.314488 0.806295
vt 0.597018 0.947102
vt 0.309802 0.807090
vt 0.596342 0.951228
vt 0.316086 0.808816
vt 0.313628 0.808803
vt 0.309408 0.809669
vt 0.303963 0.811651
vt 0.597334 0.957129
vt 0.297962 0.814321
vt 0.298160 0.811927
vt 0.595025 0.956708
vt 0.593367 0.962930
vt 0.297531 0.843528
vt 0.297622 0.841560
vt 0.303856 0.842908
vt 0.303834 0.845193
vt 0.297635 0.839109
vt 0.303760 0.840105
vt 0.309400 0.841034
vt 0.309417 0.844042
vt 0.309361 0.846505
vt 0.297637 0.836399
vt 0.303669 0.837009
vt 0.309306 0.837634
vt 0.314154 0.838323
vt 0.314110 0.841905
vt 0.313771 0.844827
vt 0.313533 0.847127
vt 0.562045 0.962659
vt 0.303178 0.847720
vt 0.309110 0.849223
vt 0.556297 0.946128
vt 0.573190 0.968787
vt 0.574673 0.974229
vt 0.572789 0.974252
vt 0.570915 0.968819
vt 0.575849 0.979085
vt 0.574324 0.979093
vt 0.572924 0.979091
vt 0.571083 0.974263
vt 0.571744 0.979069
vt 0.569682 0.974237
vt 0.568869 0.968850
vt 0.567171 0.968804
vt 0.292241 0.814790
vt 0.591687 0.969090
vt 0.286707 0.817383
vt 0.589985 0.974834
vt 0.292122 0.817031
vt 0.286692 0.819475
vt 0.281836 0.821462
vt 0.590023 0.980651
vt 0.588294 0.979896
vt 0.280734 0.836871
vt 0.280479 0.838039
vt 0.280937 0.835478
vt 0.285938 0.836775
vt 0.285754 0.838503
vt 0.285518 0.839910
vt 0.281116 0.833948
vt 0.286084 0.834888
vt 0.291680 0.835708
vt 0.291591 0.838003
vt 0.291471 0.840088
vt 0.291289 0.841765
vt 0.279572 0.839786
vt 0.284627 0.841750
vt 0.564932 0.968641
vt 0.591454 0.962929
vt 0.592818 0.956784
vt 0.589036 0.962972
vt 0.590038 0.956906
vt 0.590985 0.951285
vt 0.593970 0.951249
vt 0.586323 0.962996
vt 0.586938 0.956999
vt 0.587581 0.951375
vt 0.588271 0.946521
vt 0.591855 0.946561
vt 0.588929 0.942774
vt 0.592670 0.942975
vt 0.594752 0.946889
vt 0.595488 0.943693
vt 0.585712 0.983847
vt 0.587139 0.979708
vt 0.584584 0.983678
vt 0.585739 0.979557
vt 0.586900 0.974567
vt 0.588622 0.974690
vt 0.583359 0.983532
vt 0.584203 0.979430
vt 0.585009 0.974472
vt 0.585711 0.968912
vt 0.588004 0.968955
vt 0.590062 0.969007
vt 0.582435 0.991368
vt 0.581825 0.991443
vt 0.583566 0.986739
vt 0.584474 0.986901
vt 0.581205 0.991450
vt 0.582589 0.986609
vt 0.268466 0.825454
vt 0.268028 0.826138
vt 0.269976 0.826030
vt 0.269757 0.826609
vt 0.269605 0.827214
vt 0.267742 0.826802
vt 0.277627 0.826317
vt 0.274536 0.826780
vt 0.274599 0.825798
vt 0.277675 0.825089
vt 0.274631 0.824876
vt 0.277709 0.823954
vt 0.292008 0.823198
vt 0.286576 0.824567
vt 0.286603 0.822684
vt 0.292013 0.820922
vt 0.297784 0.821625
vt 0.297790 0.818928
vt 0.281710 0.825602
vt 0.281753 0.824080
vt 0.281793 0.822681
vt 0.286635 0.820951
vt 0.292049 0.818797
vt 0.297858 0.816389
vt 0.314125 0.817677
vt 0.309254 0.818705
vt 0.309290 0.815251
vt 0.314063 0.814052
vt 0.317893 0.816965
vt 0.317705 0.813213
vt 0.303671 0.820052
vt 0.303708 0.816932
vt 0.303822 0.814006
vt 0.309322 0.812141
vt 0.313760 0.811094
vt 0.317039 0.810374
vt 0.321331 0.816381
vt 0.321007 0.812271
vt 0.597004 0.940829
vt 0.576645 0.962983
vt 0.575859 0.957105
vt 0.575210 0.951533
vt 0.574775 0.946671
vt 0.574522 0.942902
vt 0.578999 0.983223
vt 0.578744 0.979113
vt 0.578238 0.974229
vt 0.577511 0.968770
vt 0.579107 0.986333
vt 0.579017 0.991316
vt 0.578776 0.993171
vt 0.269225 0.829366
vt 0.274184 0.830257
vt 0.277280 0.830669
vt 0.291807 0.831377
vt 0.297648 0.831288
vt 0.286302 0.831311
vt 0.281383 0.831059
vt 0.317777 0.831391
vt 0.314014 0.831209
vt 0.309157 0.831106
vt 0.303570 0.831155
vt 0.321223 0.831574
vt 0.222721 0.939283
vt 0.230751 0.939407
vt 0.245939 0.939282
vt 0.237500 0.993324
vt 0.933605 0.971996
vt 0.934846 0.972109
vt 0.911360 0.921393
vt 0.913469 0.919377
vt 0.250089 0.939644
vt 0.238215 0.993219
vt 0.238986 0.992969
vt 0.239889 0.992469
vt 0.950245 0.942592
vt 0.948247 0.948901
vt 0.224032 0.974147
vt 0.226249 0.979099
vt 0.227909 0.983324
vt 0.925605 0.961850
vt 0.924010 0.957612
vt 0.248184 0.975503
vt 0.249994 0.969706
vt 0.251839 0.963449
vt 0.953673 0.921724
vt 0.954264 0.925308
vt 0.213627 0.950838
vt 0.215686 0.956509
vt 0.913636 0.935157
vt 0.255255 0.951248
vt 0.255974 0.946458
vt 0.937259 0.971399
vt 0.936336 0.971849
vt 0.233271 0.992661
vt 0.243287 0.987992
vt 0.218621 0.939577
vt 0.215313 0.940560
vt 0.229146 0.986633
vt 0.566317 0.939335
vt 0.574346 0.939458
vt 0.589534 0.939334
vt 0.581094 0.993375
vt 0.267354 0.829090
vt 0.267241 0.830330
vt 0.317962 0.806855
vt 0.319978 0.808965
vt 0.593685 0.939696
vt 0.581809 0.993271
vt 0.582581 0.993021
vt 0.583484 0.992521
vt 0.296754 0.845736
vt 0.290446 0.843737
vt 0.567627 0.974198
vt 0.569844 0.979150
vt 0.571504 0.983375
vt 0.277502 0.821091
vt 0.281740 0.819498
vt 0.591778 0.975555
vt 0.593589 0.969757
vt 0.595434 0.963501
vt 0.317622 0.849168
vt 0.314038 0.849759
vt 0.557222 0.950889
vt 0.559281 0.956560
vt 0.304198 0.809128
vt 0.598851 0.951299
vt 0.599569 0.946510
vt 0.267951 0.832743
vt 0.267501 0.831820
vt 0.576865 0.992713
vt 0.586882 0.988043
vt 0.562217 0.939628
vt 0.558908 0.940611
vt 0.572741 0.986685
vt 0.633181 0.948684
vt 0.625152 0.948561
vt 0.609964 0.948687
vt 0.618399 0.894645
vt 0.910239 0.933698
vt 0.910351 0.932458
vt 0.859637 0.955948
vt 0.857621 0.953839
vt 0.605813 0.948325
vt 0.617684 0.894749
vt 0.616913 0.894999
vt 0.616010 0.895499
vt 0.880833 0.917061
vt 0.887142 0.919058
vt 0.631868 0.913821
vt 0.629651 0.908868
vt 0.627991 0.904644
vt 0.900093 0.941700
vt 0.895855 0.943295
vt 0.607717 0.912466
vt 0.605906 0.918263
vt 0.604062 0.924520
vt 0.859965 0.913635
vt 0.863548 0.913043
vt 0.642275 0.937129
vt 0.640216 0.931458
vt 0.873401 0.953671
vt 0.600646 0.936722
vt 0.599928 0.941512
vt 0.909641 0.930045
vt 0.910091 0.930968
vt 0.622628 0.895307
vt 0.612612 0.899977
vt 0.637281 0.948390
vt 0.640590 0.947406
vt 0.626753 0.901334
vt 0.135850 0.937920
vt 0.135726 0.945949
vt 0.135849 0.961137
vt 0.081808 0.952691
vt 0.969636 0.704072
vt 0.968396 0.703960
vt 0.991882 0.754676
vt 0.989773 0.756692
vt 0.135486 0.965288
vt 0.081912 0.953406
vt 0.082162 0.954178
vt 0.082663 0.955081
vt 0.952997 0.733477
vt 0.954994 0.727168
vt 0.100987 0.939226
vt 0.096034 0.941443
vt 0.091810 0.943102
vt 0.977637 0.714219
vt 0.979232 0.718457
vt 0.099628 0.963377
vt 0.105425 0.965189
vt 0.111681 0.967035
vt 0.949569 0.754345
vt 0.948978 0.750762
vt 0.124297 0.928824
vt 0.118626 0.930882
vt 0.989606 0.740912
vt 0.123882 0.970452
vt 0.128672 0.971171
vt 0.965983 0.704670
vt 0.966906 0.704220
vt 0.082471 0.948462
vt 0.087140 0.958479
vt 0.135558 0.933820
vt 0.134575 0.930511
vt 0.088500 0.944339
vn 0.125901 -0.562896 0.816883
vn 0.421375 -0.252178 0.871120
vn 0.369119 -0.179862 0.911812
vn 0.043807 -0.530422 0.846601
vn 0.625726 0.124797 0.769996
vn 0.614538 0.207269 0.761172
vn 0.674682 0.336902 0.656735
vn 0.371661 -0.110531 0.921765
vn -0.087664 -0.521450 0.848767
vn -0.298867 -0.003791 0.954287
vn 0.074225 0.888366 0.453096
vn -0.477441 0.841638 0.252379
vn -0.464430 -0.088113 0.881216
vn -0.712069 0.693590 0.109045
vn -0.538695 -0.154184 0.828272
vn 0.428355 0.731707 -0.530204
vn 0.195109 0.686918 -0.700054
vn 0.087618 0.632579 -0.769524
vn 0.029929 0.597608 -0.801230
vn -0.813030 0.582011 0.015671
vn -0.568431 -0.206943 0.796279
vn -0.085551 -0.751635 -0.654008
vn 0.239490 -0.306682 -0.921190
vn 0.303987 -0.276615 -0.911634
vn 0.023812 -0.644233 -0.764458
vn 0.463277 0.250341 -0.850120
vn 0.517116 0.146514 -0.843282
vn 0.574322 0.084460 -0.814261
vn 0.388980 -0.300305 -0.870926
vn 0.107760 -0.625900 -0.772423
vn -0.259723 -0.962820 0.074302
vn 0.826982 -0.560116 0.048690
vn 0.797871 -0.538145 0.271664
vn -0.212870 -0.948619 0.234111
vn 0.830553 0.556876 -0.008348
vn 0.847599 0.507420 0.155246
vn 0.821568 0.427508 0.377177
vn 0.710371 -0.472551 0.521602
vn -0.139235 -0.881784 0.450633
vn 0.702977 0.705146 0.092693
vn 0.725770 0.613664 0.310925
vn 0.666578 0.744028 -0.045779
vn 0.625570 0.769287 -0.129849
vn 0.676881 0.735749 -0.022486
vn 0.725111 0.666934 0.171503
vn -0.613766 -0.770513 0.172049
vn -0.522979 -0.846153 0.102562
vn -0.489452 -0.838931 0.237973
vn -0.600859 -0.751038 0.273699
vn -0.386033 -0.803985 0.452312
vn -0.510470 -0.727618 0.458249
vn -0.437078 -0.361085 0.823760
vn -0.463515 -0.398564 0.791391
vn -0.486238 -0.332934 0.807915
vn -0.442441 -0.306380 0.842839
vn -0.519603 -0.444228 0.729846
vn -0.575419 -0.511563 0.638119
vn -0.617765 -0.437636 0.653330
vn -0.555536 -0.370241 0.744514
vn -0.511976 -0.291641 0.807977
vn -0.455882 -0.265741 0.849443
vn -0.571333 -0.357351 0.738837
vn -0.241290 -0.171504 0.955178
vn -0.220280 -0.114024 0.968749
vn -0.205279 -0.077681 0.975616
vn -0.414577 -0.239530 0.877924
vn -0.218240 -0.040879 0.975039
vn -0.548464 -0.619031 0.562128
vn -0.796550 -0.394089 -0.458478
vn -0.419940 -0.751018 -0.509532
vn -0.363516 -0.769245 0.525469
vn -0.226637 -0.822919 -0.521000
vn -0.226815 -0.846933 0.480895
vn -0.063815 0.219858 -0.973442
vn 0.009699 0.129428 -0.991541
vn 0.016033 0.118118 -0.992870
vn 0.025297 0.148694 -0.988560
vn -0.113632 -0.796534 -0.593820
vn 0.076697 0.205298 -0.975690
vn -0.043574 -0.709892 -0.702962
vn -0.137115 -0.911806 0.387051
vn -0.115631 -0.967337 0.225585
vn 0.886263 0.447472 -0.119609
vn 0.750661 0.436944 -0.495568
vn 0.679898 0.402329 -0.613083
vn 0.844358 0.466024 -0.264350
vn 0.674126 0.460417 -0.577555
vn 0.597383 0.405182 -0.692070
vn 0.491352 0.405118 -0.771007
vn 0.581318 0.429258 -0.691236
vn 0.767058 0.525750 -0.367709
vn 0.584707 0.514938 -0.626863
vn 0.512230 0.453060 -0.729628
vn 0.416786 0.432416 -0.799566
vn 0.298946 0.462671 -0.834606
vn 0.358940 0.464232 -0.809723
vn 0.451409 0.496901 -0.741161
vn 0.651281 0.612378 -0.448136
vn 0.631637 0.282890 0.721809
vn 0.684871 0.379669 0.621935
vn 0.662773 0.498394 0.558870
vn 0.546139 0.664910 0.509536
vn -0.616786 -0.591847 0.518934
vn -0.633527 -0.670003 0.386962
vn -0.654153 -0.614736 0.440664
vn -0.652945 -0.523995 0.546893
vn -0.628801 -0.731025 0.264976
vn -0.632221 -0.694004 0.344465
vn -0.564564 -0.662698 0.492035
vn -0.605548 -0.571925 0.553366
vn -0.159372 -0.483825 0.860531
vn -0.217984 -0.398335 0.890961
vn -0.611152 -0.462483 0.642341
vn -0.243136 -0.277371 0.929489
vn 0.027871 -0.592091 -0.805389
vn -0.134293 -0.990938 -0.002635
vn 0.111926 -0.473542 -0.873631
vn -0.146851 -0.954951 -0.257882
vn 0.177247 0.258496 -0.949612
vn 0.297699 0.287397 -0.910372
vn 0.399646 0.282211 -0.872147
vn 0.186813 -0.375375 -0.907851
vn -0.129403 -0.862885 -0.488554
vn 0.762838 0.646271 0.020301
vn 0.758420 0.405875 0.509965
vn 0.704465 0.695453 -0.141683
vn 0.722637 0.630085 -0.284233
vn 0.790174 0.593326 -0.153591
vn 0.838368 0.449151 0.308873
vn 0.640912 0.732271 -0.230243
vn 0.646104 0.673761 -0.358604
vn 0.629129 0.597042 -0.497733
vn 0.715361 0.546367 -0.435594
vn 0.788770 0.515304 -0.335117
vn 0.885804 0.456744 0.082072
vn 0.411384 -0.042252 0.910482
vn 0.469912 0.056947 0.880874
vn 0.547439 0.174810 0.818384
vn -0.163359 -0.808599 0.565227
vn -0.144142 -0.717998 0.680956
vn -0.221873 -0.766220 0.603058
vn -0.189186 -0.674542 0.713584
vn -0.214918 -0.578603 0.786784
vn -0.193868 -0.632847 0.749613
vn -0.361739 -0.677055 0.640891
vn -0.317333 -0.591215 0.741461
vn -0.308762 -0.505848 0.805471
vn -0.350638 -0.424051 0.835005
vn -0.307046 -0.481767 0.820745
vn -0.552040 -0.236822 0.799479
vn -0.558838 -0.301429 0.772554
vn -0.304505 -0.548717 0.778580
vn -0.575888 -0.402828 0.711395
vn -0.386653 -0.906584 -0.169129
vn -0.362235 -0.932084 -0.002379
vn -0.469136 -0.882834 0.022711
vn -0.429687 -0.891355 0.144415
vn -0.367398 -0.882000 0.295119
vn -0.306047 -0.931446 0.196833
vn -0.538485 -0.831107 0.138903
vn -0.515845 -0.822703 0.238880
vn -0.476830 -0.798164 0.368193
vn -0.422575 -0.749249 0.509957
vn -0.291766 -0.840192 0.457110
vn -0.230046 -0.888088 0.397969
vn -0.108707 -0.919159 -0.378590
vn -0.174742 -0.972232 -0.155662
vn -0.419972 -0.902783 -0.092770
vn -0.325419 -0.892531 -0.312236
vn -0.243046 -0.969772 0.021698
vn -0.483115 -0.873694 0.057091
vn 0.702432 -0.484298 -0.521579
vn 0.795322 -0.541909 -0.271657
vn 0.776713 0.441856 -0.448865
vn 0.812665 0.534052 -0.233162
vn 0.807264 0.586950 -0.061758
vn 0.827846 -0.560136 -0.030297
vn 0.542045 0.823751 -0.166198
vn 0.621031 0.778233 -0.093132
vn 0.620071 0.747645 -0.237779
vn 0.510246 0.815070 -0.274427
vn 0.623581 0.638182 -0.451520
vn 0.518614 0.718253 -0.463845
vn 0.421463 0.738315 -0.526554
vn 0.477491 0.788229 -0.388199
vn 0.376341 0.802177 -0.463551
vn 0.288810 0.752099 -0.592399
vn 0.359067 0.666177 -0.653665
vn 0.209160 0.672492 -0.709934
vn 0.518065 0.814155 -0.262220
vn 0.453602 0.819417 -0.350430
vn 0.443566 0.730610 -0.519094
vn 0.343175 0.710586 -0.614246
vn 0.233089 0.652158 -0.721359
vn 0.141325 0.567306 -0.811290
vn 0.201467 0.511303 -0.835452
vn 0.250218 0.532147 -0.808833
vn 0.140472 0.516977 -0.844395
vn 0.138656 0.484095 -0.863960
vn -0.005987 0.596779 -0.802383
vn -0.031711 0.541242 -0.840269
vn 0.300370 0.589689 -0.749696
vn 0.157651 0.585203 -0.795414
vn 0.093859 0.484191 -0.869913
vn 0.091562 0.425976 -0.900090
vn 0.104717 0.403943 -0.908771
vn -0.055145 0.435949 -0.898281
vn -0.837837 0.545808 -0.011106
vn -0.907530 0.406216 -0.106672
vn -0.955560 0.138886 -0.260033
vn -0.450327 -0.615882 0.646448
vn -0.399533 -0.534882 0.744496
vn -0.370634 -0.463770 0.804703
vn -0.383990 -0.400516 0.831949
vn -0.551601 -0.232700 0.800992
vn -0.570598 -0.807159 0.151368
vn -0.562767 -0.788347 0.248600
vn -0.541929 -0.751779 0.375687
vn -0.503691 -0.692522 0.516438
vn -0.500032 -0.862842 0.073974
vn -0.246952 -0.968114 0.042070
vn 0.827680 -0.561201 0.000006
vn 0.819363 0.571755 -0.041713
vn 0.638916 0.765762 -0.073447
vn 0.571954 0.806334 -0.150646
vn 0.506540 0.692018 -0.514323
vn 0.452005 0.616408 -0.644774
vn 0.544935 0.750575 -0.373743
vn 0.565028 0.787152 -0.247256
vn 0.016816 0.593695 -0.804514
vn 0.241615 0.494146 -0.835130
vn 0.318012 0.498600 -0.806391
vn 0.387395 0.544286 -0.744095
vn -0.828472 0.560030 -0.000805
vn -0.562917 -0.125883 0.816871
vn -0.252161 -0.421360 0.871132
vn -0.179850 -0.369103 0.911821
vn -0.530429 -0.043805 0.846597
vn 0.124796 -0.625727 0.769994
vn 0.207260 -0.614532 0.761179
vn 0.336902 -0.674680 0.656737
vn -0.110528 -0.371655 0.921768
vn -0.521445 0.087669 0.848769
vn -0.003793 0.298853 0.954292
vn 0.888366 -0.074237 0.453094
vn 0.841649 0.477423 0.252376
vn -0.088116 0.464432 0.881214
vn 0.693598 0.712061 0.109045
vn -0.154186 0.538698 0.828270
vn 0.731705 -0.428360 -0.530204
vn 0.686924 -0.195112 -0.700048
vn 0.632579 -0.087625 -0.769523
vn 0.597610 -0.029935 -0.801228
vn 0.582011 0.813030 0.015672
vn -0.206947 0.568430 0.796279
vn -0.751632 0.085560 -0.654010
vn -0.306676 -0.239486 -0.921193
vn -0.276593 -0.303990 -0.911639
vn -0.644209 -0.023811 -0.764478
vn 0.250337 -0.463280 -0.850120
vn 0.146524 -0.517107 -0.843286
vn 0.084484 -0.574304 -0.814271
vn -0.300280 -0.388986 -0.870931
vn -0.625863 -0.107752 -0.772454
vn -0.962823 0.259712 0.074301
vn -0.560109 -0.826987 0.048689
vn -0.538142 -0.797872 0.271667
vn -0.948616 0.212866 0.234127
vn 0.556874 -0.830555 -0.008347
vn 0.507412 -0.847603 0.155246
vn 0.427481 -0.821590 0.377160
vn -0.472556 -0.710367 0.521602
vn -0.881787 0.139247 0.450625
vn 0.705142 -0.702981 0.092691
vn 0.613648 -0.725787 0.310917
vn 0.744016 -0.666592 -0.045779
vn 0.769282 -0.625576 -0.129849
vn 0.735770 -0.676859 -0.022484
vn 0.666948 -0.725098 0.171501
vn -0.770509 0.613770 0.172052
vn -0.846157 0.522972 0.102563
vn -0.838920 0.489463 0.237989
vn -0.751033 0.600863 0.273704
vn -0.804005 0.386017 0.452290
vn -0.727634 0.510451 0.458245
vn -0.361086 0.437070 0.823764
vn -0.398564 0.463518 0.791390
vn -0.332934 0.486244 0.807912
vn -0.306380 0.442442 0.842838
vn -0.444231 0.519608 0.729841
vn -0.511566 0.575418 0.638117
vn -0.437639 0.617769 0.653325
vn -0.370245 0.555540 0.744510
vn -0.291643 0.511980 0.807973
vn -0.265744 0.455878 0.849444
vn -0.357354 0.571338 0.738831
vn -0.171508 0.241294 0.955177
vn -0.114017 0.220280 0.968750
vn -0.077680 0.205254 0.975621
vn -0.239532 0.414577 0.877924
vn -0.040883 0.218221 0.975043
vn -0.619041 0.548457 0.562124
vn -0.394062 0.796560 -0.458484
vn -0.751015 0.419942 -0.509534
vn -0.769247 0.363517 0.525465
vn -0.822924 0.226637 -0.520992
vn -0.846929 0.226824 0.480897
vn 0.219886 0.063800 -0.973437
vn 0.129433 -0.009706 -0.991541
vn 0.118106 -0.016027 -0.992872
vn 0.148693 -0.025298 -0.988560
vn -0.796533 0.113637 -0.593819
vn 0.205305 -0.076699 -0.975688
vn -0.709894 0.043571 -0.702960
vn -0.911803 0.137122 0.387056
vn -0.967337 0.115632 0.225582
vn 0.447474 -0.886262 -0.119610
vn 0.436943 -0.750664 -0.495564
vn 0.402328 -0.679904 -0.613076
vn 0.466016 -0.844362 -0.264351
vn 0.460421 -0.674126 -0.577553
vn 0.405187 -0.597387 -0.692064
vn 0.405124 -0.491354 -0.771003
vn 0.429258 -0.581320 -0.691234
vn 0.525747 -0.767059 -0.367711
vn 0.514938 -0.584704 -0.626866
vn 0.453059 -0.512231 -0.729628
vn 0.432411 -0.416794 -0.799565
vn 0.462668 -0.298946 -0.834608
vn 0.464233 -0.358938 -0.809723
vn 0.496898 -0.451415 -0.741159
vn 0.612379 -0.651280 -0.448137
vn 0.282889 -0.631631 0.721815
vn 0.379665 -0.684877 0.621931
vn 0.498390 -0.662780 0.558866
vn 0.664905 -0.546148 0.509533
vn -0.591850 0.616782 0.518934
vn -0.669998 0.633531 0.386963
vn -0.614743 0.654143 0.440667
vn -0.523999 0.652942 0.546893
vn -0.731020 0.628808 0.264973
vn -0.694005 0.632218 0.344467
vn -0.662704 0.564557 0.492036
vn -0.571926 0.605548 0.553365
vn -0.483827 0.159372 0.860530
vn -0.398325 0.217978 0.890967
vn -0.462475 0.611165 0.642335
vn -0.277366 0.243136 0.929491
vn -0.592111 -0.027869 -0.805374
vn -0.990939 0.134289 -0.002637
vn -0.473547 -0.111924 -0.873628
vn -0.954952 0.146852 -0.257879
vn 0.258518 -0.177247 -0.949606
vn 0.287402 -0.297700 -0.910371
vn 0.282199 -0.399650 -0.872149
vn -0.375376 -0.186807 -0.907852
vn -0.862882 0.129416 -0.488556
vn 0.646279 -0.762831 0.020302
vn 0.405892 -0.758407 0.509971
vn 0.695454 -0.704465 -0.141681
vn 0.630082 -0.722641 -0.284231
vn 0.593325 -0.790174 -0.153593
vn 0.449162 -0.838359 0.308882
vn 0.732270 -0.640912 -0.230243
vn 0.673760 -0.646104 -0.358603
vn 0.597043 -0.629126 -0.497736
vn 0.546370 -0.715358 -0.435594
vn 0.515307 -0.788768 -0.335116
vn 0.456756 -0.885798 0.082075
vn -0.042249 -0.411386 0.910481
vn 0.056960 -0.469905 0.880878
vn 0.174801 -0.547435 0.818388
vn -0.808601 0.163356 0.565225
vn -0.717998 0.144143 0.680957
vn -0.766226 0.221867 0.603053
vn -0.674544 0.189182 0.713583
vn -0.578608 0.214914 0.786782
vn -0.632848 0.193870 0.749611
vn -0.677056 0.361740 0.640890
vn -0.591214 0.317330 0.741464
vn -0.505845 0.308761 0.805473
vn -0.424054 0.350640 0.835003
vn -0.481777 0.307040 0.820742
vn -0.236828 0.552037 0.799479
vn -0.301430 0.558837 0.772555
vn -0.548722 0.304495 0.778580
vn -0.402834 0.575874 0.711403
vn -0.906588 0.386643 -0.169129
vn -0.932084 0.362235 -0.002377
vn -0.882834 0.469136 0.022711
vn -0.891352 0.429692 0.144418
vn -0.881999 0.367398 0.295122
vn -0.931448 0.306045 0.196829
vn -0.831104 0.538491 0.138904
vn -0.822703 0.515845 0.238880
vn -0.798164 0.476829 0.368196
vn -0.749246 0.422580 0.509958
vn -0.840194 0.291763 0.457108
vn -0.888093 0.230041 0.397959
vn -0.919167 0.108707 -0.378570
vn -0.972229 0.174751 -0.155669
vn -0.902789 0.419960 -0.092769
vn -0.892530 0.325419 -0.312239
vn -0.969771 0.243049 0.021698
vn -0.873688 0.483125 0.057091
vn -0.484294 -0.702433 -0.521581
vn -0.541905 -0.795324 -0.271659
vn 0.441844 -0.776721 -0.448863
vn 0.534033 -0.812679 -0.233156
vn 0.586956 -0.807260 -0.061759
vn -0.560146 -0.827840 -0.030298
vn 0.823752 -0.542043 -0.166199
vn 0.778237 -0.621026 -0.093132
vn 0.747641 -0.620076 -0.237777
vn 0.815069 -0.510249 -0.274425
vn 0.638194 -0.623565 -0.451525
vn 0.718243 -0.518621 -0.463854
vn 0.738315 -0.421464 -0.526555
vn 0.788229 -0.477490 -0.388200
vn 0.802172 -0.376343 -0.463559
vn 0.752095 -0.288809 -0.592404
vn 0.666177 -0.359070 -0.653664
vn 0.672489 -0.209161 -0.709936
vn 0.814154 -0.518067 -0.262221
vn 0.819406 -0.453616 -0.350437
vn 0.730600 -0.443573 -0.519102
vn 0.710577 -0.343179 -0.614254
vn 0.652164 -0.233088 -0.721354
vn 0.567320 -0.141325 -0.811280
vn 0.511305 -0.201464 -0.835452
vn 0.532146 -0.250213 -0.808835
vn 0.516979 -0.140467 -0.844395
vn 0.484092 -0.138657 -0.863961
vn 0.596778 0.005988 -0.802384
vn 0.541237 0.031707 -0.840272
vn 0.589689 -0.300375 -0.749694
vn 0.585201 -0.157650 -0.795416
vn 0.484194 -0.093857 -0.869912
vn 0.425970 -0.091560 -0.900092
vn 0.403942 -0.104725 -0.908770
vn 0.435953 0.055141 -0.898279
vn 0.545802 0.837841 -0.011108
vn 0.406211 0.907531 -0.106673
vn 0.138887 0.955558 -0.260037
vn -0.615883 0.450329 0.646446
vn -0.534881 0.399532 0.744498
vn -0.463770 0.370635 0.804703
vn -0.400518 0.383988 0.831949
vn -0.232706 0.551597 0.800993
vn -0.807158 0.570599 0.151368
vn -0.788347 0.562768 0.248598
vn -0.751777 0.541933 0.375687
vn -0.692520 0.503697 0.516435
vn -0.862845 0.500027 0.073974
vn -0.968116 0.246944 0.042071
vn -0.561205 -0.827677 0.000005
vn 0.571761 -0.819359 -0.041714
vn 0.765760 -0.638919 -0.073448
vn 0.806329 -0.571960 -0.150648
vn 0.692014 -0.506544 -0.514325
vn 0.616404 -0.452007 -0.644775
vn 0.750574 -0.544935 -0.373743
vn 0.787150 -0.565030 -0.247257
vn 0.593697 -0.016817 -0.804513
vn 0.494145 -0.241615 -0.835131
vn 0.498596 -0.318013 -0.806393
vn 0.544286 -0.387399 -0.744094
vn 0.560026 0.828474 -0.000807
vn -0.125887 0.562898 0.816884
vn -0.421381 0.252177 0.871117
vn -0.369140 0.179861 0.911803
vn -0.043812 0.530424 0.846600
vn -0.625729 -0.124798 0.769993
vn -0.614544 -0.207267 0.761168
vn -0.674682 -0.336903 0.656735
vn -0.371662 0.110530 0.921765
vn 0.087662 0.521453 0.848765
vn 0.298859 0.003792 0.954290
vn -0.074237 -0.888363 0.453100
vn 0.477428 -0.841643 0.252388
vn 0.464425 0.088114 0.881218
vn 0.712072 -0.693586 0.109049
vn 0.538695 0.154184 0.828272
vn -0.428349 -0.731710 -0.530206
vn -0.195114 -0.686918 -0.700053
vn -0.087624 -0.632578 -0.769524
vn -0.029932 -0.597608 -0.801230
vn 0.813030 -0.582010 0.015672
vn 0.568428 0.206944 0.796281
vn 0.085557 0.751635 -0.654007
vn -0.239486 0.306684 -0.921190
vn -0.303991 0.276616 -0.911632
vn -0.023799 0.644233 -0.764459
vn -0.463276 -0.250343 -0.850120
vn -0.517110 -0.146516 -0.843285
vn -0.574318 -0.084458 -0.814264
vn -0.388988 0.300305 -0.870922
vn -0.107729 0.625901 -0.772426
vn 0.259729 0.962819 0.074302
vn -0.826979 0.560120 0.048692
vn -0.797870 0.538147 0.271665
vn 0.212856 0.948622 0.234112
vn -0.830557 -0.556872 -0.008346
vn -0.847600 -0.507419 0.155244
vn -0.821567 -0.427516 0.377169
vn -0.710362 0.472558 0.521608
vn 0.139194 0.881789 0.450637
vn -0.702979 -0.705144 0.092692
vn -0.725762 -0.613673 0.310926
vn -0.666587 -0.744020 -0.045778
vn -0.625573 -0.769283 -0.129850
vn -0.676879 -0.735751 -0.022480
vn -0.725107 -0.666937 0.171507
vn 0.613766 0.770513 0.172050
vn 0.522983 0.846150 0.102561
vn 0.489428 0.838943 0.237981
vn 0.600860 0.751034 0.273706
vn 0.386033 0.803984 0.452314
vn 0.510482 0.727612 0.458246
vn 0.437067 0.361088 0.823764
vn 0.463512 0.398565 0.791393
vn 0.486245 0.332932 0.807912
vn 0.442437 0.306381 0.842841
vn 0.519603 0.444227 0.729845
vn 0.575418 0.511563 0.638120
vn 0.617765 0.437637 0.653331
vn 0.555537 0.370240 0.744514
vn 0.511979 0.291640 0.807975
vn 0.455883 0.265740 0.849443
vn 0.571339 0.357347 0.738834
vn 0.241290 0.171504 0.955178
vn 0.220274 0.114024 0.968751
vn 0.205274 0.077681 0.975617
vn 0.414585 0.239529 0.877921
vn 0.218238 0.040879 0.975039
vn 0.548471 0.619030 0.562122
vn 0.796547 0.394088 -0.458483
vn 0.419931 0.751021 -0.509535
vn 0.363514 0.769246 0.525469
vn 0.226640 0.822918 -0.520999
vn 0.226817 0.846932 0.480896
vn 0.063790 -0.219858 -0.973444
vn -0.009717 -0.129428 -0.991541
vn -0.016034 -0.118118 -0.992870
vn -0.025298 -0.148694 -0.988560
vn 0.113638 0.796533 -0.593819
vn -0.076696 -0.205298 -0.975690
vn 0.043569 0.709892 -0.702962
vn 0.137121 0.911805 0.387052
vn 0.115633 0.967337 0.225586
vn -0.886264 -0.447472 -0.119607
vn -0.750667 -0.436940 -0.495563
vn -0.679909 -0.402322 -0.613075
vn -0.844364 -0.466016 -0.264345
vn -0.674129 -0.460414 -0.577554
vn -0.597387 -0.405180 -0.692068
vn -0.491351 -0.405118 -0.771008
vn -0.581322 -0.429255 -0.691234
vn -0.767064 -0.525742 -0.367706
vn -0.584709 -0.514937 -0.626862
vn -0.512228 -0.453061 -0.729629
vn -0.416787 -0.432416 -0.799566
vn -0.298944 -0.462672 -0.834606
vn -0.358936 -0.464232 -0.809725
vn -0.451412 -0.496900 -0.741160
vn -0.651285 -0.612374 -0.448136
vn -0.631629 -0.282892 0.721815
vn -0.684869 -0.379669 0.621938
vn -0.662778 -0.498386 0.558871
vn -0.546141 -0.664903 0.509542
vn 0.616782 0.591849 0.518936
vn 0.633528 0.670002 0.386962
vn 0.654143 0.614742 0.440668
vn 0.652939 0.523999 0.546896
vn 0.628811 0.731017 0.264974
vn 0.632223 0.694000 0.344468
vn 0.564560 0.662702 0.492034
vn 0.605552 0.571923 0.553363
vn 0.159382 0.483825 0.860529
vn 0.217980 0.398336 0.890962
vn 0.611166 0.462475 0.642334
vn 0.243145 0.277371 0.929487
vn -0.027865 0.592091 -0.805389
vn 0.134294 0.990938 -0.002635
vn -0.111928 0.473542 -0.873631
vn 0.146851 0.954951 -0.257883
vn -0.177255 -0.258495 -0.949611
vn -0.297702 -0.287396 -0.910372
vn -0.399642 -0.282213 -0.872148
vn -0.186813 0.375375 -0.907852
vn 0.129403 0.862884 -0.488555
vn -0.762837 -0.646272 0.020308
vn -0.758417 -0.405875 0.509969
vn -0.704470 -0.695449 -0.141679
vn -0.722638 -0.630083 -0.284234
vn -0.790175 -0.593324 -0.153592
vn -0.838358 -0.449164 0.308882
vn -0.640912 -0.732270 -0.230245
vn -0.646099 -0.673763 -0.358607
vn -0.629127 -0.597044 -0.497733
vn -0.715366 -0.546362 -0.435593
vn -0.788769 -0.515305 -0.335119
vn -0.885794 -0.456762 0.082077
vn -0.411388 0.042252 0.910480
vn -0.469904 -0.056948 0.880879
vn -0.547424 -0.174813 0.818393
vn 0.163360 0.808599 0.565227
vn 0.144145 0.717998 0.680956
vn 0.221874 0.766221 0.603057
vn 0.189188 0.674542 0.713583
vn 0.214915 0.578603 0.786784
vn 0.193866 0.632847 0.749613
vn 0.361740 0.677055 0.640890
vn 0.317333 0.591215 0.741461
vn 0.308757 0.505849 0.805473
vn 0.350641 0.424051 0.835004
vn 0.307047 0.481768 0.820745
vn 0.552038 0.236823 0.799481
vn 0.558839 0.301429 0.772554
vn 0.304493 0.548719 0.778583
vn 0.575881 0.402831 0.711399
vn 0.386645 0.906587 -0.169132
vn 0.362236 0.932084 -0.002379
vn 0.469137 0.882833 0.022712
vn 0.429687 0.891355 0.144416
vn 0.367393 0.882002 0.295120
vn 0.306043 0.931447 0.196834
vn 0.538487 0.831106 0.138903
vn 0.515842 0.822705 0.238880
vn 0.476828 0.798166 0.368194
vn 0.422577 0.749249 0.509956
vn 0.291758 0.840195 0.457110
vn 0.230041 0.888088 0.397970
vn 0.108709 0.919158 -0.378591
vn 0.174758 0.972229 -0.155663
vn 0.419980 0.902779 -0.092770
vn 0.325430 0.892526 -0.312238
vn 0.243051 0.969771 0.021698
vn 0.483121 0.873690 0.057091
vn -0.702434 0.484296 -0.521579
vn -0.795326 0.541904 -0.271657
vn -0.776709 -0.441857 -0.448870
vn -0.812656 -0.534063 -0.233165
vn -0.807263 -0.586952 -0.061759
vn -0.827845 0.560138 -0.030297
vn -0.542041 -0.823753 -0.166199
vn -0.621030 -0.778234 -0.093132
vn -0.620068 -0.747647 -0.237781
vn -0.510254 -0.815065 -0.274427
vn -0.623560 -0.638197 -0.451528
vn -0.518608 -0.718256 -0.463847
vn -0.421461 -0.738316 -0.526555
vn -0.477493 -0.788227 -0.388198
vn -0.376340 -0.802177 -0.463552
vn -0.288808 -0.752100 -0.592399
vn -0.359070 -0.666177 -0.653665
vn -0.209162 -0.672493 -0.709933
vn -0.518066 -0.814155 -0.262219
vn -0.453610 -0.819413 -0.350430
vn -0.443571 -0.730609 -0.519092
vn -0.343173 -0.710587 -0.614246
vn -0.233096 -0.652157 -0.721358
vn -0.141330 -0.567306 -0.811289
vn -0.201464 -0.511302 -0.835453
vn -0.250212 -0.532147 -0.808835
vn -0.140475 -0.516977 -0.844394
vn -0.138656 -0.484095 -0.863960
vn 0.005988 -0.596779 -0.802383
vn 0.031707 -0.541242 -0.840269
vn -0.300375 -0.589688 -0.749695
vn -0.157653 -0.585204 -0.795413
vn -0.093861 -0.484191 -0.869913
vn -0.091568 -0.425976 -0.900089
vn -0.104725 -0.403943 -0.908770
vn 0.055130 -0.435949 -0.898281
vn 0.837832 -0.545814 -0.011108
vn 0.907527 -0.406221 -0.106672
vn 0.955557 -0.138889 -0.260040
vn 0.450330 0.615881 0.646447
vn 0.399532 0.534882 0.744497
vn 0.370630 0.463771 0.804705
vn 0.383987 0.400517 0.831950
vn 0.551596 0.232701 0.800995
vn 0.570601 0.807157 0.151368
vn 0.562769 0.788346 0.248599
vn 0.541930 0.751778 0.375688
vn 0.503696 0.692520 0.516436
vn 0.500035 0.862840 0.073974
vn 0.246954 0.968114 0.042071
vn -0.827676 0.561207 0.000005
vn -0.819364 -0.571755 -0.041713
vn -0.638920 -0.765759 -0.073447
vn -0.571952 -0.806335 -0.150647
vn -0.506538 -0.692019 -0.514324
vn -0.452005 -0.616408 -0.644774
vn -0.544936 -0.750574 -0.373743
vn -0.565028 -0.787152 -0.247257
vn -0.016817 -0.593695 -0.804514
vn -0.241612 -0.494146 -0.835131
vn -0.318007 -0.498600 -0.806393
vn -0.387397 -0.544285 -0.744095
vn 0.828466 -0.560038 -0.000807
vn 0.562889 0.125878 0.816891
vn 0.252161 0.421361 0.871132
vn 0.179856 0.369103 0.911819
vn 0.530420 0.043797 0.846603
vn -0.124797 0.625728 0.769994
vn -0.207261 0.614533 0.761178
vn -0.336892 0.674684 0.656738
vn 0.110533 0.371656 0.921767
vn 0.521445 -0.087674 0.848769
vn 0.003803 -0.298854 0.954291
vn -0.888368 0.074230 0.453092
vn -0.841645 -0.477427 0.252383
vn 0.088120 -0.464431 0.881214
vn -0.693605 -0.712054 0.109045
vn 0.154185 -0.538698 0.828270
vn -0.731708 0.428355 -0.530204
vn -0.686919 0.195115 -0.700051
vn -0.632580 0.087625 -0.769523
vn -0.597606 0.029934 -0.801231
vn -0.582021 -0.813023 0.015667
vn 0.206947 -0.568430 0.796279
vn 0.751632 -0.085566 -0.654009
vn 0.306686 0.239486 -0.921189
vn 0.276620 0.303988 -0.911632
vn 0.644229 0.023810 -0.764462
vn -0.250317 0.463282 -0.850124
vn -0.146518 0.517109 -0.843286
vn -0.084484 0.574307 -0.814269
vn 0.300304 0.388984 -0.870924
vn 0.625884 0.107749 -0.772437
vn 0.962824 -0.259710 0.074302
vn 0.560105 0.826990 0.048690
vn 0.538144 0.797872 0.271666
vn 0.948620 -0.212862 0.234114
vn -0.556875 0.830555 -0.008347
vn -0.507411 0.847604 0.155247
vn -0.427479 0.821591 0.377160
vn 0.472557 0.710368 0.521600
vn 0.881788 -0.139239 0.450624
vn -0.705136 0.702987 0.092693
vn -0.613646 0.725788 0.310918
vn -0.744016 0.666592 -0.045779
vn -0.769281 0.625576 -0.129849
vn -0.735759 0.676871 -0.022484
vn -0.666936 0.725109 0.171504
vn 0.770516 -0.613762 0.172050
vn 0.846163 -0.522962 0.102563
vn 0.838933 -0.489447 0.237977
vn 0.751028 -0.600868 0.273706
vn 0.803986 -0.386030 0.452313
vn 0.727628 -0.510454 0.458251
vn 0.361092 -0.437069 0.823762
vn 0.398564 -0.463518 0.791390
vn 0.332928 -0.486245 0.807914
vn 0.306380 -0.442443 0.842838
vn 0.444225 -0.519609 0.729843
vn 0.511563 -0.575420 0.638119
vn 0.437635 -0.617770 0.653327
vn 0.370236 -0.555541 0.744513
vn 0.291630 -0.511983 0.807976
vn 0.265729 -0.455880 0.849448
vn 0.357346 -0.571339 0.738834
vn 0.171507 -0.241294 0.955177
vn 0.114025 -0.220280 0.968749
vn 0.077680 -0.205254 0.975621
vn 0.239524 -0.414577 0.877926
vn 0.040885 -0.218221 0.975043
vn 0.619038 -0.548458 0.562126
vn 0.394120 -0.796539 -0.458471
vn 0.751019 -0.419932 -0.509538
vn 0.769243 -0.363518 0.525470
vn 0.822913 -0.226639 -0.521007
vn 0.846928 -0.226824 0.480900
vn -0.219835 -0.063800 -0.973449
vn -0.129427 0.009707 -0.991542
vn -0.118110 0.016027 -0.992871
vn -0.148693 0.025298 -0.988560
vn 0.796534 -0.113635 -0.593819
vn -0.205301 0.076699 -0.975689
vn 0.709896 -0.043570 -0.702958
vn 0.911804 -0.137121 0.387055
vn 0.967337 -0.115632 0.225586
vn -0.447471 0.886264 -0.119610
vn -0.436935 0.750668 -0.495566
vn -0.402325 0.679905 -0.613077
vn -0.466021 0.844360 -0.264349
vn -0.460415 0.674128 -0.577555
vn -0.405183 0.597388 -0.692065
vn -0.405116 0.491356 -0.771006
vn -0.429256 0.581319 -0.691236
vn -0.525746 0.767059 -0.367711
vn -0.514938 0.584703 -0.626866
vn -0.453062 0.512230 -0.729626
vn -0.432418 0.416793 -0.799562
vn -0.462669 0.298945 -0.834607
vn -0.464226 0.358939 -0.809727
vn -0.496885 0.451419 -0.741166
vn -0.612371 0.651285 -0.448140
vn -0.282889 0.631630 0.721815
vn -0.379663 0.684876 0.621933
vn -0.498385 0.662781 0.558869
vn -0.664905 0.546144 0.509538
vn 0.591850 -0.616783 0.518934
vn 0.670000 -0.633531 0.386961
vn 0.614750 -0.654139 0.440664
vn 0.524005 -0.652939 0.546891
vn 0.731017 -0.628810 0.264975
vn 0.694005 -0.632218 0.344466
vn 0.662704 -0.564557 0.492036
vn 0.571930 -0.605546 0.553363
vn 0.483824 -0.159372 0.860532
vn 0.398337 -0.217976 0.890962
vn 0.462482 -0.611162 0.642333
vn 0.277370 -0.243135 0.929490
vn 0.592106 0.027870 -0.805378
vn 0.990938 -0.134292 -0.002632
vn 0.473539 0.111924 -0.873633
vn 0.954950 -0.146853 -0.257887
vn -0.258514 0.177246 -0.949607
vn -0.287388 0.297701 -0.910375
vn -0.282178 0.399651 -0.872155
vn 0.375368 0.186807 -0.907856
vn 0.862878 -0.129417 -0.488563
vn -0.646279 0.762831 0.020304
vn -0.405894 0.758406 0.509971
vn -0.695450 0.704469 -0.141682
vn -0.630082 0.722640 -0.284232
vn -0.593333 0.790168 -0.153592
vn -0.449169 0.838355 0.308883
vn -0.732271 0.640911 -0.230243
vn -0.673759 0.646105 -0.358604
vn -0.597040 0.629127 -0.497738
vn -0.546363 0.715362 -0.435597
vn -0.515301 0.788772 -0.335119
vn -0.456759 0.885796 0.082076
vn 0.042253 0.411388 0.910480
vn -0.056949 0.469906 0.880877
vn -0.174808 0.547434 0.818387
vn 0.808596 -0.163358 0.565231
vn 0.717999 -0.144143 0.680956
vn 0.766224 -0.221869 0.603055
vn 0.674548 -0.189181 0.713579
vn 0.578612 -0.214913 0.786779
vn 0.632848 -0.193870 0.749611
vn 0.677056 -0.361740 0.640889
vn 0.591217 -0.317329 0.741461
vn 0.505849 -0.308760 0.805471
vn 0.424051 -0.350641 0.835004
vn 0.481776 -0.307041 0.820742
vn 0.236825 -0.552038 0.799480
vn 0.301430 -0.558837 0.772555
vn 0.548726 -0.304494 0.778578
vn 0.402843 -0.575873 0.711399
vn 0.906585 -0.386649 -0.169132
vn 0.932087 -0.362227 -0.002382
vn 0.882833 -0.469137 0.022711
vn 0.891356 -0.429684 0.144416
vn 0.881999 -0.367397 0.295123
vn 0.931447 -0.306045 0.196831
vn 0.831103 -0.538492 0.138903
vn 0.822701 -0.515848 0.238882
vn 0.798162 -0.476831 0.368197
vn 0.749246 -0.422579 0.509959
vn 0.840189 -0.291767 0.457115
vn 0.888085 -0.230050 0.397973
vn 0.919157 -0.108717 -0.378590
vn 0.972230 -0.174748 -0.155666
vn 0.902784 -0.419969 -0.092771
vn 0.892521 -0.325434 -0.312249
vn 0.969771 -0.243049 0.021699
vn 0.873688 -0.483125 0.057091
vn 0.484312 0.702426 -0.521573
vn 0.541896 0.795330 -0.271658
vn -0.441828 0.776728 -0.448867
vn -0.534028 0.812683 -0.233156
vn -0.586957 0.807259 -0.061760
vn 0.560147 0.827839 -0.030298
vn -0.823753 0.542042 -0.166199
vn -0.778240 0.621023 -0.093132
vn -0.747636 0.620082 -0.237778
vn -0.815065 0.510254 -0.274428
vn -0.638186 0.623570 -0.451530
vn -0.718240 0.518623 -0.463854
vn -0.738317 0.421461 -0.526553
vn -0.788231 0.477487 -0.388198
vn -0.802184 0.376333 -0.463546
vn -0.752099 0.288806 -0.592400
vn -0.666176 0.359071 -0.653665
vn -0.672487 0.209162 -0.709938
vn -0.814153 0.518069 -0.262222
vn -0.819418 0.453603 -0.350425
vn -0.730610 0.443566 -0.519093
vn -0.710585 0.343175 -0.614247
vn -0.652163 0.233088 -0.721355
vn -0.567312 0.141326 -0.811286
vn -0.511306 0.201464 -0.835451
vn -0.532148 0.250212 -0.808834
vn -0.516979 0.140467 -0.844394
vn -0.484093 0.138657 -0.863960
vn -0.596780 -0.005988 -0.802383
vn -0.541238 -0.031706 -0.840271
vn -0.589687 0.300376 -0.749696
vn -0.585198 0.157650 -0.795418
vn -0.484186 0.093858 -0.869917
vn -0.425976 0.091560 -0.900090
vn -0.403946 0.104725 -0.908768
vn -0.435952 -0.055140 -0.898279
vn -0.545804 -0.837839 -0.011107
vn -0.406220 -0.907529 -0.106663
vn -0.138870 -0.955565 -0.260022
vn 0.615881 -0.450330 0.646446
vn 0.534881 -0.399532 0.744498
vn 0.463770 -0.370635 0.804703
vn 0.400517 -0.383988 0.831949
vn 0.232704 -0.551597 0.800993
vn 0.807159 -0.570598 0.151368
vn 0.788345 -0.562770 0.248600
vn 0.751774 -0.541935 0.375688
vn 0.692518 -0.503698 0.516436
vn 0.862842 -0.500032 0.073975
vn 0.968116 -0.246945 0.042071
vn 0.561207 0.827676 0.000006
vn -0.571762 0.819358 -0.041714
vn -0.765763 0.638916 -0.073448
vn -0.806331 0.571958 -0.150647
vn -0.692016 0.506543 -0.514323
vn -0.616405 0.452007 -0.644775
vn -0.750574 0.544936 -0.373743
vn -0.787149 0.565032 -0.247258
vn -0.593697 0.016817 -0.804513
vn -0.494150 0.241614 -0.835128
vn -0.498602 0.318011 -0.806390
vn -0.544286 0.387399 -0.744094
vn -0.560028 -0.828474 -0.000808
s 1
g group1 small_propellers_low
usemtl standardSurface1SG
f 617/819/1037 648/820/1038 728/1898/1039 729/822/1040
f 648/1892/1038 618/823/1041 649/824/1042 728/821/1039
f 728/821/1039 649/824/1042 628/825/1043 793/826/1044
f 729/822/1040 728/1898/1039 793/1879/1044 794/827/1045
f 619/828/1046 650/829/1047 677/1897/1048 676/831/1049
f 676/831/1049 677/1897/1048 730/1896/1050 731/833/1051
f 650/1885/1047 620/834/1052 795/835/1053 677/830/1048
f 677/830/1048 795/835/1053 651/836/1054 730/832/1050
f 730/832/1050 651/836/1054 796/837/1055 797/838/1056
f 731/833/1051 730/1896/1050 797/1863/1056 798/839/1057
f 626/840/1058 652/841/1059 732/1895/1060 733/843/1061
f 652/1880/1059 627/844/1062 799/845/1063 732/842/1060
f 732/842/1060 799/845/1063 800/846/1064 801/847/1065
f 733/843/1061 732/1895/1060 801/1874/1065 802/848/1066
f 806/849/1067 653/850/1068 734/1894/1069 735/852/1070
f 653/1868/1068 629/853/1071 654/854/1072 734/851/1069
f 734/851/1069 654/854/1072 803/855/1073 678/1893/1074
f 678/1893/1074 803/855/1073 618/823/1041 648/1892/1038
f 735/852/1070 734/1894/1069 678/856/1074 679/857/1075
f 679/857/1075 678/856/1074 648/820/1038 617/819/1037
f 803/855/1073 654/854/1072 736/858/1076 737/859/1077
f 618/823/1041 803/855/1073 737/859/1077 649/824/1042
f 654/854/1072 629/853/1071 655/860/1078 736/858/1076
f 736/858/1076 655/860/1078 630/861/1079 656/862/1080
f 737/859/1077 736/858/1076 656/862/1080 804/863/1081
f 649/824/1042 737/859/1077 804/863/1081 628/825/1043
f 808/864/1082 805/865/1083 666/866/1084 657/867/1085
f 805/865/1083 806/849/1067 735/852/1070 666/866/1084
f 666/866/1084 735/852/1070 679/857/1075 738/868/1086
f 738/868/1086 679/857/1075 617/819/1037 729/822/1040
f 657/867/1085 666/866/1084 738/868/1086 807/869/1087
f 807/869/1087 738/868/1086 729/822/1040 794/827/1045
f 809/870/1088 658/871/1089 667/872/1090 741/873/1091
f 798/839/1057 809/870/1088 741/873/1091 731/833/1051
f 810/874/1092 811/875/1093 659/876/1094 739/877/1095
f 658/871/1089 810/874/1092 739/877/1095 667/872/1090
f 667/872/1090 739/877/1095 680/878/1096 740/879/1097
f 739/877/1095 659/876/1094 812/880/1098 680/878/1096
f 680/878/1096 812/880/1098 820/881/1099 688/882/1100
f 740/879/1097 680/878/1096 688/882/1100 748/883/1101
f 731/833/1051 741/873/1091 681/884/1102 676/831/1049
f 741/873/1091 667/872/1090 740/879/1097 681/884/1102
f 681/884/1102 740/879/1097 748/883/1101 691/885/1103
f 676/831/1049 681/884/1102 691/885/1103 619/828/1046
f 621/886/1104 660/887/1105 683/1891/1106 682/889/1107
f 682/889/1107 683/1891/1106 742/1890/1108 743/891/1109
f 660/1869/1105 622/892/1110 813/893/1111 683/888/1106
f 683/888/1106 813/893/1111 661/894/1112 742/890/1108
f 742/890/1108 661/894/1112 814/895/1113 684/1889/1114
f 684/1889/1114 814/895/1113 624/897/1115 662/898/1116
f 743/891/1109 742/1890/1108 684/896/1114 685/899/1117
f 685/899/1117 684/896/1114 662/1884/1116 623/900/1118
f 625/901/1119 815/902/1120 686/903/1121 819/904/1122
f 815/902/1120 663/905/1123 744/906/1124 686/903/1121
f 686/903/1121 744/906/1124 668/907/1125 746/908/1126
f 819/904/1122 686/903/1121 746/908/1126 665/909/1127
f 663/905/1123 631/910/1128 816/911/1129 744/906/1124
f 744/906/1124 816/911/1129 664/912/1130 668/907/1125
f 668/907/1125 664/912/1130 817/913/1131 745/914/1132
f 745/914/1132 817/913/1131 796/837/1055 651/836/1054
f 665/909/1127 746/908/1126 687/915/1133 818/916/1134
f 746/908/1126 668/907/1125 745/914/1132 687/915/1133
f 687/915/1133 745/914/1132 651/836/1054 795/835/1053
f 818/916/1134 687/915/1133 795/835/1053 620/834/1052
f 820/881/1099 821/917/1135 689/1888/1136 688/882/1100
f 688/882/1100 689/1888/1136 747/1887/1137 748/883/1101
f 821/1875/1135 625/901/1119 819/904/1122 689/918/1136
f 689/918/1136 819/904/1122 665/909/1127 747/919/1137
f 747/919/1137 665/909/1127 818/916/1134 690/1886/1138
f 690/1886/1138 818/916/1134 620/834/1052 650/1885/1047
f 748/883/1101 747/1887/1137 690/920/1138 691/885/1103
f 691/885/1103 690/920/1138 650/829/1047 619/828/1046
f 822/921/1139 632/922/1140 669/923/1141 751/924/1142
f 811/875/1093 822/921/1139 751/924/1142 659/876/1094
f 823/925/1143 808/864/1082 657/867/1085 749/926/1144
f 632/922/1140 823/925/1143 749/926/1144 669/923/1141
f 669/923/1141 749/926/1144 692/927/1145 750/928/1146
f 749/926/1144 657/867/1085 807/869/1087 692/927/1145
f 692/927/1145 807/869/1087 794/827/1045 700/929/1147
f 750/928/1146 692/927/1145 700/929/1147 758/930/1148
f 659/876/1094 751/924/1142 693/931/1149 812/880/1098
f 751/924/1142 669/923/1141 750/928/1146 693/931/1149
f 693/931/1149 750/928/1146 758/930/1148 703/932/1150
f 812/880/1098 693/931/1149 703/932/1150 820/881/1099
f 623/900/1118 662/1884/1116 695/1883/1151 694/934/1152
f 694/934/1152 695/1883/1151 752/1882/1153 753/936/1154
f 662/898/1116 624/897/1115 824/937/1155 695/933/1151
f 695/933/1151 824/937/1155 633/938/1156 752/935/1153
f 752/935/1153 633/938/1156 825/939/1157 696/1881/1158
f 696/1881/1158 825/939/1157 627/844/1062 652/1880/1059
f 753/936/1154 752/1882/1153 696/940/1158 697/941/1159
f 697/941/1159 696/940/1158 652/841/1059 626/840/1058
f 628/825/1043 804/863/1081 698/942/1160 829/943/1161
f 804/863/1081 656/862/1080 754/944/1162 698/942/1160
f 698/942/1160 754/944/1162 670/945/1163 756/946/1164
f 829/943/1161 698/942/1160 756/946/1164 635/947/1165
f 656/862/1080 630/861/1079 826/948/1166 754/944/1162
f 754/944/1162 826/948/1166 634/949/1167 670/945/1163
f 670/945/1163 634/949/1167 827/950/1168 755/951/1169
f 755/951/1169 827/950/1168 631/910/1128 663/905/1123
f 635/947/1165 756/946/1164 699/952/1170 828/953/1171
f 756/946/1164 670/945/1163 755/951/1169 699/952/1170
f 699/952/1170 755/951/1169 663/905/1123 815/902/1120
f 828/953/1171 699/952/1170 815/902/1120 625/901/1119
f 794/827/1045 793/1879/1044 701/1878/1172 700/929/1147
f 700/929/1147 701/1878/1172 757/1877/1173 758/930/1148
f 793/826/1044 628/825/1043 829/943/1161 701/954/1172
f 701/954/1172 829/943/1161 635/947/1165 757/955/1173
f 757/955/1173 635/947/1165 828/953/1171 702/1876/1174
f 702/1876/1174 828/953/1171 625/901/1119 821/1875/1135
f 758/930/1148 757/1877/1173 702/956/1174 703/932/1150
f 703/932/1150 702/956/1174 821/917/1135 820/881/1099
f 623/900/1118 830/957/1175 704/958/1176 685/899/1117
f 830/957/1175 636/959/1177 759/960/1178 704/958/1176
f 704/958/1176 759/960/1178 671/961/1179 761/962/1180
f 685/899/1117 704/958/1176 761/962/1180 743/891/1109
f 636/959/1177 843/963/1181 716/964/1182 759/960/1178
f 759/960/1178 716/964/1182 779/965/1183 671/961/1179
f 671/961/1179 779/965/1183 719/966/1184 760/967/1185
f 760/967/1185 719/966/1184 846/968/1186 777/969/1187
f 743/891/1109 761/962/1180 705/970/1188 682/889/1107
f 761/962/1180 671/961/1179 760/967/1185 705/970/1188
f 705/970/1188 760/967/1185 777/969/1187 715/971/1189
f 682/889/1107 705/970/1188 715/971/1189 621/886/1104
f 626/840/1058 831/972/1190 706/973/1191 697/941/1159
f 831/972/1190 637/974/1192 762/975/1193 706/973/1191
f 706/973/1191 762/975/1193 672/976/1194 764/977/1195
f 697/941/1159 706/973/1191 764/977/1195 753/936/1154
f 637/974/1192 847/978/1196 720/979/1197 762/975/1193
f 762/975/1193 720/979/1197 781/980/1198 672/976/1194
f 672/976/1194 781/980/1198 723/981/1199 763/982/1200
f 763/982/1200 723/981/1199 843/963/1181 636/959/1177
f 753/936/1154 764/977/1195 707/983/1201 694/934/1152
f 764/977/1195 672/976/1194 763/982/1200 707/983/1201
f 707/983/1201 763/982/1200 636/959/1177 830/957/1175
f 694/934/1152 707/983/1201 830/957/1175 623/900/1118
f 708/984/1202 768/985/1203 765/986/1204 766/987/1205
f 802/848/1066 708/984/1202 766/987/1205 733/843/1061
f 768/985/1203 832/988/1206 833/989/1207 765/986/1204
f 765/986/1204 833/989/1207 847/978/1196 637/974/1192
f 766/987/1205 765/986/1204 637/974/1192 831/972/1190
f 733/843/1061 766/987/1205 831/972/1190 626/840/1058
f 802/848/1066 801/1874/1065 709/1873/1208 708/984/1202
f 708/984/1202 709/1873/1208 767/1872/1209 768/985/1203
f 801/847/1065 800/846/1064 834/992/1210 709/990/1208
f 709/990/1208 834/992/1210 638/993/1211 767/991/1209
f 767/991/1209 638/993/1211 835/994/1212 639/995/1213
f 768/985/1203 767/1872/1209 639/1866/1213 832/988/1206
f 837/996/1214 640/997/1215 673/998/1216 641/999/1217
f 640/997/1215 835/994/1212 638/993/1211 673/998/1216
f 673/998/1216 638/993/1211 834/992/1210 769/1000/1218
f 769/1000/1218 834/992/1210 800/846/1064 799/845/1063
f 641/999/1217 673/998/1216 769/1000/1218 836/1001/1219
f 836/1001/1219 769/1000/1218 799/845/1063 627/844/1062
f 838/1002/1220 642/1003/1221 674/1004/1222 772/1005/1223
f 841/1006/1224 838/1002/1220 772/1005/1223 643/1007/1225
f 839/1008/1226 837/996/1214 641/999/1217 770/1009/1227
f 642/1003/1221 839/1008/1226 770/1009/1227 674/1004/1222
f 674/1004/1222 770/1009/1227 710/1010/1228 771/1011/1229
f 770/1009/1227 641/999/1217 836/1001/1219 710/1010/1228
f 710/1010/1228 836/1001/1219 627/844/1062 825/939/1157
f 771/1011/1229 710/1010/1228 825/939/1157 633/938/1156
f 643/1007/1225 772/1005/1223 711/1012/1230 840/1013/1231
f 772/1005/1223 674/1004/1222 771/1011/1229 711/1012/1230
f 711/1012/1230 771/1011/1229 633/938/1156 824/937/1155
f 840/1013/1231 711/1012/1230 824/937/1155 624/897/1115
f 724/1014/1232 790/1015/1233 675/1016/1234 775/1017/1235
f 849/1018/1236 724/1014/1232 775/1017/1235 644/1019/1237
f 727/1020/1238 841/1006/1224 643/1007/1225 773/1021/1239
f 790/1015/1233 727/1020/1238 773/1021/1239 675/1016/1234
f 675/1016/1234 773/1021/1239 712/1022/1240 774/1023/1241
f 773/1021/1239 643/1007/1225 840/1013/1231 712/1022/1240
f 712/1022/1240 840/1013/1231 624/897/1115 814/895/1113
f 774/1023/1241 712/1022/1240 814/895/1113 661/894/1112
f 644/1019/1237 775/1017/1235 713/1024/1242 842/1025/1243
f 775/1017/1235 675/1016/1234 774/1023/1241 713/1024/1242
f 713/1024/1242 774/1023/1241 661/894/1112 813/893/1111
f 842/1025/1243 713/1024/1242 813/893/1111 622/892/1110
f 846/968/1186 792/1865/1244 776/1871/1245 777/969/1187
f 792/1026/1244 849/1018/1236 644/1019/1237 776/1027/1245
f 776/1027/1245 644/1019/1237 842/1025/1243 714/1870/1246
f 714/1870/1246 842/1025/1243 622/892/1110 660/1869/1105
f 777/969/1187 776/1871/1245 714/1028/1246 715/971/1189
f 715/971/1189 714/1028/1246 660/887/1105 621/886/1104
f 843/963/1181 844/1029/1247 717/1030/1248 716/964/1182
f 716/964/1182 717/1030/1248 778/1031/1249 779/965/1183
f 844/1029/1247 811/875/1093 810/874/1092 717/1030/1248
f 717/1030/1248 810/874/1092 658/871/1089 778/1031/1249
f 778/1031/1249 658/871/1089 809/870/1088 718/1032/1250
f 718/1032/1250 809/870/1088 798/839/1057 845/1033/1251
f 779/965/1183 778/1031/1249 718/1032/1250 719/966/1184
f 719/966/1184 718/1032/1250 845/1033/1251 846/968/1186
f 847/978/1196 848/1034/1252 721/1035/1253 720/979/1197
f 720/979/1197 721/1035/1253 780/1036/1254 781/980/1198
f 848/1034/1252 808/864/1082 823/925/1143 721/1035/1253
f 721/1035/1253 823/925/1143 632/922/1140 780/1036/1254
f 780/1036/1254 632/922/1140 822/921/1139 722/1037/1255
f 722/1037/1255 822/921/1139 811/875/1093 844/1029/1247
f 781/980/1198 780/1036/1254 722/1037/1255 723/981/1199
f 723/981/1199 722/1037/1255 844/1029/1247 843/963/1181
f 806/849/1067 805/865/1083 782/1038/1256 783/1039/1257
f 805/865/1083 808/864/1082 848/1034/1252 782/1038/1256
f 782/1038/1256 848/1034/1252 847/978/1196 833/989/1207
f 783/1039/1257 782/1038/1256 833/989/1207 832/988/1206
f 629/853/1071 653/1868/1068 784/1867/1258 645/1041/1259
f 653/850/1068 806/849/1067 783/1039/1257 784/1040/1258
f 784/1040/1258 783/1039/1257 832/988/1206 639/1866/1213
f 645/1041/1259 784/1867/1258 639/995/1213 835/994/1212
f 630/861/1079 655/860/1078 785/1042/1260 646/1043/1261
f 655/860/1078 629/853/1071 645/1041/1259 785/1042/1260
f 785/1042/1260 645/1041/1259 835/994/1212 640/997/1215
f 646/1043/1261 785/1042/1260 640/997/1215 837/996/1214
f 631/910/1128 827/950/1168 788/1044/1262 647/1045/1263
f 827/950/1168 634/949/1167 786/1046/1264 788/1044/1262
f 634/949/1167 826/948/1166 787/1047/1265 786/1046/1264
f 826/948/1166 630/861/1079 646/1043/1261 787/1047/1265
f 786/1046/1264 787/1047/1265 839/1008/1226 642/1003/1221
f 787/1047/1265 646/1043/1261 837/996/1214 839/1008/1226
f 647/1045/1263 788/1044/1262 838/1002/1220 841/1006/1224
f 788/1044/1262 786/1046/1264 642/1003/1221 838/1002/1220
f 849/1018/1236 850/1048/1266 725/1049/1267 724/1014/1232
f 724/1014/1232 725/1049/1267 789/1050/1268 790/1015/1233
f 850/1048/1266 796/837/1055 817/913/1131 725/1049/1267
f 725/1049/1267 817/913/1131 664/912/1130 789/1050/1268
f 789/1050/1268 664/912/1130 816/911/1129 726/1051/1269
f 726/1051/1269 816/911/1129 631/910/1128 647/1045/1263
f 790/1015/1233 789/1050/1268 726/1051/1269 727/1020/1238
f 727/1020/1238 726/1051/1269 647/1045/1263 841/1006/1224
f 846/968/1186 845/1033/1251 791/1864/1270 792/1865/1244
f 845/1033/1251 798/839/1057 797/1863/1056 791/1864/1270
f 791/1052/1270 797/838/1056 796/837/1055 850/1048/1266
f 792/1026/1244 791/1052/1270 850/1048/1266 849/1018/1236
s 15
f 851/1053/1271 882/1054/1272 962/1862/1273 963/1056/1274
f 882/1856/1272 852/1057/1275 883/1058/1276 962/1055/1273
f 962/1055/1273 883/1058/1276 862/1059/1277 1027/1060/1278
f 963/1056/1274 962/1862/1273 1027/1843/1278 1028/1061/1279
f 853/1062/1280 884/1063/1281 911/1861/1282 910/1065/1283
f 910/1065/1283 911/1861/1282 964/1860/1284 965/1067/1285
f 884/1849/1281 854/1068/1286 1029/1069/1287 911/1064/1282
f 911/1064/1282 1029/1069/1287 885/1070/1288 964/1066/1284
f 964/1066/1284 885/1070/1288 1030/1071/1289 1031/1072/1290
f 965/1067/1285 964/1860/1284 1031/1827/1290 1032/1073/1291
f 860/1074/1292 886/1075/1293 966/1859/1294 967/1077/1295
f 886/1844/1293 861/1078/1296 1033/1079/1297 966/1076/1294
f 966/1076/1294 1033/1079/1297 1034/1080/1298 1035/1081/1299
f 967/1077/1295 966/1859/1294 1035/1838/1299 1036/1082/1300
f 1040/1083/1301 887/1084/1302 968/1858/1303 969/1086/1304
f 887/1832/1302 863/1087/1305 888/1088/1306 968/1085/1303
f 968/1085/1303 888/1088/1306 1037/1089/1307 912/1857/1308
f 912/1857/1308 1037/1089/1307 852/1057/1275 882/1856/1272
f 969/1086/1304 968/1858/1303 912/1090/1308 913/1091/1309
f 913/1091/1309 912/1090/1308 882/1054/1272 851/1053/1271
f 1037/1089/1307 888/1088/1306 970/1092/1310 971/1093/1311
f 852/1057/1275 1037/1089/1307 971/1093/1311 883/1058/1276
f 888/1088/1306 863/1087/1305 889/1094/1312 970/1092/1310
f 970/1092/1310 889/1094/1312 864/1095/1313 890/1096/1314
f 971/1093/1311 970/1092/1310 890/1096/1314 1038/1097/1315
f 883/1058/1276 971/1093/1311 1038/1097/1315 862/1059/1277
f 1042/1098/1316 1039/1099/1317 900/1100/1318 891/1101/1319
f 1039/1099/1317 1040/1083/1301 969/1086/1304 900/1100/1318
f 900/1100/1318 969/1086/1304 913/1091/1309 972/1102/1320
f 972/1102/1320 913/1091/1309 851/1053/1271 963/1056/1274
f 891/1101/1319 900/1100/1318 972/1102/1320 1041/1103/1321
f 1041/1103/1321 972/1102/1320 963/1056/1274 1028/1061/1279
f 1043/1104/1322 892/1105/1323 901/1106/1324 975/1107/1325
f 1032/1073/1291 1043/1104/1322 975/1107/1325 965/1067/1285
f 1044/1108/1326 1045/1109/1327 893/1110/1328 973/1111/1329
f 892/1105/1323 1044/1108/1326 973/1111/1329 901/1106/1324
f 901/1106/1324 973/1111/1329 914/1112/1330 974/1113/1331
f 973/1111/1329 893/1110/1328 1046/1114/1332 914/1112/1330
f 914/1112/1330 1046/1114/1332 1054/1115/1333 922/1116/1334
f 974/1113/1331 914/1112/1330 922/1116/1334 982/1117/1335
f 965/1067/1285 975/1107/1325 915/1118/1336 910/1065/1283
f 975/1107/1325 901/1106/1324 974/1113/1331 915/1118/1336
f 915/1118/1336 974/1113/1331 982/1117/1335 925/1119/1337
f 910/1065/1283 915/1118/1336 925/1119/1337 853/1062/1280
f 855/1120/1338 894/1121/1339 917/1855/1340 916/1123/1341
f 916/1123/1341 917/1855/1340 976/1854/1342 977/1125/1343
f 894/1833/1339 856/1126/1344 1047/1127/1345 917/1122/1340
f 917/1122/1340 1047/1127/1345 895/1128/1346 976/1124/1342
f 976/1124/1342 895/1128/1346 1048/1129/1347 918/1853/1348
f 918/1853/1348 1048/1129/1347 858/1131/1349 896/1132/1350
f 977/1125/1343 976/1854/1342 918/1130/1348 919/1133/1351
f 919/1133/1351 918/1130/1348 896/1848/1350 857/1134/1352
f 859/1135/1353 1049/1136/1354 920/1137/1355 1053/1138/1356
f 1049/1136/1354 897/1139/1357 978/1140/1358 920/1137/1355
f 920/1137/1355 978/1140/1358 902/1141/1359 980/1142/1360
f 1053/1138/1356 920/1137/1355 980/1142/1360 899/1143/1361
f 897/1139/1357 865/1144/1362 1050/1145/1363 978/1140/1358
f 978/1140/1358 1050/1145/1363 898/1146/1364 902/1141/1359
f 902/1141/1359 898/1146/1364 1051/1147/1365 979/1148/1366
f 979/1148/1366 1051/1147/1365 1030/1071/1289 885/1070/1288
f 899/1143/1361 980/1142/1360 921/1149/1367 1052/1150/1368
f 980/1142/1360 902/1141/1359 979/1148/1366 921/1149/1367
f 921/1149/1367 979/1148/1366 885/1070/1288 1029/1069/1287
f 1052/1150/1368 921/1149/1367 1029/1069/1287 854/1068/1286
f 1054/1115/1333 1055/1151/1369 923/1852/1370 922/1116/1334
f 922/1116/1334 923/1852/1370 981/1851/1371 982/1117/1335
f 1055/1839/1369 859/1135/1353 1053/1138/1356 923/1152/1370
f 923/1152/1370 1053/1138/1356 899/1143/1361 981/1153/1371
f 981/1153/1371 899/1143/1361 1052/1150/1368 924/1850/1372
f 924/1850/1372 1052/1150/1368 854/1068/1286 884/1849/1281
f 982/1117/1335 981/1851/1371 924/1154/1372 925/1119/1337
f 925/1119/1337 924/1154/1372 884/1063/1281 853/1062/1280
f 1056/1155/1373 866/1156/1374 903/1157/1375 985/1158/1376
f 1045/1109/1327 1056/1155/1373 985/1158/1376 893/1110/1328
f 1057/1159/1377 1042/1098/1316 891/1101/1319 983/1160/1378
f 866/1156/1374 1057/1159/1377 983/1160/1378 903/1157/1375
f 903/1157/1375 983/1160/1378 926/1161/1379 984/1162/1380
f 983/1160/1378 891/1101/1319 1041/1103/1321 926/1161/1379
f 926/1161/1379 1041/1103/1321 1028/1061/1279 934/1163/1381
f 984/1162/1380 926/1161/1379 934/1163/1381 992/1164/1382
f 893/1110/1328 985/1158/1376 927/1165/1383 1046/1114/1332
f 985/1158/1376 903/1157/1375 984/1162/1380 927/1165/1383
f 927/1165/1383 984/1162/1380 992/1164/1382 937/1166/1384
f 1046/1114/1332 927/1165/1383 937/1166/1384 1054/1115/1333
f 857/1134/1352 896/1848/1350 929/1847/1385 928/1168/1386
f 928/1168/1386 929/1847/1385 986/1846/1387 987/1170/1388
f 896/1132/1350 858/1131/1349 1058/1171/1389 929/1167/1385
f 929/1167/1385 1058/1171/1389 867/1172/1390 986/1169/1387
f 986/1169/1387 867/1172/1390 1059/1173/1391 930/1845/1392
f 930/1845/1392 1059/1173/1391 861/1078/1296 886/1844/1293
f 987/1170/1388 986/1846/1387 930/1174/1392 931/1175/1393
f 931/1175/1393 930/1174/1392 886/1075/1293 860/1074/1292
f 862/1059/1277 1038/1097/1315 932/1176/1394 1063/1177/1395
f 1038/1097/1315 890/1096/1314 988/1178/1396 932/1176/1394
f 932/1176/1394 988/1178/1396 904/1179/1397 990/1180/1398
f 1063/1177/1395 932/1176/1394 990/1180/1398 869/1181/1399
f 890/1096/1314 864/1095/1313 1060/1182/1400 988/1178/1396
f 988/1178/1396 1060/1182/1400 868/1183/1401 904/1179/1397
f 904/1179/1397 868/1183/1401 1061/1184/1402 989/1185/1403
f 989/1185/1403 1061/1184/1402 865/1144/1362 897/1139/1357
f 869/1181/1399 990/1180/1398 933/1186/1404 1062/1187/1405
f 990/1180/1398 904/1179/1397 989/1185/1403 933/1186/1404
f 933/1186/1404 989/1185/1403 897/1139/1357 1049/1136/1354
f 1062/1187/1405 933/1186/1404 1049/1136/1354 859/1135/1353
f 1028/1061/1279 1027/1843/1278 935/1842/1406 934/1163/1381
f 934/1163/1381 935/1842/1406 991/1841/1407 992/1164/1382
f 1027/1060/1278 862/1059/1277 1063/1177/1395 935/1188/1406
f 935/1188/1406 1063/1177/1395 869/1181/1399 991/1189/1407
f 991/1189/1407 869/1181/1399 1062/1187/1405 936/1840/1408
f 936/1840/1408 1062/1187/1405 859/1135/1353 1055/1839/1369
f 992/1164/1382 991/1841/1407 936/1190/1408 937/1166/1384
f 937/1166/1384 936/1190/1408 1055/1151/1369 1054/1115/1333
f 857/1134/1352 1064/1191/1409 938/1192/1410 919/1133/1351
f 1064/1191/1409 870/1193/1411 993/1194/1412 938/1192/1410
f 938/1192/1410 993/1194/1412 905/1195/1413 995/1196/1414
f 919/1133/1351 938/1192/1410 995/1196/1414 977/1125/1343
f 870/1193/1411 1077/1197/1415 950/1198/1416 993/1194/1412
f 993/1194/1412 950/1198/1416 1013/1199/1417 905/1195/1413
f 905/1195/1413 1013/1199/1417 953/1200/1418 994/1201/1419
f 994/1201/1419 953/1200/1418 1080/1202/1420 1011/1203/1421
f 977/1125/1343 995/1196/1414 939/1204/1422 916/1123/1341
f 995/1196/1414 905/1195/1413 994/1201/1419 939/1204/1422
f 939/1204/1422 994/1201/1419 1011/1203/1421 949/1205/1423
f 916/1123/1341 939/1204/1422 949/1205/1423 855/1120/1338
f 860/1074/1292 1065/1206/1424 940/1207/1425 931/1175/1393
f 1065/1206/1424 871/1208/1426 996/1209/1427 940/1207/1425
f 940/1207/1425 996/1209/1427 906/1210/1428 998/1211/1429
f 931/1175/1393 940/1207/1425 998/1211/1429 987/1170/1388
f 871/1208/1426 1081/1212/1430 954/1213/1431 996/1209/1427
f 996/1209/1427 954/1213/1431 1015/1214/1432 906/1210/1428
f 906/1210/1428 1015/1214/1432 957/1215/1433 997/1216/1434
f 997/1216/1434 957/1215/1433 1077/1197/1415 870/1193/1411
f 987/1170/1388 998/1211/1429 941/1217/1435 928/1168/1386
f 998/1211/1429 906/1210/1428 997/1216/1434 941/1217/1435
f 941/1217/1435 997/1216/1434 870/1193/1411 1064/1191/1409
f 928/1168/1386 941/1217/1435 1064/1191/1409 857/1134/1352
f 942/1218/1436 1002/1219/1437 999/1220/1438 1000/1221/1439
f 1036/1082/1300 942/1218/1436 1000/1221/1439 967/1077/1295
f 1002/1219/1437 1066/1222/1440 1067/1223/1441 999/1220/1438
f 999/1220/1438 1067/1223/1441 1081/1212/1430 871/1208/1426
f 1000/1221/1439 999/1220/1438 871/1208/1426 1065/1206/1424
f 967/1077/1295 1000/1221/1439 1065/1206/1424 860/1074/1292
f 1036/1082/1300 1035/1838/1299 943/1837/1442 942/1218/1436
f 942/1218/1436 943/1837/1442 1001/1836/1443 1002/1219/1437
f 1035/1081/1299 1034/1080/1298 1068/1226/1444 943/1224/1442
f 943/1224/1442 1068/1226/1444 872/1227/1445 1001/1225/1443
f 1001/1225/1443 872/1227/1445 1069/1228/1446 873/1229/1447
f 1002/1219/1437 1001/1836/1443 873/1830/1447 1066/1222/1440
f 1071/1230/1448 874/1231/1449 907/1232/1450 875/1233/1451
f 874/1231/1449 1069/1228/1446 872/1227/1445 907/1232/1450
f 907/1232/1450 872/1227/1445 1068/1226/1444 1003/1234/1452
f 1003/1234/1452 1068/1226/1444 1034/1080/1298 1033/1079/1297
f 875/1233/1451 907/1232/1450 1003/1234/1452 1070/1235/1453
f 1070/1235/1453 1003/1234/1452 1033/1079/1297 861/1078/1296
f 1072/1236/1454 876/1237/1455 908/1238/1456 1006/1239/1457
f 1075/1240/1458 1072/1236/1454 1006/1239/1457 877/1241/1459
f 1073/1242/1460 1071/1230/1448 875/1233/1451 1004/1243/1461
f 876/1237/1455 1073/1242/1460 1004/1243/1461 908/1238/1456
f 908/1238/1456 1004/1243/1461 944/1244/1462 1005/1245/1463
f 1004/1243/1461 875/1233/1451 1070/1235/1453 944/1244/1462
f 944/1244/1462 1070/1235/1453 861/1078/1296 1059/1173/1391
f 1005/1245/1463 944/1244/1462 1059/1173/1391 867/1172/1390
f 877/1241/1459 1006/1239/1457 945/1246/1464 1074/1247/1465
f 1006/1239/1457 908/1238/1456 1005/1245/1463 945/1246/1464
f 945/1246/1464 1005/1245/1463 867/1172/1390 1058/1171/1389
f 1074/1247/1465 945/1246/1464 1058/1171/1389 858/1131/1349
f 958/1248/1466 1024/1249/1467 909/1250/1468 1009/1251/1469
f 1083/1252/1470 958/1248/1466 1009/1251/1469 878/1253/1471
f 961/1254/1472 1075/1240/1458 877/1241/1459 1007/1255/1473
f 1024/1249/1467 961/1254/1472 1007/1255/1473 909/1250/1468
f 909/1250/1468 1007/1255/1473 946/1256/1474 1008/1257/1475
f 1007/1255/1473 877/1241/1459 1074/1247/1465 946/1256/1474
f 946/1256/1474 1074/1247/1465 858/1131/1349 1048/1129/1347
f 1008/1257/1475 946/1256/1474 1048/1129/1347 895/1128/1346
f 878/1253/1471 1009/1251/1469 947/1258/1476 1076/1259/1477
f 1009/1251/1469 909/1250/1468 1008/1257/1475 947/1258/1476
f 947/1258/1476 1008/1257/1475 895/1128/1346 1047/1127/1345
f 1076/1259/1477 947/1258/1476 1047/1127/1345 856/1126/1344
f 1080/1202/1420 1026/1829/1478 1010/1835/1479 1011/1203/1421
f 1026/1260/1478 1083/1252/1470 878/1253/1471 1010/1261/1479
f 1010/1261/1479 878/1253/1471 1076/1259/1477 948/1834/1480
f 948/1834/1480 1076/1259/1477 856/1126/1344 894/1833/1339
f 1011/1203/1421 1010/1835/1479 948/1262/1480 949/1205/1423
f 949/1205/1423 948/1262/1480 894/1121/1339 855/1120/1338
f 1077/1197/1415 1078/1263/1481 951/1264/1482 950/1198/1416
f 950/1198/1416 951/1264/1482 1012/1265/1483 1013/1199/1417
f 1078/1263/1481 1045/1109/1327 1044/1108/1326 951/1264/1482
f 951/1264/1482 1044/1108/1326 892/1105/1323 1012/1265/1483
f 1012/1265/1483 892/1105/1323 1043/1104/1322 952/1266/1484
f 952/1266/1484 1043/1104/1322 1032/1073/1291 1079/1267/1485
f 1013/1199/1417 1012/1265/1483 952/1266/1484 953/1200/1418
f 953/1200/1418 952/1266/1484 1079/1267/1485 1080/1202/1420
f 1081/1212/1430 1082/1268/1486 955/1269/1487 954/1213/1431
f 954/1213/1431 955/1269/1487 1014/1270/1488 1015/1214/1432
f 1082/1268/1486 1042/1098/1316 1057/1159/1377 955/1269/1487
f 955/1269/1487 1057/1159/1377 866/1156/1374 1014/1270/1488
f 1014/1270/1488 866/1156/1374 1056/1155/1373 956/1271/1489
f 956/1271/1489 1056/1155/1373 1045/1109/1327 1078/1263/1481
f 1015/1214/1432 1014/1270/1488 956/1271/1489 957/1215/1433
f 957/1215/1433 956/1271/1489 1078/1263/1481 1077/1197/1415
f 1040/1083/1301 1039/1099/1317 1016/1272/1490 1017/1273/1491
f 1039/1099/1317 1042/1098/1316 1082/1268/1486 1016/1272/1490
f 1016/1272/1490 1082/1268/1486 1081/1212/1430 1067/1223/1441
f 1017/1273/1491 1016/1272/1490 1067/1223/1441 1066/1222/1440
f 863/1087/1305 887/1832/1302 1018/1831/1492 879/1275/1493
f 887/1084/1302 1040/1083/1301 1017/1273/1491 1018/1274/1492
f 1018/1274/1492 1017/1273/1491 1066/1222/1440 873/1830/1447
f 879/1275/1493 1018/1831/1492 873/1229/1447 1069/1228/1446
f 864/1095/1313 889/1094/1312 1019/1276/1494 880/1277/1495
f 889/1094/1312 863/1087/1305 879/1275/1493 1019/1276/1494
f 1019/1276/1494 879/1275/1493 1069/1228/1446 874/1231/1449
f 880/1277/1495 1019/1276/1494 874/1231/1449 1071/1230/1448
f 865/1144/1362 1061/1184/1402 1022/1278/1496 881/1279/1497
f 1061/1184/1402 868/1183/1401 1020/1280/1498 1022/1278/1496
f 868/1183/1401 1060/1182/1400 1021/1281/1499 1020/1280/1498
f 1060/1182/1400 864/1095/1313 880/1277/1495 1021/1281/1499
f 1020/1280/1498 1021/1281/1499 1073/1242/1460 876/1237/1455
f 1021/1281/1499 880/1277/1495 1071/1230/1448 1073/1242/1460
f 881/1279/1497 1022/1278/1496 1072/1236/1454 1075/1240/1458
f 1022/1278/1496 1020/1280/1498 876/1237/1455 1072/1236/1454
f 1083/1252/1470 1084/1282/1500 959/1283/1501 958/1248/1466
f 958/1248/1466 959/1283/1501 1023/1284/1502 1024/1249/1467
f 1084/1282/1500 1030/1071/1289 1051/1147/1365 959/1283/1501
f 959/1283/1501 1051/1147/1365 898/1146/1364 1023/1284/1502
f 1023/1284/1502 898/1146/1364 1050/1145/1363 960/1285/1503
f 960/1285/1503 1050/1145/1363 865/1144/1362 881/1279/1497
f 1024/1249/1467 1023/1284/1502 960/1285/1503 961/1254/1472
f 961/1254/1472 960/1285/1503 881/1279/1497 1075/1240/1458
f 1080/1202/1420 1079/1267/1485 1025/1828/1504 1026/1829/1478
f 1079/1267/1485 1032/1073/1291 1031/1827/1290 1025/1828/1504
f 1025/1286/1504 1031/1072/1290 1030/1071/1289 1084/1282/1500
f 1026/1260/1478 1025/1286/1504 1084/1282/1500 1083/1252/1470
s 29
f 1085/1287/1505 1116/1288/1506 1196/1790/1507 1197/1290/1508
f 1116/1784/1506 1086/1291/1509 1117/1292/1510 1196/1289/1507
f 1196/1289/1507 1117/1292/1510 1096/1293/1511 1261/1294/1512
f 1197/1290/1508 1196/1790/1507 1261/1771/1512 1262/1295/1513
f 1087/1296/1514 1118/1297/1515 1145/1789/1516 1144/1299/1517
f 1144/1299/1517 1145/1789/1516 1198/1788/1518 1199/1301/1519
f 1118/1777/1515 1088/1302/1520 1263/1303/1521 1145/1298/1516
f 1145/1298/1516 1263/1303/1521 1119/1304/1522 1198/1300/1518
f 1198/1300/1518 1119/1304/1522 1264/1305/1523 1265/1306/1524
f 1199/1301/1519 1198/1788/1518 1265/1755/1524 1266/1307/1525
f 1094/1308/1526 1120/1309/1527 1200/1787/1528 1201/1311/1529
f 1120/1772/1527 1095/1312/1530 1267/1313/1531 1200/1310/1528
f 1200/1310/1528 1267/1313/1531 1268/1314/1532 1269/1315/1533
f 1201/1311/1529 1200/1787/1528 1269/1766/1533 1270/1316/1534
f 1274/1317/1535 1121/1318/1536 1202/1786/1537 1203/1320/1538
f 1121/1760/1536 1097/1321/1539 1122/1322/1540 1202/1319/1537
f 1202/1319/1537 1122/1322/1540 1271/1323/1541 1146/1785/1542
f 1146/1785/1542 1271/1323/1541 1086/1291/1509 1116/1784/1506
f 1203/1320/1538 1202/1786/1537 1146/1324/1542 1147/1325/1543
f 1147/1325/1543 1146/1324/1542 1116/1288/1506 1085/1287/1505
f 1271/1323/1541 1122/1322/1540 1204/1326/1544 1205/1327/1545
f 1086/1291/1509 1271/1323/1541 1205/1327/1545 1117/1292/1510
f 1122/1322/1540 1097/1321/1539 1123/1328/1546 1204/1326/1544
f 1204/1326/1544 1123/1328/1546 1098/1329/1547 1124/1330/1548
f 1205/1327/1545 1204/1326/1544 1124/1330/1548 1272/1331/1549
f 1117/1292/1510 1205/1327/1545 1272/1331/1549 1096/1293/1511
f 1276/1332/1550 1273/1333/1551 1134/1334/1552 1125/1335/1553
f 1273/1333/1551 1274/1317/1535 1203/1320/1538 1134/1334/1552
f 1134/1334/1552 1203/1320/1538 1147/1325/1543 1206/1336/1554
f 1206/1336/1554 1147/1325/1543 1085/1287/1505 1197/1290/1508
f 1125/1335/1553 1134/1334/1552 1206/1336/1554 1275/1337/1555
f 1275/1337/1555 1206/1336/1554 1197/1290/1508 1262/1295/1513
f 1277/1338/1556 1126/1339/1557 1135/1340/1558 1209/1341/1559
f 1266/1307/1525 1277/1338/1556 1209/1341/1559 1199/1301/1519
f 1278/1342/1560 1279/1343/1561 1127/1344/1562 1207/1345/1563
f 1126/1339/1557 1278/1342/1560 1207/1345/1563 1135/1340/1558
f 1135/1340/1558 1207/1345/1563 1148/1346/1564 1208/1347/1565
f 1207/1345/1563 1127/1344/1562 1280/1348/1566 1148/1346/1564
f 1148/1346/1564 1280/1348/1566 1288/1349/1567 1156/1350/1568
f 1208/1347/1565 1148/1346/1564 1156/1350/1568 1216/1351/1569
f 1199/1301/1519 1209/1341/1559 1149/1352/1570 1144/1299/1517
f 1209/1341/1559 1135/1340/1558 1208/1347/1565 1149/1352/1570
f 1149/1352/1570 1208/1347/1565 1216/1351/1569 1159/1353/1571
f 1144/1299/1517 1149/1352/1570 1159/1353/1571 1087/1296/1514
f 1089/1354/1572 1128/1355/1573 1151/1783/1574 1150/1357/1575
f 1150/1357/1575 1151/1783/1574 1210/1782/1576 1211/1359/1577
f 1128/1761/1573 1090/1360/1578 1281/1361/1579 1151/1356/1574
f 1151/1356/1574 1281/1361/1579 1129/1362/1580 1210/1358/1576
f 1210/1358/1576 1129/1362/1580 1282/1363/1581 1152/1781/1582
f 1152/1781/1582 1282/1363/1581 1092/1365/1583 1130/1366/1584
f 1211/1359/1577 1210/1782/1576 1152/1364/1582 1153/1367/1585
f 1153/1367/1585 1152/1364/1582 1130/1776/1584 1091/1368/1586
f 1093/1369/1587 1283/1370/1588 1154/1371/1589 1287/1372/1590
f 1283/1370/1588 1131/1373/1591 1212/1374/1592 1154/1371/1589
f 1154/1371/1589 1212/1374/1592 1136/1375/1593 1214/1376/1594
f 1287/1372/1590 1154/1371/1589 1214/1376/1594 1133/1377/1595
f 1131/1373/1591 1099/1378/1596 1284/1379/1597 1212/1374/1592
f 1212/1374/1592 1284/1379/1597 1132/1380/1598 1136/1375/1593
f 1136/1375/1593 1132/1380/1598 1285/1381/1599 1213/1382/1600
f 1213/1382/1600 1285/1381/1599 1264/1305/1523 1119/1304/1522
f 1133/1377/1595 1214/1376/1594 1155/1383/1601 1286/1384/1602
f 1214/1376/1594 1136/1375/1593 1213/1382/1600 1155/1383/1601
f 1155/1383/1601 1213/1382/1600 1119/1304/1522 1263/1303/1521
f 1286/1384/1602 1155/1383/1601 1263/1303/1521 1088/1302/1520
f 1288/1349/1567 1289/1385/1603 1157/1780/1604 1156/1350/1568
f 1156/1350/1568 1157/1780/1604 1215/1779/1605 1216/1351/1569
f 1289/1767/1603 1093/1369/1587 1287/1372/1590 1157/1386/1604
f 1157/1386/1604 1287/1372/1590 1133/1377/1595 1215/1387/1605
f 1215/1387/1605 1133/1377/1595 1286/1384/1602 1158/1778/1606
f 1158/1778/1606 1286/1384/1602 1088/1302/1520 1118/1777/1515
f 1216/1351/1569 1215/1779/1605 1158/1388/1606 1159/1353/1571
f 1159/1353/1571 1158/1388/1606 1118/1297/1515 1087/1296/1514
f 1290/1389/1607 1100/1390/1608 1137/1391/1609 1219/1392/1610
f 1279/1343/1561 1290/1389/1607 1219/1392/1610 1127/1344/1562
f 1291/1393/1611 1276/1332/1550 1125/1335/1553 1217/1394/1612
f 1100/1390/1608 1291/1393/1611 1217/1394/1612 1137/1391/1609
f 1137/1391/1609 1217/1394/1612 1160/1395/1613 1218/1396/1614
f 1217/1394/1612 1125/1335/1553 1275/1337/1555 1160/1395/1613
f 1160/1395/1613 1275/1337/1555 1262/1295/1513 1168/1397/1615
f 1218/1396/1614 1160/1395/1613 1168/1397/1615 1226/1398/1616
f 1127/1344/1562 1219/1392/1610 1161/1399/1617 1280/1348/1566
f 1219/1392/1610 1137/1391/1609 1218/1396/1614 1161/1399/1617
f 1161/1399/1617 1218/1396/1614 1226/1398/1616 1171/1400/1618
f 1280/1348/1566 1161/1399/1617 1171/1400/1618 1288/1349/1567
f 1091/1368/1586 1130/1776/1584 1163/1775/1619 1162/1402/1620
f 1162/1402/1620 1163/1775/1619 1220/1774/1621 1221/1404/1622
f 1130/1366/1584 1092/1365/1583 1292/1405/1623 1163/1401/1619
f 1163/1401/1619 1292/1405/1623 1101/1406/1624 1220/1403/1621
f 1220/1403/1621 1101/1406/1624 1293/1407/1625 1164/1773/1626
f 1164/1773/1626 1293/1407/1625 1095/1312/1530 1120/1772/1527
f 1221/1404/1622 1220/1774/1621 1164/1408/1626 1165/1409/1627
f 1165/1409/1627 1164/1408/1626 1120/1309/1527 1094/1308/1526
f 1096/1293/1511 1272/1331/1549 1166/1410/1628 1297/1411/1629
f 1272/1331/1549 1124/1330/1548 1222/1412/1630 1166/1410/1628
f 1166/1410/1628 1222/1412/1630 1138/1413/1631 1224/1414/1632
f 1297/1411/1629 1166/1410/1628 1224/1414/1632 1103/1415/1633
f 1124/1330/1548 1098/1329/1547 1294/1416/1634 1222/1412/1630
f 1222/1412/1630 1294/1416/1634 1102/1417/1635 1138/1413/1631
f 1138/1413/1631 1102/1417/1635 1295/1418/1636 1223/1419/1637
f 1223/1419/1637 1295/1418/1636 1099/1378/1596 1131/1373/1591
f 1103/1415/1633 1224/1414/1632 1167/1420/1638 1296/1421/1639
f 1224/1414/1632 1138/1413/1631 1223/1419/1637 1167/1420/1638
f 1167/1420/1638 1223/1419/1637 1131/1373/1591 1283/1370/1588
f 1296/1421/1639 1167/1420/1638 1283/1370/1588 1093/1369/1587
f 1262/1295/1513 1261/1771/1512 1169/1770/1640 1168/1397/1615
f 1168/1397/1615 1169/1770/1640 1225/1769/1641 1226/1398/1616
f 1261/1294/1512 1096/1293/1511 1297/1411/1629 1169/1422/1640
f 1169/1422/1640 1297/1411/1629 1103/1415/1633 1225/1423/1641
f 1225/1423/1641 1103/1415/1633 1296/1421/1639 1170/1768/1642
f 1170/1768/1642 1296/1421/1639 1093/1369/1587 1289/1767/1603
f 1226/1398/1616 1225/1769/1641 1170/1424/1642 1171/1400/1618
f 1171/1400/1618 1170/1424/1642 1289/1385/1603 1288/1349/1567
f 1091/1368/1586 1298/1425/1643 1172/1426/1644 1153/1367/1585
f 1298/1425/1643 1104/1427/1645 1227/1428/1646 1172/1426/1644
f 1172/1426/1644 1227/1428/1646 1139/1429/1647 1229/1430/1648
f 1153/1367/1585 1172/1426/1644 1229/1430/1648 1211/1359/1577
f 1104/1427/1645 1311/1431/1649 1184/1432/1650 1227/1428/1646
f 1227/1428/1646 1184/1432/1650 1247/1433/1651 1139/1429/1647
f 1139/1429/1647 1247/1433/1651 1187/1434/1652 1228/1435/1653
f 1228/1435/1653 1187/1434/1652 1314/1436/1654 1245/1437/1655
f 1211/1359/1577 1229/1430/1648 1173/1438/1656 1150/1357/1575
f 1229/1430/1648 1139/1429/1647 1228/1435/1653 1173/1438/1656
f 1173/1438/1656 1228/1435/1653 1245/1437/1655 1183/1439/1657
f 1150/1357/1575 1173/1438/1656 1183/1439/1657 1089/1354/1572
f 1094/1308/1526 1299/1440/1658 1174/1441/1659 1165/1409/1627
f 1299/1440/1658 1105/1442/1660 1230/1443/1661 1174/1441/1659
f 1174/1441/1659 1230/1443/1661 1140/1444/1662 1232/1445/1663
f 1165/1409/1627 1174/1441/1659 1232/1445/1663 1221/1404/1622
f 1105/1442/1660 1315/1446/1664 1188/1447/1665 1230/1443/1661
f 1230/1443/1661 1188/1447/1665 1249/1448/1666 1140/1444/1662
f 1140/1444/1662 1249/1448/1666 1191/1449/1667 1231/1450/1668
f 1231/1450/1668 1191/1449/1667 1311/1431/1649 1104/1427/1645
f 1221/1404/1622 1232/1445/1663 1175/1451/1669 1162/1402/1620
f 1232/1445/1663 1140/1444/1662 1231/1450/1668 1175/1451/1669
f 1175/1451/1669 1231/1450/1668 1104/1427/1645 1298/1425/1643
f 1162/1402/1620 1175/1451/1669 1298/1425/1643 1091/1368/1586
f 1176/1452/1670 1236/1453/1671 1233/1454/1672 1234/1455/1673
f 1270/1316/1534 1176/1452/1670 1234/1455/1673 1201/1311/1529
f 1236/1453/1671 1300/1456/1674 1301/1457/1675 1233/1454/1672
f 1233/1454/1672 1301/1457/1675 1315/1446/1664 1105/1442/1660
f 1234/1455/1673 1233/1454/1672 1105/1442/1660 1299/1440/1658
f 1201/1311/1529 1234/1455/1673 1299/1440/1658 1094/1308/1526
f 1270/1316/1534 1269/1766/1533 1177/1765/1676 1176/1452/1670
f 1176/1452/1670 1177/1765/1676 1235/1764/1677 1236/1453/1671
f 1269/1315/1533 1268/1314/1532 1302/1460/1678 1177/1458/1676
f 1177/1458/1676 1302/1460/1678 1106/1461/1679 1235/1459/1677
f 1235/1459/1677 1106/1461/1679 1303/1462/1680 1107/1463/1681
f 1236/1453/1671 1235/1764/1677 1107/1758/1681 1300/1456/1674
f 1305/1464/1682 1108/1465/1683 1141/1466/1684 1109/1467/1685
f 1108/1465/1683 1303/1462/1680 1106/1461/1679 1141/1466/1684
f 1141/1466/1684 1106/1461/1679 1302/1460/1678 1237/1468/1686
f 1237/1468/1686 1302/1460/1678 1268/1314/1532 1267/1313/1531
f 1109/1467/1685 1141/1466/1684 1237/1468/1686 1304/1469/1687
f 1304/1469/1687 1237/1468/1686 1267/1313/1531 1095/1312/1530
f 1306/1470/1688 1110/1471/1689 1142/1472/1690 1240/1473/1691
f 1309/1474/1692 1306/1470/1688 1240/1473/1691 1111/1475/1693
f 1307/1476/1694 1305/1464/1682 1109/1467/1685 1238/1477/1695
f 1110/1471/1689 1307/1476/1694 1238/1477/1695 1142/1472/1690
f 1142/1472/1690 1238/1477/1695 1178/1478/1696 1239/1479/1697
f 1238/1477/1695 1109/1467/1685 1304/1469/1687 1178/1478/1696
f 1178/1478/1696 1304/1469/1687 1095/1312/1530 1293/1407/1625
f 1239/1479/1697 1178/1478/1696 1293/1407/1625 1101/1406/1624
f 1111/1475/1693 1240/1473/1691 1179/1480/1698 1308/1481/1699
f 1240/1473/1691 1142/1472/1690 1239/1479/1697 1179/1480/1698
f 1179/1480/1698 1239/1479/1697 1101/1406/1624 1292/1405/1623
f 1308/1481/1699 1179/1480/1698 1292/1405/1623 1092/1365/1583
f 1192/1482/1700 1258/1483/1701 1143/1484/1702 1243/1485/1703
f 1317/1486/1704 1192/1482/1700 1243/1485/1703 1112/1487/1705
f 1195/1488/1706 1309/1474/1692 1111/1475/1693 1241/1489/1707
f 1258/1483/1701 1195/1488/1706 1241/1489/1707 1143/1484/1702
f 1143/1484/1702 1241/1489/1707 1180/1490/1708 1242/1491/1709
f 1241/1489/1707 1111/1475/1693 1308/1481/1699 1180/1490/1708
f 1180/1490/1708 1308/1481/1699 1092/1365/1583 1282/1363/1581
f 1242/1491/1709 1180/1490/1708 1282/1363/1581 1129/1362/1580
f 1112/1487/1705 1243/1485/1703 1181/1492/1710 1310/1493/1711
f 1243/1485/1703 1143/1484/1702 1242/1491/1709 1181/1492/1710
f 1181/1492/1710 1242/1491/1709 1129/1362/1580 1281/1361/1579
f 1310/1493/1711 1181/1492/1710 1281/1361/1579 1090/1360/1578
f 1314/1436/1654 1260/1757/1712 1244/1763/1713 1245/1437/1655
f 1260/1494/1712 1317/1486/1704 1112/1487/1705 1244/1495/1713
f 1244/1495/1713 1112/1487/1705 1310/1493/1711 1182/1762/1714
f 1182/1762/1714 1310/1493/1711 1090/1360/1578 1128/1761/1573
f 1245/1437/1655 1244/1763/1713 1182/1496/1714 1183/1439/1657
f 1183/1439/1657 1182/1496/1714 1128/1355/1573 1089/1354/1572
f 1311/1431/1649 1312/1497/1715 1185/1498/1716 1184/1432/1650
f 1184/1432/1650 1185/1498/1716 1246/1499/1717 1247/1433/1651
f 1312/1497/1715 1279/1343/1561 1278/1342/1560 1185/1498/1716
f 1185/1498/1716 1278/1342/1560 1126/1339/1557 1246/1499/1717
f 1246/1499/1717 1126/1339/1557 1277/1338/1556 1186/1500/1718
f 1186/1500/1718 1277/1338/1556 1266/1307/1525 1313/1501/1719
f 1247/1433/1651 1246/1499/1717 1186/1500/1718 1187/1434/1652
f 1187/1434/1652 1186/1500/1718 1313/1501/1719 1314/1436/1654
f 1315/1446/1664 1316/1502/1720 1189/1503/1721 1188/1447/1665
f 1188/1447/1665 1189/1503/1721 1248/1504/1722 1249/1448/1666
f 1316/1502/1720 1276/1332/1550 1291/1393/1611 1189/1503/1721
f 1189/1503/1721 1291/1393/1611 1100/1390/1608 1248/1504/1722
f 1248/1504/1722 1100/1390/1608 1290/1389/1607 1190/1505/1723
f 1190/1505/1723 1290/1389/1607 1279/1343/1561 1312/1497/1715
f 1249/1448/1666 1248/1504/1722 1190/1505/1723 1191/1449/1667
f 1191/1449/1667 1190/1505/1723 1312/1497/1715 1311/1431/1649
f 1274/1317/1535 1273/1333/1551 1250/1506/1724 1251/1507/1725
f 1273/1333/1551 1276/1332/1550 1316/1502/1720 1250/1506/1724
f 1250/1506/1724 1316/1502/1720 1315/1446/1664 1301/1457/1675
f 1251/1507/1725 1250/1506/1724 1301/1457/1675 1300/1456/1674
f 1097/1321/1539 1121/1760/1536 1252/1759/1726 1113/1509/1727
f 1121/1318/1536 1274/1317/1535 1251/1507/1725 1252/1508/1726
f 1252/1508/1726 1251/1507/1725 1300/1456/1674 1107/1758/1681
f 1113/1509/1727 1252/1759/1726 1107/1463/1681 1303/1462/1680
f 1098/1329/1547 1123/1328/1546 1253/1510/1728 1114/1511/1729
f 1123/1328/1546 1097/1321/1539 1113/1509/1727 1253/1510/1728
f 1253/1510/1728 1113/1509/1727 1303/1462/1680 1108/1465/1683
f 1114/1511/1729 1253/1510/1728 1108/1465/1683 1305/1464/1682
f 1099/1378/1596 1295/1418/1636 1256/1512/1730 1115/1513/1731
f 1295/1418/1636 1102/1417/1635 1254/1514/1732 1256/1512/1730
f 1102/1417/1635 1294/1416/1634 1255/1515/1733 1254/1514/1732
f 1294/1416/1634 1098/1329/1547 1114/1511/1729 1255/1515/1733
f 1254/1514/1732 1255/1515/1733 1307/1476/1694 1110/1471/1689
f 1255/1515/1733 1114/1511/1729 1305/1464/1682 1307/1476/1694
f 1115/1513/1731 1256/1512/1730 1306/1470/1688 1309/1474/1692
f 1256/1512/1730 1254/1514/1732 1110/1471/1689 1306/1470/1688
f 1317/1486/1704 1318/1516/1734 1193/1517/1735 1192/1482/1700
f 1192/1482/1700 1193/1517/1735 1257/1518/1736 1258/1483/1701
f 1318/1516/1734 1264/1305/1523 1285/1381/1599 1193/1517/1735
f 1193/1517/1735 1285/1381/1599 1132/1380/1598 1257/1518/1736
f 1257/1518/1736 1132/1380/1598 1284/1379/1597 1194/1519/1737
f 1194/1519/1737 1284/1379/1597 1099/1378/1596 1115/1513/1731
f 1258/1483/1701 1257/1518/1736 1194/1519/1737 1195/1488/1706
f 1195/1488/1706 1194/1519/1737 1115/1513/1731 1309/1474/1692
f 1314/1436/1654 1313/1501/1719 1259/1756/1738 1260/1757/1712
f 1313/1501/1719 1266/1307/1525 1265/1755/1524 1259/1756/1738
f 1259/1520/1738 1265/1306/1524 1264/1305/1523 1318/1516/1734
f 1260/1494/1712 1259/1520/1738 1318/1516/1734 1317/1486/1704
s 43
f 1319/1521/1739 1350/1522/1740 1430/1826/1741 1431/1524/1742
f 1350/1820/1740 1320/1525/1743 1351/1526/1744 1430/1523/1741
f 1430/1523/1741 1351/1526/1744 1330/1527/1745 1495/1528/1746
f 1431/1524/1742 1430/1826/1741 1495/1807/1746 1496/1529/1747
f 1321/1530/1748 1352/1531/1749 1379/1825/1750 1378/1533/1751
f 1378/1533/1751 1379/1825/1750 1432/1824/1752 1433/1535/1753
f 1352/1813/1749 1322/1536/1754 1497/1537/1755 1379/1532/1750
f 1379/1532/1750 1497/1537/1755 1353/1538/1756 1432/1534/1752
f 1432/1534/1752 1353/1538/1756 1498/1539/1757 1499/1540/1758
f 1433/1535/1753 1432/1824/1752 1499/1791/1758 1500/1541/1759
f 1328/1542/1760 1354/1543/1761 1434/1823/1762 1435/1545/1763
f 1354/1808/1761 1329/1546/1764 1501/1547/1765 1434/1544/1762
f 1434/1544/1762 1501/1547/1765 1502/1548/1766 1503/1549/1767
f 1435/1545/1763 1434/1823/1762 1503/1802/1767 1504/1550/1768
f 1508/1551/1769 1355/1552/1770 1436/1822/1771 1437/1554/1772
f 1355/1796/1770 1331/1555/1773 1356/1556/1774 1436/1553/1771
f 1436/1553/1771 1356/1556/1774 1505/1557/1775 1380/1821/1776
f 1380/1821/1776 1505/1557/1775 1320/1525/1743 1350/1820/1740
f 1437/1554/1772 1436/1822/1771 1380/1558/1776 1381/1559/1777
f 1381/1559/1777 1380/1558/1776 1350/1522/1740 1319/1521/1739
f 1505/1557/1775 1356/1556/1774 1438/1560/1778 1439/1561/1779
f 1320/1525/1743 1505/1557/1775 1439/1561/1779 1351/1526/1744
f 1356/1556/1774 1331/1555/1773 1357/1562/1780 1438/1560/1778
f 1438/1560/1778 1357/1562/1780 1332/1563/1781 1358/1564/1782
f 1439/1561/1779 1438/1560/1778 1358/1564/1782 1506/1565/1783
f 1351/1526/1744 1439/1561/1779 1506/1565/1783 1330/1527/1745
f 1510/1566/1784 1507/1567/1785 1368/1568/1786 1359/1569/1787
f 1507/1567/1785 1508/1551/1769 1437/1554/1772 1368/1568/1786
f 1368/1568/1786 1437/1554/1772 1381/1559/1777 1440/1570/1788
f 1440/1570/1788 1381/1559/1777 1319/1521/1739 1431/1524/1742
f 1359/1569/1787 1368/1568/1786 1440/1570/1788 1509/1571/1789
f 1509/1571/1789 1440/1570/1788 1431/1524/1742 1496/1529/1747
f 1511/1572/1790 1360/1573/1791 1369/1574/1792 1443/1575/1793
f 1500/1541/1759 1511/1572/1790 1443/1575/1793 1433/1535/1753
f 1512/1576/1794 1513/1577/1795 1361/1578/1796 1441/1579/1797
f 1360/1573/1791 1512/1576/1794 1441/1579/1797 1369/1574/1792
f 1369/1574/1792 1441/1579/1797 1382/1580/1798 1442/1581/1799
f 1441/1579/1797 1361/1578/1796 1514/1582/1800 1382/1580/1798
f 1382/1580/1798 1514/1582/1800 1522/1583/1801 1390/1584/1802
f 1442/1581/1799 1382/1580/1798 1390/1584/1802 1450/1585/1803
f 1433/1535/1753 1443/1575/1793 1383/1586/1804 1378/1533/1751
f 1443/1575/1793 1369/1574/1792 1442/1581/1799 1383/1586/1804
f 1383/1586/1804 1442/1581/1799 1450/1585/1803 1393/1587/1805
f 1378/1533/1751 1383/1586/1804 1393/1587/1805 1321/1530/1748
f 1323/1588/1806 1362/1589/1807 1385/1819/1808 1384/1591/1809
f 1384/1591/1809 1385/1819/1808 1444/1818/1810 1445/1593/1811
f 1362/1797/1807 1324/1594/1812 1515/1595/1813 1385/1590/1808
f 1385/1590/1808 1515/1595/1813 1363/1596/1814 1444/1592/1810
f 1444/1592/1810 1363/1596/1814 1516/1597/1815 1386/1817/1816
f 1386/1817/1816 1516/1597/1815 1326/1599/1817 1364/1600/1818
f 1445/1593/1811 1444/1818/1810 1386/1598/1816 1387/1601/1819
f 1387/1601/1819 1386/1598/1816 1364/1812/1818 1325/1602/1820
f 1327/1603/1821 1517/1604/1822 1388/1605/1823 1521/1606/1824
f 1517/1604/1822 1365/1607/1825 1446/1608/1826 1388/1605/1823
f 1388/1605/1823 1446/1608/1826 1370/1609/1827 1448/1610/1828
f 1521/1606/1824 1388/1605/1823 1448/1610/1828 1367/1611/1829
f 1365/1607/1825 1333/1612/1830 1518/1613/1831 1446/1608/1826
f 1446/1608/1826 1518/1613/1831 1366/1614/1832 1370/1609/1827
f 1370/1609/1827 1366/1614/1832 1519/1615/1833 1447/1616/1834
f 1447/1616/1834 1519/1615/1833 1498/1539/1757 1353/1538/1756
f 1367/1611/1829 1448/1610/1828 1389/1617/1835 1520/1618/1836
f 1448/1610/1828 1370/1609/1827 1447/1616/1834 1389/1617/1835
f 1389/1617/1835 1447/1616/1834 1353/1538/1756 1497/1537/1755
f 1520/1618/1836 1389/1617/1835 1497/1537/1755 1322/1536/1754
f 1522/1583/1801 1523/1619/1837 1391/1816/1838 1390/1584/1802
f 1390/1584/1802 1391/1816/1838 1449/1815/1839 1450/1585/1803
f 1523/1803/1837 1327/1603/1821 1521/1606/1824 1391/1620/1838
f 1391/1620/1838 1521/1606/1824 1367/1611/1829 1449/1621/1839
f 1449/1621/1839 1367/1611/1829 1520/1618/1836 1392/1814/1840
f 1392/1814/1840 1520/1618/1836 1322/1536/1754 1352/1813/1749
f 1450/1585/1803 1449/1815/1839 1392/1622/1840 1393/1587/1805
f 1393/1587/1805 1392/1622/1840 1352/1531/1749 1321/1530/1748
f 1524/1623/1841 1334/1624/1842 1371/1625/1843 1453/1626/1844
f 1513/1577/1795 1524/1623/1841 1453/1626/1844 1361/1578/1796
f 1525/1627/1845 1510/1566/1784 1359/1569/1787 1451/1628/1846
f 1334/1624/1842 1525/1627/1845 1451/1628/1846 1371/1625/1843
f 1371/1625/1843 1451/1628/1846 1394/1629/1847 1452/1630/1848
f 1451/1628/1846 1359/1569/1787 1509/1571/1789 1394/1629/1847
f 1394/1629/1847 1509/1571/1789 1496/1529/1747 1402/1631/1849
f 1452/1630/1848 1394/1629/1847 1402/1631/1849 1460/1632/1850
f 1361/1578/1796 1453/1626/1844 1395/1633/1851 1514/1582/1800
f 1453/1626/1844 1371/1625/1843 1452/1630/1848 1395/1633/1851
f 1395/1633/1851 1452/1630/1848 1460/1632/1850 1405/1634/1852
f 1514/1582/1800 1395/1633/1851 1405/1634/1852 1522/1583/1801
f 1325/1602/1820 1364/1812/1818 1397/1811/1853 1396/1636/1854
f 1396/1636/1854 1397/1811/1853 1454/1810/1855 1455/1638/1856
f 1364/1600/1818 1326/1599/1817 1526/1639/1857 1397/1635/1853
f 1397/1635/1853 1526/1639/1857 1335/1640/1858 1454/1637/1855
f 1454/1637/1855 1335/1640/1858 1527/1641/1859 1398/1809/1860
f 1398/1809/1860 1527/1641/1859 1329/1546/1764 1354/1808/1761
f 1455/1638/1856 1454/1810/1855 1398/1642/1860 1399/1643/1861
f 1399/1643/1861 1398/1642/1860 1354/1543/1761 1328/1542/1760
f 1330/1527/1745 1506/1565/1783 1400/1644/1862 1531/1645/1863
f 1506/1565/1783 1358/1564/1782 1456/1646/1864 1400/1644/1862
f 1400/1644/1862 1456/1646/1864 1372/1647/1865 1458/1648/1866
f 1531/1645/1863 1400/1644/1862 1458/1648/1866 1337/1649/1867
f 1358/1564/1782 1332/1563/1781 1528/1650/1868 1456/1646/1864
f 1456/1646/1864 1528/1650/1868 1336/1651/1869 1372/1647/1865
f 1372/1647/1865 1336/1651/1869 1529/1652/1870 1457/1653/1871
f 1457/1653/1871 1529/1652/1870 1333/1612/1830 1365/1607/1825
f 1337/1649/1867 1458/1648/1866 1401/1654/1872 1530/1655/1873
f 1458/1648/1866 1372/1647/1865 1457/1653/1871 1401/1654/1872
f 1401/1654/1872 1457/1653/1871 1365/1607/1825 1517/1604/1822
f 1530/1655/1873 1401/1654/1872 1517/1604/1822 1327/1603/1821
f 1496/1529/1747 1495/1807/1746 1403/1806/1874 1402/1631/1849
f 1402/1631/1849 1403/1806/1874 1459/1805/1875 1460/1632/1850
f 1495/1528/1746 1330/1527/1745 1531/1645/1863 1403/1656/1874
f 1403/1656/1874 1531/1645/1863 1337/1649/1867 1459/1657/1875
f 1459/1657/1875 1337/1649/1867 1530/1655/1873 1404/1804/1876
f 1404/1804/1876 1530/1655/1873 1327/1603/1821 1523/1803/1837
f 1460/1632/1850 1459/1805/1875 1404/1658/1876 1405/1634/1852
f 1405/1634/1852 1404/1658/1876 1523/1619/1837 1522/1583/1801
f 1325/1602/1820 1532/1659/1877 1406/1660/1878 1387/1601/1819
f 1532/1659/1877 1338/1661/1879 1461/1662/1880 1406/1660/1878
f 1406/1660/1878 1461/1662/1880 1373/1663/1881 1463/1664/1882
f 1387/1601/1819 1406/1660/1878 1463/1664/1882 1445/1593/1811
f 1338/1661/1879 1545/1665/1883 1418/1666/1884 1461/1662/1880
f 1461/1662/1880 1418/1666/1884 1481/1667/1885 1373/1663/1881
f 1373/1663/1881 1481/1667/1885 1421/1668/1886 1462/1669/1887
f 1462/1669/1887 1421/1668/1886 1548/1670/1888 1479/1671/1889
f 1445/1593/1811 1463/1664/1882 1407/1672/1890 1384/1591/1809
f 1463/1664/1882 1373/1663/1881 1462/1669/1887 1407/1672/1890
f 1407/1672/1890 1462/1669/1887 1479/1671/1889 1417/1673/1891
f 1384/1591/1809 1407/1672/1890 1417/1673/1891 1323/1588/1806
f 1328/1542/1760 1533/1674/1892 1408/1675/1893 1399/1643/1861
f 1533/1674/1892 1339/1676/1894 1464/1677/1895 1408/1675/1893
f 1408/1675/1893 1464/1677/1895 1374/1678/1896 1466/1679/1897
f 1399/1643/1861 1408/1675/1893 1466/1679/1897 1455/1638/1856
f 1339/1676/1894 1549/1680/1898 1422/1681/1899 1464/1677/1895
f 1464/1677/1895 1422/1681/1899 1483/1682/1900 1374/1678/1896
f 1374/1678/1896 1483/1682/1900 1425/1683/1901 1465/1684/1902
f 1465/1684/1902 1425/1683/1901 1545/1665/1883 1338/1661/1879
f 1455/1638/1856 1466/1679/1897 1409/1685/1903 1396/1636/1854
f 1466/1679/1897 1374/1678/1896 1465/1684/1902 1409/1685/1903
f 1409/1685/1903 1465/1684/1902 1338/1661/1879 1532/1659/1877
f 1396/1636/1854 1409/1685/1903 1532/1659/1877 1325/1602/1820
f 1410/1686/1904 1470/1687/1905 1467/1688/1906 1468/1689/1907
f 1504/1550/1768 1410/1686/1904 1468/1689/1907 1435/1545/1763
f 1470/1687/1905 1534/1690/1908 1535/1691/1909 1467/1688/1906
f 1467/1688/1906 1535/1691/1909 1549/1680/1898 1339/1676/1894
f 1468/1689/1907 1467/1688/1906 1339/1676/1894 1533/1674/1892
f 1435/1545/1763 1468/1689/1907 1533/1674/1892 1328/1542/1760
f 1504/1550/1768 1503/1802/1767 1411/1801/1910 1410/1686/1904
f 1410/1686/1904 1411/1801/1910 1469/1800/1911 1470/1687/1905
f 1503/1549/1767 1502/1548/1766 1536/1694/1912 1411/1692/1910
f 1411/1692/1910 1536/1694/1912 1340/1695/1913 1469/1693/1911
f 1469/1693/1911 1340/1695/1913 1537/1696/1914 1341/1697/1915
f 1470/1687/1905 1469/1800/1911 1341/1794/1915 1534/1690/1908
f 1539/1698/1916 1342/1699/1917 1375/1700/1918 1343/1701/1919
f 1342/1699/1917 1537/1696/1914 1340/1695/1913 1375/1700/1918
f 1375/1700/1918 1340/1695/1913 1536/1694/1912 1471/1702/1920
f 1471/1702/1920 1536/1694/1912 1502/1548/1766 1501/1547/1765
f 1343/1701/1919 1375/1700/1918 1471/1702/1920 1538/1703/1921
f 1538/1703/1921 1471/1702/1920 1501/1547/1765 1329/1546/1764
f 1540/1704/1922 1344/1705/1923 1376/1706/1924 1474/1707/1925
f 1543/1708/1926 1540/1704/1922 1474/1707/1925 1345/1709/1927
f 1541/1710/1928 1539/1698/1916 1343/1701/1919 1472/1711/1929
f 1344/1705/1923 1541/1710/1928 1472/1711/1929 1376/1706/1924
f 1376/1706/1924 1472/1711/1929 1412/1712/1930 1473/1713/1931
f 1472/1711/1929 1343/1701/1919 1538/1703/1921 1412/1712/1930
f 1412/1712/1930 1538/1703/1921 1329/1546/1764 1527/1641/1859
f 1473/1713/1931 1412/1712/1930 1527/1641/1859 1335/1640/1858
f 1345/1709/1927 1474/1707/1925 1413/1714/1932 1542/1715/1933
f 1474/1707/1925 1376/1706/1924 1473/1713/1931 1413/1714/1932
f 1413/1714/1932 1473/1713/1931 1335/1640/1858 1526/1639/1857
f 1542/1715/1933 1413/1714/1932 1526/1639/1857 1326/1599/1817
f 1426/1716/1934 1492/1717/1935 1377/1718/1936 1477/1719/1937
f 1551/1720/1938 1426/1716/1934 1477/1719/1937 1346/1721/1939
f 1429/1722/1940 1543/1708/1926 1345/1709/1927 1475/1723/1941
f 1492/1717/1935 1429/1722/1940 1475/1723/1941 1377/1718/1936
f 1377/1718/1936 1475/1723/1941 1414/1724/1942 1476/1725/1943
f 1475/1723/1941 1345/1709/1927 1542/1715/1933 1414/1724/1942
f 1414/1724/1942 1542/1715/1933 1326/1599/1817 1516/1597/1815
f 1476/1725/1943 1414/1724/1942 1516/1597/1815 1363/1596/1814
f 1346/1721/1939 1477/1719/1937 1415/1726/1944 1544/1727/1945
f 1477/1719/1937 1377/1718/1936 1476/1725/1943 1415/1726/1944
f 1415/1726/1944 1476/1725/1943 1363/1596/1814 1515/1595/1813
f 1544/1727/1945 1415/1726/1944 1515/1595/1813 1324/1594/1812
f 1548/1670/1888 1494/1793/1946 1478/1799/1947 1479/1671/1889
f 1494/1728/1946 1551/1720/1938 1346/1721/1939 1478/1729/1947
f 1478/1729/1947 1346/1721/1939 1544/1727/1945 1416/1798/1948
f 1416/1798/1948 1544/1727/1945 1324/1594/1812 1362/1797/1807
f 1479/1671/1889 1478/1799/1947 1416/1730/1948 1417/1673/1891
f 1417/1673/1891 1416/1730/1948 1362/1589/1807 1323/1588/1806
f 1545/1665/1883 1546/1731/1949 1419/1732/1950 1418/1666/1884
f 1418/1666/1884 1419/1732/1950 1480/1733/1951 1481/1667/1885
f 1546/1731/1949 1513/1577/1795 1512/1576/1794 1419/1732/1950
f 1419/1732/1950 1512/1576/1794 1360/1573/1791 1480/1733/1951
f 1480/1733/1951 1360/1573/1791 1511/1572/1790 1420/1734/1952
f 1420/1734/1952 1511/1572/1790 1500/1541/1759 1547/1735/1953
f 1481/1667/1885 1480/1733/1951 1420/1734/1952 1421/1668/1886
f 1421/1668/1886 1420/1734/1952 1547/1735/1953 1548/1670/1888
f 1549/1680/1898 1550/1736/1954 1423/1737/1955 1422/1681/1899
f 1422/1681/1899 1423/1737/1955 1482/1738/1956 1483/1682/1900
f 1550/1736/1954 1510/1566/1784 1525/1627/1845 1423/1737/1955
f 1423/1737/1955 1525/1627/1845 1334/1624/1842 1482/1738/1956
f 1482/1738/1956 1334/1624/1842 1524/1623/1841 1424/1739/1957
f 1424/1739/1957 1524/1623/1841 1513/1577/1795 1546/1731/1949
f 1483/1682/1900 1482/1738/1956 1424/1739/1957 1425/1683/1901
f 1425/1683/1901 1424/1739/1957 1546/1731/1949 1545/1665/1883
f 1508/1551/1769 1507/1567/1785 1484/1740/1958 1485/1741/1959
f 1507/1567/1785 1510/1566/1784 1550/1736/1954 1484/1740/1958
f 1484/1740/1958 1550/1736/1954 1549/1680/1898 1535/1691/1909
f 1485/1741/1959 1484/1740/1958 1535/1691/1909 1534/1690/1908
f 1331/1555/1773 1355/1796/1770 1486/1795/1960 1347/1743/1961
f 1355/1552/1770 1508/1551/1769 1485/1741/1959 1486/1742/1960
f 1486/1742/1960 1485/1741/1959 1534/1690/1908 1341/1794/1915
f 1347/1743/1961 1486/1795/1960 1341/1697/1915 1537/1696/1914
f 1332/1563/1781 1357/1562/1780 1487/1744/1962 1348/1745/1963
f 1357/1562/1780 1331/1555/1773 1347/1743/1961 1487/1744/1962
f 1487/1744/1962 1347/1743/1961 1537/1696/1914 1342/1699/1917
f 1348/1745/1963 1487/1744/1962 1342/1699/1917 1539/1698/1916
f 1333/1612/1830 1529/1652/1870 1490/1746/1964 1349/1747/1965
f 1529/1652/1870 1336/1651/1869 1488/1748/1966 1490/1746/1964
f 1336/1651/1869 1528/1650/1868 1489/1749/1967 1488/1748/1966
f 1528/1650/1868 1332/1563/1781 1348/1745/1963 1489/1749/1967
f 1488/1748/1966 1489/1749/1967 1541/1710/1928 1344/1705/1923
f 1489/1749/1967 1348/1745/1963 1539/1698/1916 1541/1710/1928
f 1349/1747/1965 1490/1746/1964 1540/1704/1922 1543/1708/1926
f 1490/1746/1964 1488/1748/1966 1344/1705/1923 1540/1704/1922
f 1551/1720/1938 1552/1750/1968 1427/1751/1969 1426/1716/1934
f 1426/1716/1934 1427/1751/1969 1491/1752/1970 1492/1717/1935
f 1552/1750/1968 1498/1539/1757 1519/1615/1833 1427/1751/1969
f 1427/1751/1969 1519/1615/1833 1366/1614/1832 1491/1752/1970
f 1491/1752/1970 1366/1614/1832 1518/1613/1831 1428/1753/1971
f 1428/1753/1971 1518/1613/1831 1333/1612/1830 1349/1747/1965
f 1492/1717/1935 1491/1752/1970 1428/1753/1971 1429/1722/1940
f 1429/1722/1940 1428/1753/1971 1349/1747/1965 1543/1708/1926
f 1548/1670/1888 1547/1735/1953 1493/1792/1972 1494/1793/1946
f 1547/1735/1953 1500/1541/1759 1499/1791/1758 1493/1792/1972
f 1493/1754/1972 1499/1540/1758 1498/1539/1757 1552/1750/1968
f 1494/1728/1946 1493/1754/1972 1552/1750/1968 1551/1720/1938
g default
v -0.022639 -0.035325 -10.123738
v 0.025874 -0.035325 -10.124660
v 0.311989 0.823431 -9.983933
v 0.337866 0.823431 -10.024979
v -0.306842 0.823431 -10.371452
v -0.281760 0.823431 -10.411925
v -0.191958 0.488353 -10.375516
v -0.144436 0.488353 -10.418141
v 0.212034 0.488353 -10.009196
v -0.046079 0.106661 -10.310224
v 0.018783 0.106661 -10.318644
v 0.050943 0.106661 -10.070791
v 0.033503 -0.046596 -10.156999
v 0.057842 0.106661 -10.133501
v 0.136894 0.488353 -10.119111
v -0.004144 0.277339 -10.084152
v -0.032823 0.277339 -10.380484
v 0.085122 0.277339 -10.117465
v 0.104038 0.277339 -10.024990
v -0.143824 0.488353 -10.310242
v -0.054497 0.106661 -10.270857
v 0.031288 -0.045196 -10.237149
v -0.000102 -0.062405 -10.221099
v 0.045161 0.047116 -10.245717
v 0.037042 0.106661 -10.282698
v 0.017398 0.277339 -10.298942
v -0.072818 0.488353 -10.369215
v -0.207801 0.858489 -10.374968
v 0.033169 -0.046596 -10.180399
v 0.052194 0.106661 -10.177170
v 0.075909 0.488353 -10.192472
v 0.001278 -0.043797 -10.123223
v 0.041299 0.047116 -10.090786
v 0.353921 0.853518 -9.986806
v 0.273375 0.858489 -10.077646
v -0.015919 0.106661 -10.327648
v 0.000429 -0.062405 -10.159603
v 0.032664 -0.045196 -10.144497
v 0.052577 0.047116 -10.141866
v 0.059361 0.106661 -10.110157
v -0.032178 0.106661 -10.098316
v 0.134027 0.702429 -10.055767
v 0.096119 0.488353 -10.019764
v -0.323385 0.853518 -10.409126
v -0.253796 0.698335 -10.419135
v -0.190018 0.488353 -10.416128
v 0.168045 0.488353 -10.079206
v 0.188225 0.702429 -10.131145
v 0.314438 0.698335 -10.019941
v -0.039616 0.047116 -10.116138
v 0.185887 0.701747 -10.017222
v 0.240485 0.701747 -10.092613
v 0.009882 0.277339 -10.051400
v 0.096316 0.277339 -10.083787
v -0.209626 0.701747 -10.303977
v -0.083014 0.277339 -10.299324
v 0.042316 0.047116 -10.264659
v 0.003420 0.277339 -10.331711
v -0.157692 0.701747 -10.376754
v 0.286482 0.843575 -9.996570
v 0.323385 0.893093 -10.009484
v 0.000822 -0.054940 -10.135530
v -0.027260 -0.040997 -10.131998
v 0.187772 0.598319 -9.984736
v 0.264677 0.782361 -9.991650
v -0.306437 0.776902 -10.370543
v -0.325978 0.787820 -10.414818
v -0.254282 0.598319 -10.415498
v -0.246915 0.598319 -10.371864
v 0.245411 0.598319 -10.049735
v 0.306146 0.782361 -10.055349
v 0.225244 0.598319 -9.963601
v 0.272104 0.598319 -9.965600
v 0.353355 0.787820 -9.976300
v 0.304301 0.776902 -9.974990
v -0.006740 0.184824 -10.050881
v 0.071054 0.379937 -9.999535
v -0.137773 0.379937 -10.371639
v -0.125737 0.379937 -10.407840
v -0.036044 0.184824 -10.357454
v -0.062752 0.184824 -10.334168
v 0.074556 0.184824 -10.069360
v 0.144701 0.379937 -10.041634
v 0.006575 0.184824 -10.032605
v 0.041818 0.184824 -10.023575
v 0.137494 0.379937 -9.973559
v 0.094788 0.379937 -9.977492
v -0.218131 0.598319 -10.341886
v -0.275484 0.782361 -10.340221
v -0.066154 0.184824 -10.312284
v -0.126963 0.379937 -10.343013
v -0.029174 -0.040997 -10.247765
v -0.000400 -0.054940 -10.245173
v 0.015142 0.184824 -10.330762
v -0.056303 0.379937 -10.384882
v -0.165611 0.598319 -10.403551
v -0.236762 0.782361 -10.401591
v -0.291136 0.893093 -10.389199
v -0.285334 0.843575 -10.352072
v -0.136537 0.598319 -10.266966
v 0.019191 0.598319 -10.128490
v 0.044876 0.793278 -10.131326
v -0.172779 0.793278 -10.269875
v -0.059730 0.184824 -10.257154
v -0.036916 0.184824 -10.156604
v -0.013949 0.379937 -10.137930
v -0.090100 0.379937 -10.270362
v -0.128011 0.793278 -10.340204
v 0.089644 0.793278 -10.201656
v 0.082504 0.598319 -10.199692
v -0.073223 0.598319 -10.338167
v 0.009411 0.047116 -10.077510
v -0.024040 0.047116 -10.086121
v 0.270666 0.912978 -10.042060
v 0.239082 0.858489 -10.022470
v -0.006711 0.047116 -10.303288
v -0.038599 0.047116 -10.290011
v 0.000537 -0.060539 -10.147685
v -0.030725 -0.045196 -10.143556
v 0.052452 0.047116 -10.122713
v 0.049232 0.047116 -10.105102
v -0.033926 0.047116 -10.099164
v 0.143838 0.598319 -10.015750
v 0.235206 0.699700 -9.987440
v 0.216535 0.790549 -10.019404
v -0.302629 0.701065 -10.413886
v -0.288076 0.698335 -10.368846
v 0.207724 0.598319 -10.086814
v 0.262239 0.790549 -10.090222
v 0.284787 0.699700 -10.056198
v 0.323931 0.701065 -9.969223
v 0.274916 0.698335 -9.966096
v -0.017036 0.184824 -10.075514
v 0.025134 0.277339 -10.022731
v 0.049088 0.379937 -10.031472
v -0.072320 0.277339 -10.386736
v -0.093054 0.277339 -10.356684
v 0.072988 0.184824 -10.095890
v 0.129089 0.379937 -10.077510
v 0.103242 0.277339 -10.051880
v 0.080530 0.277339 -9.994384
v 0.041899 0.277339 -10.001843
v -0.179358 0.598319 -10.306647
v -0.230259 0.790549 -10.308031
v -0.255060 0.699700 -10.338161
v -0.064620 0.184824 -10.285747
v -0.110181 0.379937 -10.308243
v -0.090310 0.277339 -10.330976
v -0.049752 0.047116 -10.258084
v -0.046532 0.047116 -10.275696
v -0.000207 -0.060539 -10.233017
v -0.032101 -0.045196 -10.236208
v 0.036626 0.047116 -10.281633
v 0.025405 0.184824 -10.306123
v -0.013092 0.277339 -10.360263
v -0.030180 0.379937 -10.354280
v -0.118124 0.598319 -10.375712
v -0.210054 0.699700 -10.403049
v -0.186912 0.790549 -10.376128
v -0.238416 0.912978 -10.356624
v -0.241125 0.858489 -10.321037
v 0.033659 0.702429 -10.128590
v -0.157415 0.702429 -10.265377
v -0.027571 0.277339 -10.146930
v -0.071868 0.277339 -10.265629
v -0.045026 0.047116 -10.171005
v -0.032329 -0.046596 -10.179462
v 0.000248 -0.062405 -10.180877
v 0.050011 0.047116 -10.177792
v 0.061695 0.277339 -10.180243
v 0.056012 0.184824 -10.177637
v 0.068676 0.379937 -10.185377
v 0.087275 0.702429 -10.203722
v -0.103634 0.702429 -10.340391
v 0.074270 0.919606 -10.163414
v -0.172572 0.919606 -10.315938
v 0.020182 0.106661 -10.053288
v -0.014021 0.106661 -10.062387
v 0.316733 0.843575 -10.044961
v 0.212745 0.863461 -10.116349
v 0.204822 0.919606 -10.082746
v 0.177536 0.863461 -10.059699
v 0.026740 0.047116 -10.294677
v 0.023360 -0.035325 -10.256969
v -0.000715 -0.043797 -10.257482
v -0.025154 -0.035325 -10.256048
v 0.029800 -0.040997 -10.132941
v 0.057650 0.106661 -10.088565
v -0.042461 0.047116 -10.135079
v -0.031995 -0.046596 -10.156063
v -0.025030 0.106661 -10.077869
v -0.036650 0.106661 -10.121278
v 0.158507 0.793278 -10.056495
v 0.101553 0.598319 -10.055253
v 0.063615 0.488353 -10.058215
v 0.128355 0.488353 -9.986905
v -0.277212 0.776902 -10.416801
v -0.206641 0.598319 -10.420709
v 0.194627 0.488353 -10.041803
v 0.164866 0.598319 -10.126453
v 0.204760 0.793278 -10.128380
v 0.335663 0.776902 -10.022668
v 0.270801 0.598319 -10.014955
v 0.159969 0.488353 -9.965559
v 0.205217 0.488353 -9.965378
v 0.026426 0.379937 -10.067869
v -0.024777 0.184824 -10.103374
v -0.082988 0.379937 -10.405384
v 0.000593 0.184824 -10.349050
v 0.068132 0.184824 -10.124491
v 0.109008 0.379937 -10.115392
v 0.153041 0.379937 -10.011062
v 0.070450 0.184824 -10.047124
v -0.171886 0.488353 -10.345755
v -0.052787 0.106661 -10.292450
v -0.032961 -0.046596 -10.223706
v -0.049876 0.047116 -10.238932
v 0.027887 -0.040997 -10.248708
v 0.032537 -0.046596 -10.224642
v 0.029893 0.106661 -10.303144
v 0.041513 0.106661 -10.259736
v -0.007518 0.379937 -10.317883
v 0.033180 0.184824 -10.278271
v -0.110168 0.488353 -10.399111
v -0.039386 0.488353 -10.331240
v -0.255336 0.843575 -10.400620
v -0.112665 0.488353 -10.270344
v 0.002613 0.488353 -10.131596
v 0.054190 0.863461 -10.137321
v -0.180495 0.863461 -10.282333
v -0.052979 0.106661 -10.247513
v -0.042299 0.106661 -10.164947
v -0.146063 0.863461 -10.338058
v 0.088623 0.863461 -10.193046
v 0.191004 -0.175054 -10.123738
v 0.191004 -0.223567 -10.124660
v 1.049759 -0.509681 -9.983933
v 1.049759 -0.535558 -10.024979
v 1.049759 0.109149 -10.371452
v 1.049759 0.084068 -10.411925
v 0.714681 -0.005734 -10.375516
v 0.714681 -0.053257 -10.418141
v 0.714681 -0.409727 -10.009196
v 0.332989 -0.151613 -10.310224
v 0.332989 -0.216475 -10.318644
v 0.332989 -0.248635 -10.070791
v 0.179732 -0.231195 -10.156999
v 0.332989 -0.255535 -10.133501
v 0.714681 -0.334587 -10.119111
v 0.503667 -0.193549 -10.084152
v 0.503667 -0.164870 -10.380484
v 0.503667 -0.282815 -10.117465
v 0.503667 -0.301731 -10.024990
v 0.714681 -0.053869 -10.310242
v 0.332989 -0.143195 -10.270857
v 0.181132 -0.228981 -10.237149
v 0.163923 -0.197591 -10.221099
v 0.273444 -0.242854 -10.245717
v 0.332989 -0.234735 -10.282698
v 0.503667 -0.215091 -10.298942
v 0.714681 -0.124875 -10.369215
v 1.084817 0.010108 -10.374968
v 0.179732 -0.230861 -10.180399
v 0.332989 -0.249886 -10.177170
v 0.714681 -0.273602 -10.192472
v 0.182532 -0.198971 -10.123223
v 0.273444 -0.238991 -10.090786
v 1.079846 -0.551613 -9.986806
v 1.084817 -0.471067 -10.077646
v 0.332989 -0.181773 -10.327648
v 0.163923 -0.198122 -10.159603
v 0.181132 -0.230356 -10.144497
v 0.273444 -0.250269 -10.141866
v 0.332989 -0.257053 -10.110157
v 0.332989 -0.165514 -10.098316
v 0.928757 -0.331720 -10.055767
v 0.714681 -0.293812 -10.019764
v 1.079846 0.125693 -10.409126
v 0.924663 0.056103 -10.419135
v 0.714681 -0.007674 -10.416128
v 0.714681 -0.365737 -10.079206
v 0.928757 -0.385917 -10.131145
v 0.924663 -0.512130 -10.019941
v 0.273444 -0.158077 -10.116138
v 0.928075 -0.383580 -10.017222
v 0.928075 -0.438177 -10.092613
v 0.503667 -0.207574 -10.051400
v 0.503667 -0.294008 -10.083787
v 0.928075 0.011934 -10.303977
v 0.503667 -0.114679 -10.299324
v 0.273444 -0.240008 -10.264659
v 0.503667 -0.201112 -10.331711
v 0.928075 -0.040000 -10.376754
v 1.069904 -0.484175 -9.996570
v 1.119421 -0.521078 -10.009484
v 0.171388 -0.198515 -10.135530
v 0.185331 -0.170433 -10.131998
v 0.824647 -0.385465 -9.984736
v 1.008689 -0.462369 -9.991650
v 1.003230 0.108745 -10.370543
v 1.014148 0.128285 -10.414818
v 0.824647 0.056590 -10.415498
v 0.824647 0.049222 -10.371864
v 0.824647 -0.443104 -10.049735
v 1.008689 -0.503839 -10.055349
v 0.824647 -0.422936 -9.963601
v 0.824647 -0.469797 -9.965600
v 1.014148 -0.551048 -9.976300
v 1.003230 -0.501994 -9.974990
v 0.411153 -0.190953 -10.050881
v 0.606265 -0.268747 -9.999535
v 0.606265 -0.059919 -10.371639
v 0.606265 -0.071955 -10.407840
v 0.411153 -0.161648 -10.357454
v 0.411153 -0.134941 -10.334168
v 0.411153 -0.272249 -10.069360
v 0.606265 -0.342394 -10.041634
v 0.411153 -0.204268 -10.032605
v 0.411153 -0.239510 -10.023575
v 0.606265 -0.335186 -9.973559
v 0.606265 -0.292481 -9.977492
v 0.824647 0.020438 -10.341886
v 1.008689 0.077791 -10.340221
v 0.411153 -0.131538 -10.312284
v 0.606265 -0.070730 -10.343013
v 0.185331 -0.168519 -10.247765
v 0.171388 -0.197293 -10.245173
v 0.411153 -0.212834 -10.330762
v 0.606265 -0.141389 -10.384882
v 0.824647 -0.032082 -10.403551
v 1.008689 0.039070 -10.401591
v 1.119421 0.093443 -10.389199
v 1.069904 0.087641 -10.352072
v 0.824647 -0.061156 -10.266966
v 0.824647 -0.216883 -10.128490
v 1.019606 -0.242569 -10.131326
v 1.019606 -0.024913 -10.269875
v 0.411153 -0.137962 -10.257154
v 0.411153 -0.160776 -10.156604
v 0.606265 -0.183743 -10.137930
v 0.606265 -0.107593 -10.270362
v 1.019606 -0.069681 -10.340204
v 1.019606 -0.287337 -10.201656
v 0.824647 -0.280197 -10.199692
v 0.824647 -0.124469 -10.338167
v 0.273444 -0.207104 -10.077510
v 0.273444 -0.173653 -10.086121
v 1.139306 -0.468359 -10.042060
v 1.084817 -0.436775 -10.022470
v 0.273444 -0.190982 -10.303288
v 0.273444 -0.159094 -10.290011
v 0.165789 -0.198230 -10.147685
v 0.181132 -0.166968 -10.143556
v 0.273444 -0.250144 -10.122713
v 0.273444 -0.246924 -10.105102
v 0.273444 -0.163766 -10.099164
v 0.824647 -0.341531 -10.015750
v 0.926028 -0.432898 -9.987440
v 1.016877 -0.414228 -10.019404
v 0.927393 0.104936 -10.413886
v 0.924663 0.090384 -10.368846
v 0.824647 -0.405416 -10.086814
v 1.016877 -0.459932 -10.090222
v 0.926028 -0.482480 -10.056198
v 0.927393 -0.521624 -9.969223
v 0.924663 -0.472609 -9.966096
v 0.411153 -0.180656 -10.075514
v 0.503667 -0.222826 -10.022731
v 0.606265 -0.246780 -10.031472
v 0.503667 -0.125373 -10.386736
v 0.503667 -0.104639 -10.356684
v 0.411153 -0.270681 -10.095890
v 0.606265 -0.326782 -10.077510
v 0.503667 -0.300934 -10.051880
v 0.503667 -0.278223 -9.994384
v 0.503667 -0.239592 -10.001843
v 0.824647 -0.018335 -10.306647
v 1.016877 0.032566 -10.308031
v 0.926028 0.057368 -10.338161
v 0.411153 -0.133073 -10.285747
v 0.606265 -0.087512 -10.308243
v 0.503667 -0.107383 -10.330976
v 0.273444 -0.147941 -10.258084
v 0.273444 -0.151161 -10.275696
v 0.165789 -0.197486 -10.233017
v 0.181132 -0.165592 -10.236208
v 0.273444 -0.234319 -10.281633
v 0.411153 -0.223098 -10.306123
v 0.503667 -0.184600 -10.360263
v 0.606265 -0.167513 -10.354280
v 0.824647 -0.079569 -10.375712
v 0.926028 0.012361 -10.403049
v 1.016877 -0.010781 -10.376128
v 1.139306 0.040723 -10.356624
v 1.084817 0.043432 -10.321037
v 0.928757 -0.231352 -10.128590
v 0.928757 -0.040277 -10.265377
v 0.503667 -0.170121 -10.146930
v 0.503667 -0.125824 -10.265629
v 0.273444 -0.152667 -10.171005
v 0.179732 -0.165363 -10.179462
v 0.163923 -0.197940 -10.180877
v 0.273444 -0.247704 -10.177792
v 0.503667 -0.259387 -10.180243
v 0.411153 -0.253705 -10.177637
v 0.606265 -0.266369 -10.185377
v 0.928757 -0.284967 -10.203722
v 0.928757 -0.094059 -10.340391
v 1.145934 -0.271963 -10.163414
v 1.145934 -0.025121 -10.315938
v 0.332989 -0.217875 -10.053288
v 0.332989 -0.183672 -10.062387
v 1.069904 -0.514425 -10.044961
v 1.089789 -0.410438 -10.116349
v 1.145934 -0.402514 -10.082746
v 1.089789 -0.375229 -10.059699
v 0.273444 -0.224432 -10.294677
v 0.191004 -0.221052 -10.256969
v 0.182532 -0.196977 -10.257482
v 0.191004 -0.172539 -10.256048
v 0.185331 -0.227493 -10.132941
v 0.332989 -0.255343 -10.088565
v 0.273444 -0.155232 -10.135079
v 0.179732 -0.165698 -10.156063
v 0.332989 -0.172663 -10.077869
v 0.332989 -0.161043 -10.121278
v 1.019606 -0.356200 -10.056495
v 0.824647 -0.299245 -10.055253
v 0.714681 -0.261308 -10.058215
v 0.714681 -0.326047 -9.986905
v 1.003230 0.079520 -10.416801
v 0.824647 0.008949 -10.420709
v 0.714681 -0.392320 -10.041803
v 0.824647 -0.362559 -10.126453
v 1.019606 -0.402452 -10.128380
v 1.003230 -0.533356 -10.022668
v 0.824647 -0.468493 -10.014955
v 0.714681 -0.357662 -9.965559
v 0.714681 -0.402910 -9.965378
v 0.606265 -0.224118 -10.067869
v 0.411153 -0.172915 -10.103374
v 0.606265 -0.114705 -10.405384
v 0.411153 -0.198286 -10.349050
v 0.411153 -0.265825 -10.124491
v 0.606265 -0.306700 -10.115392
v 0.606265 -0.350734 -10.011062
v 0.411153 -0.268143 -10.047124
v 0.714681 -0.025807 -10.345755
v 0.332989 -0.144906 -10.292450
v 0.179732 -0.164732 -10.223706
v 0.273444 -0.147816 -10.238932
v 0.185331 -0.225579 -10.248708
v 0.179732 -0.230229 -10.224642
v 0.332989 -0.227586 -10.303144
v 0.332989 -0.239206 -10.259736
v 0.606265 -0.190175 -10.317883
v 0.411153 -0.230872 -10.278271
v 0.714681 -0.087524 -10.399111
v 0.714681 -0.158307 -10.331240
v 1.069904 0.057643 -10.400620
v 0.714681 -0.085027 -10.270344
v 0.714681 -0.200305 -10.131596
v 1.089789 -0.251883 -10.137321
v 1.089789 -0.017198 -10.282333
v 0.332989 -0.144714 -10.247513
v 0.332989 -0.155394 -10.164947
v 1.089789 -0.051630 -10.338058
v 1.089789 -0.286315 -10.193046
v 0.028688 -0.394197 -10.123738
v -0.019825 -0.394197 -10.124660
v -0.305939 -1.252952 -9.983933
v -0.331817 -1.252952 -10.024979
v 0.312891 -1.252952 -10.371452
v 0.287809 -1.252952 -10.411925
v 0.198008 -0.917874 -10.375516
v 0.150485 -0.917874 -10.418141
v -0.205985 -0.917874 -10.009196
v 0.052128 -0.536182 -10.310224
v -0.012734 -0.536182 -10.318644
v -0.044894 -0.536182 -10.070791
v -0.027454 -0.382925 -10.156999
v -0.051793 -0.536182 -10.133501
v -0.130845 -0.917874 -10.119111
v 0.010193 -0.706860 -10.084152
v 0.038872 -0.706860 -10.380484
v -0.079073 -0.706860 -10.117465
v -0.097989 -0.706860 -10.024990
v 0.149873 -0.917874 -10.310242
v 0.060547 -0.536182 -10.270857
v -0.025239 -0.384325 -10.237149
v 0.006151 -0.367116 -10.221099
v -0.039112 -0.476637 -10.245717
v -0.030993 -0.536182 -10.282698
v -0.011349 -0.706860 -10.298942
v 0.078867 -0.917874 -10.369215
v 0.213850 -1.288010 -10.374968
v -0.027119 -0.382925 -10.180399
v -0.046144 -0.536182 -10.177170
v -0.069860 -0.917874 -10.192472
v 0.004771 -0.385725 -10.123223
v -0.035250 -0.476637 -10.090786
v -0.347871 -1.283039 -9.986806
v -0.267326 -1.288010 -10.077646
v 0.021969 -0.536182 -10.327648
v 0.005620 -0.367116 -10.159603
v -0.026615 -0.384325 -10.144497
v -0.046527 -0.476637 -10.141866
v -0.053312 -0.536182 -10.110157
v 0.038228 -0.536182 -10.098316
v -0.127978 -1.131950 -10.055767
v -0.090070 -0.917874 -10.019764
v 0.329435 -1.283039 -10.409126
v 0.259845 -1.127856 -10.419135
v 0.196068 -0.917874 -10.416128
v -0.161996 -0.917874 -10.079206
v -0.182176 -1.131950 -10.131145
v -0.308389 -1.127856 -10.019941
v 0.045665 -0.476637 -10.116138
v -0.179838 -1.131268 -10.017222
v -0.234435 -1.131268 -10.092613
v -0.003833 -0.706860 -10.051400
v -0.090266 -0.706860 -10.083787
v 0.215675 -1.131268 -10.303977
v 0.089063 -0.706860 -10.299324
v -0.036267 -0.476637 -10.264659
v 0.002630 -0.706860 -10.331711
v 0.163741 -1.131268 -10.376754
v -0.280433 -1.273097 -9.996570
v -0.317336 -1.322614 -10.009484
v 0.005227 -0.374581 -10.135530
v 0.033309 -0.388524 -10.131998
v -0.181723 -1.027840 -9.984736
v -0.258627 -1.211882 -9.991650
v 0.312487 -1.206423 -10.370543
v 0.332027 -1.217341 -10.414818
v 0.260331 -1.027840 -10.415498
v 0.252964 -1.027840 -10.371864
v -0.239362 -1.027840 -10.049735
v -0.300097 -1.211882 -10.055349
v -0.219195 -1.027840 -9.963601
v -0.266055 -1.027840 -9.965600
v -0.347306 -1.217341 -9.976300
v -0.298252 -1.206423 -9.974990
v 0.012789 -0.614346 -10.050881
v -0.065005 -0.809458 -9.999535
v 0.143822 -0.809458 -10.371639
v 0.131786 -0.809458 -10.407840
v 0.042093 -0.614346 -10.357454
v 0.068801 -0.614346 -10.334168
v -0.068507 -0.614346 -10.069360
v -0.138652 -0.809458 -10.041634
v -0.000526 -0.614346 -10.032605
v -0.035768 -0.614346 -10.023575
v -0.131445 -0.809458 -9.973559
v -0.088739 -0.809458 -9.977492
v 0.224180 -1.027840 -10.341886
v 0.281533 -1.211882 -10.340221
v 0.072203 -0.614346 -10.312284
v 0.133012 -0.809458 -10.343013
v 0.035223 -0.388524 -10.247765
v 0.006449 -0.374581 -10.245173
v -0.009093 -0.614346 -10.330762
v 0.062353 -0.809458 -10.384882
v 0.171660 -1.027840 -10.403551
v 0.242811 -1.211882 -10.401591
v 0.297185 -1.322614 -10.389199
v 0.291383 -1.273097 -10.352072
v 0.142586 -1.027840 -10.266966
v -0.013142 -1.027840 -10.128490
v -0.038827 -1.222799 -10.131326
v 0.178829 -1.222799 -10.269875
v 0.065779 -0.614346 -10.257154
v 0.042965 -0.614346 -10.156604
v 0.019998 -0.809458 -10.137930
v 0.096149 -0.809458 -10.270362
v 0.134060 -1.222799 -10.340204
v -0.083595 -1.222799 -10.201656
v -0.076455 -1.027840 -10.199692
v 0.079272 -1.027840 -10.338167
v -0.003362 -0.476637 -10.077510
v 0.030089 -0.476637 -10.086121
v -0.264617 -1.342499 -10.042060
v -0.233033 -1.288010 -10.022470
v 0.012760 -0.476637 -10.303288
v 0.044648 -0.476637 -10.290011
v 0.005512 -0.368982 -10.147685
v 0.036774 -0.384325 -10.143556
v -0.046403 -0.476637 -10.122713
v -0.043183 -0.476637 -10.105102
v 0.039975 -0.476637 -10.099164
v -0.137789 -1.027840 -10.015750
v -0.229156 -1.129221 -9.987440
v -0.210486 -1.220070 -10.019404
v 0.308678 -1.130586 -10.413886
v 0.294125 -1.127856 -10.368846
v -0.201675 -1.027840 -10.086814
v -0.256190 -1.220070 -10.090222
v -0.278738 -1.129221 -10.056198
v -0.317882 -1.130586 -9.969223
v -0.268867 -1.127856 -9.966096
v 0.023085 -0.614346 -10.075514
v -0.019085 -0.706860 -10.022731
v -0.043039 -0.809458 -10.031472
v 0.078369 -0.706860 -10.386736
v 0.099103 -0.706860 -10.356684
v -0.066939 -0.614346 -10.095890
v -0.123040 -0.809458 -10.077510
v -0.097193 -0.706860 -10.051880
v -0.074481 -0.706860 -9.994384
v -0.035850 -0.706860 -10.001843
v 0.185407 -1.027840 -10.306647
v 0.236308 -1.220070 -10.308031
v 0.261109 -1.129221 -10.338161
v 0.070669 -0.614346 -10.285747
v 0.116230 -0.809458 -10.308243
v 0.096359 -0.706860 -10.330976
v 0.055801 -0.476637 -10.258084
v 0.052581 -0.476637 -10.275696
v 0.006256 -0.368982 -10.233017
v 0.038150 -0.384325 -10.236208
v -0.030577 -0.476637 -10.281633
v -0.019356 -0.614346 -10.306123
v 0.019142 -0.706860 -10.360263
v 0.036229 -0.809458 -10.354280
v 0.124173 -1.027840 -10.375712
v 0.216103 -1.129221 -10.403049
v 0.192961 -1.220070 -10.376128
v 0.244465 -1.342499 -10.356624
v 0.247174 -1.288010 -10.321037
v -0.027610 -1.131950 -10.128590
v 0.163464 -1.131950 -10.265377
v 0.033621 -0.706860 -10.146930
v 0.077917 -0.706860 -10.265629
v 0.051075 -0.476637 -10.171005
v 0.038378 -0.382925 -10.179462
v 0.005801 -0.367116 -10.180877
v -0.043962 -0.476637 -10.177792
v -0.055645 -0.706860 -10.180243
v -0.049963 -0.614346 -10.177637
v -0.062627 -0.809458 -10.185377
v -0.081226 -1.131950 -10.203722
v 0.109683 -1.131950 -10.340391
v -0.068221 -1.349127 -10.163414
v 0.178621 -1.349127 -10.315938
v -0.014133 -0.536182 -10.053288
v 0.020070 -0.536182 -10.062387
v -0.310684 -1.273097 -10.044961
v -0.206696 -1.292982 -10.116349
v -0.198773 -1.349127 -10.082746
v -0.171487 -1.292982 -10.059699
v -0.020691 -0.476637 -10.294677
v -0.017310 -0.394197 -10.256969
v 0.006765 -0.385725 -10.257482
v 0.031203 -0.394197 -10.256048
v -0.023751 -0.388524 -10.132941
v -0.051601 -0.536182 -10.088565
v 0.048510 -0.476637 -10.135079
v 0.038044 -0.382925 -10.156063
v 0.031079 -0.536182 -10.077869
v 0.042699 -0.536182 -10.121278
v -0.152458 -1.222799 -10.056495
v -0.095504 -1.027840 -10.055253
v -0.057566 -0.917874 -10.058215
v -0.122306 -0.917874 -9.986905
v 0.283262 -1.206423 -10.416801
v 0.212691 -1.027840 -10.420709
v -0.188578 -0.917874 -10.041803
v -0.158817 -1.027840 -10.126453
v -0.198711 -1.222799 -10.128380
v -0.329614 -1.206423 -10.022668
v -0.264752 -1.027840 -10.014955
v -0.153920 -0.917874 -9.965559
v -0.199168 -0.917874 -9.965378
v -0.020377 -0.809458 -10.067869
v 0.030826 -0.614346 -10.103374
v 0.089037 -0.809458 -10.405384
v 0.005456 -0.614346 -10.349050
v -0.062083 -0.614346 -10.124491
v -0.102959 -0.809458 -10.115392
v -0.146992 -0.809458 -10.011062
v -0.064401 -0.614346 -10.047124
v 0.177935 -0.917874 -10.345755
v 0.058836 -0.536182 -10.292450
v 0.039010 -0.382925 -10.223706
v 0.055926 -0.476637 -10.238932
v -0.021838 -0.388524 -10.248708
v -0.026487 -0.382925 -10.224642
v -0.023844 -0.536182 -10.303144
v -0.035464 -0.536182 -10.259736
v 0.013567 -0.809458 -10.317883
v -0.027130 -0.614346 -10.278271
v 0.116217 -0.917874 -10.399111
v 0.045435 -0.917874 -10.331240
v 0.261385 -1.273097 -10.400620
v 0.118714 -0.917874 -10.270344
v 0.003436 -0.917874 -10.131596
v -0.048141 -1.292982 -10.137321
v 0.186544 -1.292982 -10.282333
v 0.059028 -0.536182 -10.247513
v 0.048348 -0.536182 -10.164947
v 0.152112 -1.292982 -10.338058
v -0.082574 -1.292982 -10.193046
v -0.138348 -0.226381 -10.123738
v -0.138348 -0.177868 -10.124660
v -0.997103 0.108247 -9.983933
v -0.997103 0.134124 -10.024979
v -0.997103 -0.510583 -10.371452
v -0.997103 -0.485502 -10.411925
v -0.662025 -0.395700 -10.375516
v -0.662025 -0.348177 -10.418141
v -0.662025 0.008292 -10.009196
v -0.280334 -0.249821 -10.310224
v -0.280334 -0.184959 -10.318644
v -0.280334 -0.152799 -10.070791
v -0.127076 -0.170239 -10.156999
v -0.280334 -0.145900 -10.133501
v -0.662025 -0.066847 -10.119111
v -0.451011 -0.207885 -10.084152
v -0.451011 -0.236565 -10.380484
v -0.451011 -0.118619 -10.117465
v -0.451011 -0.099704 -10.024990
v -0.662025 -0.347566 -10.310242
v -0.280334 -0.258239 -10.270857
v -0.128476 -0.172454 -10.237149
v -0.111267 -0.203844 -10.221099
v -0.220788 -0.158581 -10.245717
v -0.280334 -0.166700 -10.282698
v -0.451011 -0.186344 -10.298942
v -0.662025 -0.276560 -10.369215
v -1.032161 -0.411543 -10.374968
v -0.127076 -0.170573 -10.180399
v -0.280334 -0.151548 -10.177170
v -0.662025 -0.127832 -10.192472
v -0.129876 -0.202464 -10.123223
v -0.220788 -0.162443 -10.090786
v -1.027190 0.150179 -9.986806
v -1.032161 0.069633 -10.077646
v -0.280334 -0.219661 -10.327648
v -0.111267 -0.203313 -10.159603
v -0.128476 -0.171078 -10.144497
v -0.220788 -0.151165 -10.141866
v -0.280334 -0.144381 -10.110157
v -0.280334 -0.235920 -10.098316
v -0.876102 -0.069715 -10.055767
v -0.662025 -0.107623 -10.019764
v -1.027190 -0.527127 -10.409126
v -0.872008 -0.457538 -10.419135
v -0.662025 -0.393760 -10.416128
v -0.662025 -0.035697 -10.079206
v -0.876102 -0.015517 -10.131145
v -0.872008 0.110696 -10.019941
v -0.220788 -0.243358 -10.116138
v -0.875419 -0.017854 -10.017222
v -0.875419 0.036743 -10.092613
v -0.451011 -0.193860 -10.051400
v -0.451011 -0.107426 -10.083787
v -0.875419 -0.413368 -10.303977
v -0.451011 -0.286756 -10.299324
v -0.220788 -0.161426 -10.264659
v -0.451011 -0.200322 -10.331711
v -0.875419 -0.361434 -10.376754
v -1.017248 0.082741 -9.996570
v -1.066765 0.119644 -10.009484
v -0.118733 -0.202919 -10.135530
v -0.132675 -0.231002 -10.131998
v -0.771991 -0.015970 -9.984736
v -0.956033 0.060935 -9.991650
v -0.950575 -0.510179 -10.370543
v -0.961492 -0.529720 -10.414818
v -0.771991 -0.458024 -10.415498
v -0.771991 -0.450656 -10.371864
v -0.771991 0.041670 -10.049735
v -0.956033 0.102404 -10.055349
v -0.771991 0.021502 -9.963601
v -0.771991 0.068363 -9.965600
v -0.961492 0.149613 -9.976300
v -0.950575 0.100559 -9.974990
v -0.358497 -0.210482 -10.050881
v -0.553610 -0.132688 -9.999535
v -0.553609 -0.341515 -10.371639
v -0.553609 -0.329479 -10.407840
v -0.358497 -0.239786 -10.357454
v -0.358497 -0.266493 -10.334168
v -0.358497 -0.129186 -10.069360
v -0.553609 -0.059041 -10.041634
v -0.358497 -0.197167 -10.032605
v -0.358497 -0.161924 -10.023575
v -0.553609 -0.066248 -9.973559
v -0.553609 -0.108953 -9.977492
v -0.771991 -0.421873 -10.341886
v -0.956033 -0.479226 -10.340221
v -0.358497 -0.269896 -10.312284
v -0.553609 -0.330705 -10.343013
v -0.132675 -0.232915 -10.247765
v -0.118733 -0.204142 -10.245173
v -0.358497 -0.188600 -10.330762
v -0.553610 -0.260045 -10.384882
v -0.771991 -0.369353 -10.403551
v -0.956033 -0.440504 -10.401591
v -1.066765 -0.494877 -10.389199
v -1.017248 -0.489076 -10.352072
v -0.771991 -0.340278 -10.266966
v -0.771991 -0.184551 -10.128490
v -0.966951 -0.158865 -10.131326
v -0.966951 -0.376521 -10.269875
v -0.358497 -0.263472 -10.257154
v -0.358497 -0.240658 -10.156604
v -0.553610 -0.217691 -10.137930
v -0.553610 -0.293841 -10.270362
v -0.966951 -0.331753 -10.340204
v -0.966951 -0.114098 -10.201656
v -0.771991 -0.121238 -10.199692
v -0.771991 -0.276965 -10.338167
v -0.220788 -0.194331 -10.077510
v -0.220788 -0.227781 -10.086121
v -1.086650 0.066924 -10.042060
v -1.032161 0.035340 -10.022470
v -0.220788 -0.210453 -10.303288
v -0.220788 -0.242341 -10.290011
v -0.113134 -0.203205 -10.147685
v -0.128476 -0.234467 -10.143556
v -0.220788 -0.151290 -10.122713
v -0.220788 -0.154510 -10.105102
v -0.220788 -0.237668 -10.099164
v -0.771991 -0.059903 -10.015750
v -0.873372 0.031464 -9.987440
v -0.964221 0.012794 -10.019404
v -0.874737 -0.506371 -10.413886
v -0.872007 -0.491818 -10.368846
v -0.771991 0.003982 -10.086814
v -0.964221 0.058497 -10.090222
v -0.873372 0.081046 -10.056198
v -0.874737 0.120189 -9.969223
v -0.872007 0.071175 -9.966096
v -0.358497 -0.220778 -10.075514
v -0.451011 -0.178608 -10.022731
v -0.553610 -0.154654 -10.031472
v -0.451011 -0.276062 -10.386736
v -0.451011 -0.296796 -10.356684
v -0.358497 -0.130754 -10.095890
v -0.553609 -0.074653 -10.077510
v -0.451011 -0.100500 -10.051880
v -0.451011 -0.123212 -9.994384
v -0.451011 -0.161843 -10.001843
v -0.771991 -0.383100 -10.306647
v -0.964221 -0.434000 -10.308031
v -0.873372 -0.458802 -10.338161
v -0.358497 -0.268362 -10.285747
v -0.553610 -0.313923 -10.308243
v -0.451011 -0.294051 -10.330976
v -0.220788 -0.253493 -10.258084
v -0.220788 -0.250273 -10.275696
v -0.113134 -0.203948 -10.233017
v -0.128476 -0.235843 -10.236208
v -0.220788 -0.167116 -10.281633
v -0.358497 -0.178337 -10.306123
v -0.451011 -0.216834 -10.360263
v -0.553610 -0.233922 -10.354280
v -0.771991 -0.321866 -10.375712
v -0.873372 -0.413795 -10.403049
v -0.964221 -0.390654 -10.376128
v -1.086650 -0.442158 -10.356624
v -1.032161 -0.444867 -10.321037
v -0.876102 -0.170083 -10.128590
v -0.876102 -0.361157 -10.265377
v -0.451011 -0.231313 -10.146930
v -0.451011 -0.275610 -10.265629
v -0.220788 -0.248768 -10.171005
v -0.127076 -0.236071 -10.179462
v -0.111267 -0.203494 -10.180877
v -0.220788 -0.153730 -10.177792
v -0.451011 -0.142047 -10.180243
v -0.358497 -0.147729 -10.177637
v -0.553610 -0.135066 -10.185377
v -0.876102 -0.116467 -10.203722
v -0.876102 -0.307375 -10.340391
v -1.093279 -0.129472 -10.163414
v -1.093279 -0.376314 -10.315938
v -0.280334 -0.183560 -10.053288
v -0.280334 -0.217762 -10.062387
v -1.017248 0.112991 -10.044961
v -1.037133 0.009003 -10.116349
v -1.093279 0.001080 -10.082746
v -1.037133 -0.026206 -10.059699
v -0.220788 -0.177002 -10.294677
v -0.138348 -0.180382 -10.256969
v -0.129876 -0.204457 -10.257482
v -0.138348 -0.228895 -10.256048
v -0.132675 -0.173942 -10.132941
v -0.280334 -0.146091 -10.088565
v -0.220788 -0.246202 -10.135079
v -0.127076 -0.235737 -10.156063
v -0.280334 -0.228772 -10.077869
v -0.280334 -0.240392 -10.121278
v -0.966951 -0.045235 -10.056495
v -0.771991 -0.102189 -10.055253
v -0.662025 -0.140127 -10.058215
v -0.662025 -0.075387 -9.986905
v -0.950575 -0.480954 -10.416801
v -0.771991 -0.410383 -10.420709
v -0.662025 -0.009114 -10.041803
v -0.771991 -0.038876 -10.126453
v -0.966951 0.001018 -10.128380
v -0.950575 0.131921 -10.022668
v -0.771991 0.067059 -10.014955
v -0.662025 -0.043773 -9.965559
v -0.662025 0.001475 -9.965378
v -0.553610 -0.177316 -10.067869
v -0.358497 -0.228519 -10.103374
v -0.553610 -0.286730 -10.405384
v -0.358497 -0.203149 -10.349050
v -0.358497 -0.135610 -10.124491
v -0.553609 -0.094734 -10.115392
v -0.553609 -0.050701 -10.011062
v -0.358497 -0.133292 -10.047124
v -0.662025 -0.375628 -10.345755
v -0.280334 -0.256529 -10.292450
v -0.127076 -0.236703 -10.223706
v -0.220788 -0.253618 -10.238932
v -0.132675 -0.175855 -10.248708
v -0.127076 -0.171205 -10.224642
v -0.280334 -0.173848 -10.303144
v -0.280334 -0.162229 -10.259736
v -0.553610 -0.211259 -10.317883
v -0.358497 -0.170562 -10.278271
v -0.662025 -0.313910 -10.399111
v -0.662025 -0.243128 -10.331240
v -1.017248 -0.459077 -10.400620
v -0.662025 -0.316407 -10.270344
v -0.662025 -0.201129 -10.131596
v -1.037133 -0.149551 -10.137321
v -1.037133 -0.384237 -10.282333
v -0.280334 -0.256721 -10.247513
v -0.280334 -0.246040 -10.164947
v -1.037133 -0.349804 -10.338058
v -1.037133 -0.115119 -10.193046
vt 0.914764 0.837600
vt 0.916060 0.835952
vt 0.021097 0.801139
vt 0.917416 0.844404
vt 0.027453 0.796365
vt 0.023510 0.802726
vt 0.021149 0.807492
vt 0.018576 0.806043
vt 0.919269 0.849242
vt 0.942205 0.909849
vt 0.945232 0.912883
vt 0.004172 0.875672
vt 0.939762 0.911334
vt 0.009369 0.877529
vt 0.935285 0.912345
vt 0.004206 0.869671
vt 0.006588 0.871280
vt 0.011029 0.872407
vt 0.016901 0.872744
vt 0.015895 0.878143
vt 0.929383 0.912614
vt 0.898302 0.847820
vt 0.895697 0.846574
vt 0.043199 0.804083
vt 0.900496 0.843005
vt 0.042080 0.809648
vt 0.040396 0.804759
vt 0.037982 0.797866
vt 0.039328 0.796237
vt 0.904188 0.836536
vt 0.912143 0.836712
vt 0.912668 0.833845
vt 0.029374 0.793274
vt 0.913101 0.836922
vt 0.030195 0.796158
vt 0.029217 0.796132
vt 0.028254 0.796209
vt 0.914836 0.834866
vt 0.914020 0.837236
vt 0.026198 0.803458
vt 0.024779 0.803144
vt 0.027728 0.803716
vt 0.026346 0.808525
vt 0.024431 0.808234
vt 0.022668 0.807901
vt 0.914001 0.849243
vt 0.913100 0.844412
vt 0.914642 0.844457
vt 0.915928 0.849251
vt 0.916088 0.844466
vt 0.917710 0.849250
vt 0.928243 0.906681
vt 0.926651 0.899035
vt 0.932030 0.899065
vt 0.933934 0.906590
vt 0.924562 0.890234
vt 0.922085 0.880932
vt 0.926298 0.880891
vt 0.929410 0.890234
vt 0.933902 0.890365
vt 0.936825 0.899081
vt 0.930134 0.880891
vt 0.933296 0.881028
vt 0.937484 0.890545
vt 0.940570 0.899156
vt 0.938553 0.906102
vt 0.942138 0.905903
vt 0.882089 0.909645
vt 0.878889 0.912378
vt 0.068265 0.867384
vt 0.882083 0.905871
vt 0.067014 0.860025
vt 0.883145 0.899390
vt 0.064306 0.869895
vt 0.064326 0.866034
vt 0.062964 0.859407
vt 0.059848 0.850855
vt 0.881586 0.890122
vt 0.055652 0.841432
vt 0.059412 0.841741
vt 0.885213 0.890783
vt 0.887817 0.881010
vt 0.009778 0.840768
vt 0.012869 0.840910
vt 0.010755 0.850702
vt 0.007167 0.850669
vt 0.016719 0.840930
vt 0.015157 0.850550
vt 0.013701 0.859408
vt 0.008976 0.859437
vt 0.005107 0.859350
vt 0.020974 0.840932
vt 0.020020 0.850405
vt 0.019041 0.859260
vt 0.017962 0.866875
vt 0.012335 0.866807
vt 0.007745 0.866275
vt 0.004133 0.865903
vt 0.937012 0.881432
vt 0.003197 0.849639
vt 0.000839 0.858958
vt 0.946041 0.907396
vt 0.919507 0.871808
vt 0.917177 0.863261
vt 0.920134 0.863226
vt 0.923080 0.871758
vt 0.915329 0.855635
vt 0.917724 0.855622
vt 0.919923 0.855624
vt 0.922815 0.863207
vt 0.921776 0.855659
vt 0.925014 0.863249
vt 0.926292 0.871709
vt 0.928960 0.871780
vt 0.054912 0.832447
vt 0.890455 0.871334
vt 0.050838 0.823756
vt 0.893127 0.862313
vt 0.051392 0.832261
vt 0.047552 0.823734
vt 0.044429 0.816107
vt 0.893066 0.853177
vt 0.895781 0.854363
vt 0.020227 0.814383
vt 0.018392 0.813984
vt 0.022414 0.814702
vt 0.020379 0.822556
vt 0.017666 0.822269
vt 0.015455 0.821898
vt 0.024817 0.814982
vt 0.023344 0.822785
vt 0.022057 0.831574
vt 0.018454 0.831436
vt 0.015178 0.831248
vt 0.012545 0.830964
vt 0.015648 0.812559
vt 0.012565 0.820500
vt 0.932475 0.872038
vt 0.890821 0.881011
vt 0.888679 0.890664
vt 0.894618 0.880943
vt 0.893045 0.890472
vt 0.891560 0.899300
vt 0.886871 0.899357
vt 0.898880 0.880905
vt 0.897915 0.890324
vt 0.896905 0.899157
vt 0.895822 0.906782
vt 0.890192 0.906720
vt 0.894789 0.912667
vt 0.888914 0.912352
vt 0.885643 0.906206
vt 0.884487 0.911225
vt 0.899837 0.848156
vt 0.897595 0.854657
vt 0.901609 0.848422
vt 0.899795 0.854894
vt 0.897972 0.862732
vt 0.895267 0.862539
vt 0.903532 0.848651
vt 0.902208 0.855094
vt 0.900942 0.862881
vt 0.899839 0.871614
vt 0.896238 0.871547
vt 0.893005 0.871466
vt 0.904983 0.836343
vt 0.905941 0.836226
vt 0.903207 0.843614
vt 0.901781 0.843359
vt 0.906915 0.836215
vt 0.904740 0.843818
vt 0.038153 0.795110
vt 0.037079 0.794421
vt 0.037249 0.797481
vt 0.036339 0.797138
vt 0.035389 0.796899
vt 0.036035 0.793973
vt 0.036801 0.809499
vt 0.036073 0.804644
vt 0.037616 0.804742
vt 0.038730 0.809574
vt 0.039064 0.804792
vt 0.040513 0.809626
vt 0.041706 0.832084
vt 0.039554 0.823554
vt 0.042511 0.823594
vt 0.045281 0.832091
vt 0.044179 0.841156
vt 0.048416 0.841164
vt 0.037926 0.815910
vt 0.040317 0.815978
vt 0.042514 0.816040
vt 0.045233 0.823644
vt 0.048618 0.832147
vt 0.052404 0.841269
vt 0.050387 0.866818
vt 0.048771 0.859169
vt 0.054196 0.859224
vt 0.056081 0.866720
vt 0.051508 0.872737
vt 0.057402 0.872440
vt 0.046653 0.850401
vt 0.051554 0.850457
vt 0.056149 0.850636
vt 0.059081 0.859272
vt 0.060728 0.866243
vt 0.061860 0.871392
vt 0.052427 0.878136
vt 0.058882 0.877626
vt 0.882107 0.915724
vt 0.914080 0.880924
vt 0.915316 0.890158
vt 0.916335 0.898908
vt 0.917019 0.906544
vt 0.917418 0.912465
vt 0.910380 0.849136
vt 0.910782 0.855590
vt 0.911577 0.863262
vt 0.912719 0.871836
vt 0.910210 0.844251
vt 0.910352 0.836424
vt 0.910729 0.833511
vt 0.032008 0.796304
vt 0.030612 0.804092
vt 0.029965 0.808956
vt 0.028861 0.831772
vt 0.029003 0.840946
vt 0.028962 0.823125
vt 0.029355 0.815400
vt 0.028850 0.872561
vt 0.029134 0.866651
vt 0.029294 0.859023
vt 0.029215 0.850248
vt 0.028565 0.877974
vt 0.930305 0.918066
vt 0.917694 0.917873
vt 0.893839 0.918071
vt 0.907088 0.833191
vt 0.032441 0.793365
vt 0.030493 0.793187
vt 0.067387 0.872841
vt 0.064075 0.876008
vt 0.887320 0.917502
vt 0.905965 0.833354
vt 0.904754 0.833747
vt 0.903335 0.834533
vt 0.006311 0.839550
vt 0.009447 0.829640
vt 0.928243 0.863309
vt 0.924760 0.855531
vt 0.922153 0.848896
vt 0.045008 0.809299
vt 0.047514 0.815956
vt 0.890310 0.861182
vt 0.887466 0.870287
vt 0.884569 0.880115
vt 0.000929 0.872326
vt 0.000000 0.866698
vt 0.944588 0.899918
vt 0.941353 0.891011
vt 0.063810 0.851223
vt 0.879205 0.899279
vt 0.878077 0.906801
vt 0.026703 0.794304
vt 0.028153 0.793596
vt 0.913730 0.834231
vt 0.897999 0.841566
vt 0.936744 0.917605
vt 0.941941 0.916060
vt 0.920209 0.843698
vt 0.467696 0.920134
vt 0.469344 0.921431
vt 0.535129 0.854534
vt 0.460891 0.922785
vt 0.539902 0.860890
vt 0.533543 0.856947
vt 0.528777 0.854585
vt 0.530226 0.852012
vt 0.456053 0.924637
vt 0.395441 0.947562
vt 0.392408 0.950589
vt 0.460600 0.837597
vt 0.393957 0.945119
vt 0.458742 0.842794
vt 0.392947 0.940642
vt 0.466600 0.837632
vt 0.464991 0.840013
vt 0.463864 0.844455
vt 0.463525 0.850326
vt 0.458127 0.849319
vt 0.392679 0.934740
vt 0.457479 0.903671
vt 0.458725 0.901066
vt 0.532182 0.876635
vt 0.462293 0.905866
vt 0.526617 0.875516
vt 0.531507 0.873832
vt 0.538401 0.871419
vt 0.540029 0.872765
vt 0.468761 0.909559
vt 0.468584 0.917514
vt 0.471451 0.918039
vt 0.542994 0.862812
vt 0.468374 0.918471
vt 0.540109 0.863633
vt 0.540135 0.862655
vt 0.540059 0.861691
vt 0.470430 0.920207
vt 0.468060 0.919391
vt 0.532810 0.859634
vt 0.533124 0.858215
vt 0.532552 0.861164
vt 0.527743 0.859782
vt 0.528034 0.857866
vt 0.528367 0.856104
vt 0.456053 0.919370
vt 0.460884 0.918469
vt 0.460838 0.920012
vt 0.456044 0.921297
vt 0.460830 0.921457
vt 0.456045 0.923078
vt 0.398612 0.933601
vt 0.406258 0.932011
vt 0.406227 0.937390
vt 0.398702 0.939292
vt 0.415059 0.929923
vt 0.424362 0.927448
vt 0.424403 0.931660
vt 0.415059 0.934771
vt 0.414927 0.939263
vt 0.406211 0.942185
vt 0.424402 0.935497
vt 0.424264 0.938659
vt 0.414746 0.942845
vt 0.406135 0.945930
vt 0.399189 0.943911
vt 0.399388 0.947496
vt 0.395656 0.887447
vt 0.392924 0.884246
vt 0.468877 0.901692
vt 0.399430 0.887441
vt 0.476237 0.900442
vt 0.405911 0.888504
vt 0.466367 0.897732
vt 0.470228 0.897753
vt 0.476855 0.896392
vt 0.485408 0.893277
vt 0.415179 0.886947
vt 0.494832 0.889083
vt 0.494522 0.892842
vt 0.414518 0.890574
vt 0.424291 0.893179
vt 0.495502 0.843208
vt 0.495360 0.846300
vt 0.485569 0.844184
vt 0.485603 0.840596
vt 0.495339 0.850150
vt 0.485720 0.848586
vt 0.476862 0.847128
vt 0.476834 0.842403
vt 0.476922 0.838535
vt 0.495337 0.854405
vt 0.485864 0.853449
vt 0.477009 0.852469
vt 0.469395 0.851388
vt 0.469464 0.845761
vt 0.469996 0.841172
vt 0.470369 0.837559
vt 0.423859 0.942374
vt 0.486633 0.836626
vt 0.477315 0.834267
vt 0.397894 0.951399
vt 0.433487 0.924871
vt 0.442034 0.922542
vt 0.442069 0.925500
vt 0.433536 0.928444
vt 0.449661 0.920696
vt 0.449673 0.923091
vt 0.449670 0.925290
vt 0.442087 0.928181
vt 0.449635 0.927143
vt 0.442045 0.930380
vt 0.433585 0.931656
vt 0.433513 0.934325
vt 0.503817 0.888344
vt 0.433965 0.895819
vt 0.512508 0.884271
vt 0.442986 0.898493
vt 0.504003 0.884824
vt 0.512531 0.880985
vt 0.520158 0.877863
vt 0.452123 0.898434
vt 0.450936 0.901149
vt 0.521886 0.853661
vt 0.522285 0.851827
vt 0.521567 0.855849
vt 0.513713 0.853812
vt 0.514001 0.851099
vt 0.514372 0.848889
vt 0.521286 0.858252
vt 0.513484 0.856777
vt 0.504694 0.855489
vt 0.504833 0.851886
vt 0.505022 0.848610
vt 0.505306 0.845977
vt 0.523711 0.849083
vt 0.515771 0.845999
vt 0.433255 0.937840
vt 0.424289 0.896183
vt 0.414636 0.894040
vt 0.424356 0.899981
vt 0.414827 0.898406
vt 0.406000 0.896919
vt 0.405944 0.892231
vt 0.424393 0.904243
vt 0.414974 0.903276
vt 0.406141 0.902265
vt 0.398517 0.901180
vt 0.398580 0.895550
vt 0.392632 0.900147
vt 0.392948 0.894271
vt 0.399095 0.891001
vt 0.394076 0.889844
vt 0.457142 0.905205
vt 0.450642 0.902963
vt 0.456876 0.906977
vt 0.450404 0.905162
vt 0.442567 0.903338
vt 0.442760 0.900633
vt 0.456647 0.908900
vt 0.450204 0.907575
vt 0.442417 0.906307
vt 0.433685 0.905204
vt 0.433752 0.901603
vt 0.433834 0.898370
vt 0.468954 0.910353
vt 0.469071 0.911311
vt 0.461683 0.908576
vt 0.461938 0.907150
vt 0.469082 0.912286
vt 0.461480 0.910110
vt 0.541156 0.871590
vt 0.541845 0.870516
vt 0.538785 0.870686
vt 0.539128 0.869776
vt 0.539368 0.868826
vt 0.542294 0.869473
vt 0.526768 0.870237
vt 0.531623 0.869509
vt 0.531525 0.871052
vt 0.526692 0.872165
vt 0.531474 0.872500
vt 0.526640 0.873948
vt 0.504181 0.875138
vt 0.512712 0.872987
vt 0.512671 0.875944
vt 0.504174 0.878713
vt 0.495109 0.877610
vt 0.495101 0.881847
vt 0.520356 0.871360
vt 0.520288 0.873752
vt 0.520226 0.875948
vt 0.512621 0.878666
vt 0.504118 0.882050
vt 0.494995 0.885834
vt 0.469446 0.883814
vt 0.477096 0.882199
vt 0.477039 0.887623
vt 0.469543 0.889507
vt 0.463527 0.884934
vt 0.463823 0.890827
vt 0.485864 0.880082
vt 0.485807 0.884983
vt 0.485627 0.889578
vt 0.476991 0.892508
vt 0.470020 0.894155
vt 0.464870 0.895286
vt 0.458128 0.885852
vt 0.458637 0.892307
vt 0.389578 0.887464
vt 0.424371 0.919442
vt 0.415138 0.920677
vt 0.406387 0.921694
vt 0.398751 0.922377
vt 0.392830 0.922775
vt 0.456160 0.915749
vt 0.449706 0.916149
vt 0.442034 0.916943
vt 0.433459 0.918084
vt 0.461045 0.915580
vt 0.468872 0.915722
vt 0.471785 0.916101
vt 0.539964 0.865445
vt 0.532175 0.864048
vt 0.527312 0.863400
vt 0.504496 0.862293
vt 0.495322 0.862433
vt 0.513142 0.862395
vt 0.520867 0.862789
vt 0.463707 0.862276
vt 0.469617 0.862560
vt 0.477245 0.862721
vt 0.486020 0.862644
vt 0.458294 0.861989
vt 0.058947 0.882879
vt 0.057299 0.881583
vt 0.047147 0.690818
vt 0.065751 0.880226
vt 0.040789 0.695590
vt 0.044734 0.689231
vt 0.047097 0.684465
vt 0.049669 0.685915
vt 0.070589 0.878373
vt 0.131195 0.855432
vt 0.134227 0.852404
vt 0.064096 0.616291
vt 0.132679 0.857875
vt 0.058900 0.614432
vt 0.133691 0.862352
vt 0.064060 0.622292
vt 0.061679 0.620682
vt 0.057238 0.619554
vt 0.051366 0.619215
vt 0.052374 0.613817
vt 0.133960 0.868254
vt 0.069169 0.899340
vt 0.067923 0.901945
vt 0.025046 0.687867
vt 0.064353 0.897146
vt 0.026166 0.682302
vt 0.027849 0.687193
vt 0.030261 0.694087
vt 0.028914 0.695715
vt 0.057884 0.893454
vt 0.058060 0.885500
vt 0.055193 0.884975
vt 0.038867 0.698681
vt 0.058269 0.884542
vt 0.038047 0.695797
vt 0.039025 0.695823
vt 0.039989 0.695746
vt 0.056213 0.882806
vt 0.058583 0.883622
vt 0.042047 0.688498
vt 0.043465 0.688812
vt 0.040517 0.688239
vt 0.041900 0.683431
vt 0.043816 0.683722
vt 0.045578 0.684056
vt 0.070590 0.883640
vt 0.065759 0.884543
vt 0.065805 0.883000
vt 0.070599 0.881714
vt 0.065813 0.881554
vt 0.070597 0.879932
vt 0.128028 0.869394
vt 0.120382 0.870986
vt 0.120411 0.865608
vt 0.127936 0.863703
vt 0.111581 0.873076
vt 0.102279 0.875554
vt 0.102237 0.871342
vt 0.111580 0.868229
vt 0.111711 0.863736
vt 0.120427 0.860812
vt 0.102237 0.867505
vt 0.102374 0.864343
vt 0.111891 0.860154
vt 0.120501 0.857067
vt 0.127448 0.859084
vt 0.127248 0.855500
vt 0.130995 0.915547
vt 0.133728 0.918748
vt 0.000000 0.624558
vt 0.127221 0.915554
vt 0.001249 0.631918
vt 0.120740 0.914493
vt 0.003960 0.622049
vt 0.003938 0.625910
vt 0.005299 0.632537
vt 0.008412 0.641090
vt 0.111472 0.916052
vt 0.012605 0.650515
vt 0.008845 0.650204
vt 0.112133 0.912426
vt 0.102360 0.909823
vt 0.058479 0.651193
vt 0.055388 0.651050
vt 0.057505 0.641259
vt 0.061093 0.641294
vt 0.051538 0.651029
vt 0.053103 0.641410
vt 0.054562 0.632552
vt 0.059287 0.632524
vt 0.063155 0.632613
vt 0.047282 0.651026
vt 0.048240 0.641553
vt 0.049221 0.632698
vt 0.050303 0.625084
vt 0.055931 0.625154
vt 0.060520 0.625687
vt 0.064132 0.626060
vt 0.102778 0.860628
vt 0.065063 0.642324
vt 0.067423 0.633007
vt 0.128740 0.851596
vt 0.093155 0.878133
vt 0.084609 0.880464
vt 0.084573 0.877506
vt 0.093105 0.874560
vt 0.076982 0.882312
vt 0.076969 0.879918
vt 0.076971 0.877718
vt 0.084554 0.874826
vt 0.077006 0.875865
vt 0.084595 0.872626
vt 0.093055 0.871348
vt 0.093127 0.868680
vt 0.013342 0.659500
vt 0.092684 0.907185
vt 0.017413 0.668192
vt 0.083663 0.904513
vt 0.016862 0.659687
vt 0.020699 0.668216
vt 0.023820 0.675843
vt 0.074526 0.904575
vt 0.075712 0.901860
vt 0.048021 0.677575
vt 0.049856 0.677974
vt 0.045834 0.677256
vt 0.047872 0.669402
vt 0.050585 0.669690
vt 0.052795 0.670062
vt 0.043431 0.676974
vt 0.044907 0.669172
vt 0.046197 0.660383
vt 0.049800 0.660522
vt 0.053075 0.660712
vt 0.055708 0.660996
vt 0.052600 0.679400
vt 0.055685 0.671461
vt 0.093384 0.865164
vt 0.102361 0.906819
vt 0.112014 0.908959
vt 0.102292 0.903021
vt 0.111821 0.904593
vt 0.120649 0.906078
vt 0.120707 0.910766
vt 0.102254 0.898759
vt 0.111673 0.899723
vt 0.120507 0.900732
vt 0.128131 0.901815
vt 0.128069 0.907445
vt 0.134016 0.902847
vt 0.133701 0.908723
vt 0.127556 0.911994
vt 0.132575 0.913150
vt 0.069504 0.897805
vt 0.076006 0.900046
vt 0.069770 0.896033
vt 0.076243 0.897847
vt 0.084081 0.899668
vt 0.083888 0.902374
vt 0.069999 0.894110
vt 0.076442 0.895433
vt 0.084230 0.896699
vt 0.092962 0.897801
vt 0.092896 0.901402
vt 0.092815 0.904635
vt 0.057692 0.892660
vt 0.057574 0.891702
vt 0.064963 0.894435
vt 0.064708 0.895862
vt 0.057563 0.890728
vt 0.065166 0.892902
vt 0.030089 0.696842
vt 0.031163 0.697531
vt 0.030994 0.694471
vt 0.031903 0.694815
vt 0.032853 0.695054
vt 0.032206 0.697980
vt 0.031445 0.682454
vt 0.032172 0.687309
vt 0.030629 0.687211
vt 0.029517 0.682378
vt 0.029181 0.687159
vt 0.027734 0.682326
vt 0.026548 0.659867
vt 0.028697 0.668398
vt 0.025740 0.668357
vt 0.022972 0.659858
vt 0.024077 0.650794
vt 0.019841 0.650785
vt 0.030323 0.676042
vt 0.027931 0.675974
vt 0.025735 0.675911
vt 0.023018 0.668305
vt 0.019636 0.659802
vt 0.015853 0.650678
vt 0.017878 0.625130
vt 0.019492 0.632780
vt 0.014067 0.632723
vt 0.012184 0.625226
vt 0.016759 0.619211
vt 0.010865 0.619506
vt 0.021606 0.641549
vt 0.016706 0.641490
vt 0.012110 0.641310
vt 0.009182 0.632673
vt 0.007537 0.625702
vt 0.006406 0.620552
vt 0.015841 0.613811
vt 0.009386 0.614319
vt 0.137074 0.915529
vt 0.102272 0.883560
vt 0.111505 0.882323
vt 0.120256 0.881303
vt 0.127891 0.880618
vt 0.133812 0.880219
vt 0.070484 0.887261
vt 0.076938 0.886860
vt 0.084610 0.886063
vt 0.093184 0.884921
vt 0.065599 0.887432
vt 0.057772 0.887291
vt 0.054859 0.886914
vt 0.036234 0.695650
vt 0.037633 0.687863
vt 0.038281 0.682999
vt 0.039393 0.660183
vt 0.039254 0.651009
vt 0.039289 0.668830
vt 0.038894 0.676555
vt 0.039417 0.619394
vt 0.039131 0.625304
vt 0.038969 0.632932
vt 0.039045 0.641707
vt 0.039704 0.613981
vt 0.522531 0.885373
vt 0.520883 0.884077
vt 0.233815 0.816727
vt 0.529336 0.882723
vt 0.240172 0.811954
vt 0.236228 0.818313
vt 0.233865 0.823079
vt 0.231292 0.821630
vt 0.534174 0.880871
vt 0.594787 0.857950
vt 0.597821 0.854923
vt 0.216872 0.891255
vt 0.596271 0.860393
vt 0.222068 0.893113
vt 0.597281 0.864871
vt 0.216907 0.885254
vt 0.219288 0.886864
vt 0.223730 0.887991
vt 0.229601 0.888330
vt 0.228594 0.893728
vt 0.597548 0.870773
vt 0.532747 0.901837
vt 0.531500 0.904442
vt 0.255916 0.819676
vt 0.527932 0.899642
vt 0.254796 0.825240
vt 0.253112 0.820350
vt 0.250700 0.813457
vt 0.252047 0.811829
vt 0.521465 0.895949
vt 0.521642 0.887994
vt 0.518776 0.887469
vt 0.242094 0.808863
vt 0.521852 0.887036
vt 0.242914 0.811747
vt 0.241936 0.811721
vt 0.240973 0.811798
vt 0.519797 0.885300
vt 0.522167 0.886117
vt 0.238915 0.819046
vt 0.237496 0.818733
vt 0.240445 0.819305
vt 0.239062 0.824113
vt 0.237147 0.823822
vt 0.235384 0.823489
vt 0.534173 0.886139
vt 0.529342 0.887039
vt 0.529388 0.885497
vt 0.534183 0.884212
vt 0.529397 0.884051
vt 0.534181 0.882430
vt 0.591616 0.871911
vt 0.583969 0.873501
vt 0.584000 0.868122
vt 0.591525 0.866220
vt 0.575168 0.875588
vt 0.565865 0.878063
vt 0.565825 0.873850
vt 0.575168 0.870741
vt 0.575301 0.866248
vt 0.584017 0.863327
vt 0.565826 0.870014
vt 0.565964 0.866852
vt 0.575482 0.862666
vt 0.584093 0.859582
vt 0.591039 0.861601
vt 0.590840 0.858016
vt 0.594568 0.918065
vt 0.597300 0.921267
vt 0.280967 0.882983
vt 0.590794 0.918071
vt 0.279718 0.875623
vt 0.584313 0.917008
vt 0.277007 0.885493
vt 0.277029 0.881632
vt 0.275668 0.875004
vt 0.272554 0.866451
vt 0.575045 0.918564
vt 0.268360 0.857027
vt 0.272120 0.857337
vt 0.575707 0.914937
vt 0.565934 0.912331
vt 0.222486 0.856353
vt 0.225577 0.856495
vt 0.223461 0.866287
vt 0.219873 0.866252
vt 0.229427 0.856516
vt 0.227863 0.866135
vt 0.226405 0.874994
vt 0.221680 0.875021
vt 0.217811 0.874933
vt 0.233683 0.856519
vt 0.232726 0.865992
vt 0.231745 0.874847
vt 0.230664 0.882461
vt 0.225037 0.882392
vt 0.220447 0.881859
vt 0.216835 0.881486
vt 0.566369 0.863136
vt 0.215903 0.865222
vt 0.213543 0.874540
vt 0.592334 0.854113
vt 0.556740 0.880639
vt 0.548193 0.882967
vt 0.548158 0.880009
vt 0.556691 0.877066
vt 0.540566 0.884813
vt 0.540553 0.882418
vt 0.540556 0.880219
vt 0.548140 0.877328
vt 0.540592 0.878366
vt 0.548182 0.875129
vt 0.556643 0.873854
vt 0.556715 0.871185
vt 0.267622 0.848042
vt 0.556260 0.909691
vt 0.263550 0.839351
vt 0.547239 0.907016
vt 0.264102 0.847855
vt 0.260265 0.839327
vt 0.257143 0.831700
vt 0.538102 0.907075
vt 0.539289 0.904360
vt 0.232941 0.829970
vt 0.231107 0.829571
vt 0.235129 0.830289
vt 0.233091 0.838143
vt 0.230378 0.837855
vt 0.228168 0.837484
vt 0.237532 0.830571
vt 0.236056 0.838372
vt 0.234768 0.847162
vt 0.231164 0.847023
vt 0.227889 0.846834
vt 0.225256 0.846549
vt 0.228363 0.828145
vt 0.225278 0.836084
vt 0.556973 0.867670
vt 0.565936 0.909327
vt 0.575589 0.911471
vt 0.565869 0.905529
vt 0.575398 0.907105
vt 0.584225 0.908593
vt 0.584281 0.913281
vt 0.565833 0.901267
vt 0.575251 0.902235
vt 0.584084 0.903247
vt 0.591708 0.904332
vt 0.591645 0.909962
vt 0.597593 0.905366
vt 0.597276 0.911242
vt 0.591130 0.914511
vt 0.596149 0.915668
vt 0.533083 0.900303
vt 0.539584 0.902546
vt 0.533350 0.898531
vt 0.539822 0.900347
vt 0.547659 0.902171
vt 0.547466 0.904876
vt 0.533579 0.896608
vt 0.540022 0.897933
vt 0.547809 0.899202
vt 0.556541 0.900306
vt 0.556473 0.903907
vt 0.556391 0.907140
vt 0.521272 0.895154
vt 0.521155 0.894196
vt 0.528542 0.896932
vt 0.528287 0.898358
vt 0.521144 0.893222
vt 0.528746 0.895398
vt 0.250872 0.810701
vt 0.249798 0.810012
vt 0.249967 0.813072
vt 0.249058 0.812729
vt 0.248108 0.812489
vt 0.248755 0.809563
vt 0.249517 0.825090
vt 0.248789 0.820234
vt 0.250333 0.820333
vt 0.251445 0.825165
vt 0.251781 0.820384
vt 0.253229 0.825217
vt 0.254416 0.847676
vt 0.252267 0.839145
vt 0.255223 0.839186
vt 0.257992 0.847684
vt 0.256887 0.856749
vt 0.261125 0.856757
vt 0.250640 0.831502
vt 0.253031 0.831569
vt 0.255228 0.831632
vt 0.257945 0.839237
vt 0.261328 0.847740
vt 0.265112 0.856864
vt 0.263089 0.882413
vt 0.261475 0.874763
vt 0.266900 0.874819
vt 0.268783 0.882316
vt 0.264209 0.888331
vt 0.270102 0.888036
vt 0.259359 0.865994
vt 0.264260 0.866052
vt 0.268855 0.866232
vt 0.271784 0.874869
vt 0.273430 0.881840
vt 0.274561 0.886989
vt 0.265126 0.893731
vt 0.271582 0.893223
vt 0.600647 0.918049
vt 0.565855 0.886068
vt 0.575089 0.884834
vt 0.583840 0.883817
vt 0.591476 0.883135
vt 0.597397 0.882738
vt 0.534066 0.889760
vt 0.540520 0.889360
vt 0.548193 0.888566
vt 0.556767 0.887426
vt 0.529181 0.889929
vt 0.521354 0.889785
vt 0.518441 0.889407
vt 0.244727 0.811893
vt 0.243329 0.819681
vt 0.242681 0.824545
vt 0.241572 0.847361
vt 0.241711 0.856535
vt 0.241674 0.838714
vt 0.242069 0.830989
vt 0.241551 0.888150
vt 0.241836 0.882240
vt 0.241998 0.874612
vt 0.241921 0.865837
vt 0.241264 0.893563
vt 0.387227 0.935661
vt 0.387422 0.923050
vt 0.387229 0.899196
vt 0.472106 0.912459
vt 0.542903 0.865879
vt 0.543080 0.863931
vt 0.463421 0.900812
vt 0.460254 0.897499
vt 0.387798 0.892676
vt 0.471943 0.911336
vt 0.471550 0.910125
vt 0.470764 0.908706
vt 0.496722 0.839741
vt 0.506630 0.842879
vt 0.441984 0.933609
vt 0.449763 0.930127
vt 0.456398 0.927521
vt 0.526966 0.878444
vt 0.520309 0.880948
vt 0.444118 0.895676
vt 0.435013 0.892831
vt 0.425186 0.889932
vt 0.463946 0.834354
vt 0.469574 0.833426
vt 0.405373 0.949947
vt 0.414280 0.946714
vt 0.485039 0.897239
vt 0.406023 0.884565
vt 0.398501 0.883435
vt 0.541964 0.860141
vt 0.542672 0.861591
vt 0.471065 0.919101
vt 0.463732 0.903369
vt 0.387686 0.942101
vt 0.389231 0.947297
vt 0.461597 0.925578
vt 0.139412 0.867331
vt 0.139220 0.879942
vt 0.139420 0.903797
vt 0.054539 0.890555
vt 0.035800 0.698589
vt 0.037749 0.698767
vt 0.000880 0.619102
vt 0.004193 0.615936
vt 0.138852 0.910316
vt 0.054703 0.891678
vt 0.055096 0.892889
vt 0.055882 0.894308
vt 0.061946 0.652413
vt 0.058806 0.662321
vt 0.084656 0.869398
vt 0.076878 0.872881
vt 0.070243 0.875489
vt 0.023238 0.682651
vt 0.020735 0.675994
vt 0.082531 0.907331
vt 0.091637 0.910174
vt 0.101465 0.913070
vt 0.067338 0.619638
vt 0.068265 0.625267
vt 0.121263 0.853049
vt 0.112356 0.856285
vt 0.004450 0.640721
vt 0.120629 0.918433
vt 0.128152 0.919560
vt 0.041538 0.697652
vt 0.040089 0.698359
vt 0.055578 0.883913
vt 0.062915 0.899643
vt 0.138951 0.860892
vt 0.137405 0.855695
vt 0.065045 0.877433
vt 0.603001 0.869852
vt 0.602805 0.882463
vt 0.602996 0.906318
vt 0.518120 0.893048
vt 0.245161 0.808954
vt 0.243212 0.808777
vt 0.280087 0.888439
vt 0.276774 0.891605
vt 0.602427 0.912837
vt 0.518283 0.894171
vt 0.518676 0.895383
vt 0.519461 0.896801
vt 0.219019 0.855133
vt 0.222158 0.845225
vt 0.548244 0.871901
vt 0.540464 0.875382
vt 0.533829 0.877987
vt 0.257724 0.824892
vt 0.260228 0.831549
vt 0.546107 0.909833
vt 0.555212 0.912679
vt 0.565038 0.915578
vt 0.213629 0.887908
vt 0.212702 0.882280
vt 0.584856 0.855564
vt 0.575948 0.858797
vt 0.276516 0.866820
vt 0.584201 0.920947
vt 0.591723 0.922077
vt 0.239422 0.809892
vt 0.240872 0.809185
vt 0.519162 0.886406
vt 0.526493 0.902139
vt 0.602542 0.863412
vt 0.600998 0.858215
vt 0.528630 0.879930
vn -0.395449 -0.419896 0.816889
vn 0.027522 -0.490277 0.871132
vn 0.058082 -0.406465 0.911818
vn -0.414575 -0.333735 0.846610
vn 0.454214 -0.448075 0.770012
vn 0.516220 -0.392560 0.761192
vn 0.657295 -0.369656 0.656748
vn 0.116914 -0.369697 0.921767
vn -0.480886 -0.219861 0.848770
vn -0.170747 0.245295 0.954293
vn 0.777154 0.436744 0.453085
vn 0.429067 0.867300 0.252375
vn -0.333421 0.335104 0.881212
vn 0.174912 0.978527 0.109048
vn -0.429770 0.359537 0.828270
vn 0.846046 0.055699 -0.530193
vn 0.678146 0.223695 -0.700056
vn 0.572879 0.282215 -0.769523
vn 0.511575 0.310367 -0.801226
vn 0.025923 0.999541 0.015670
vn -0.490119 0.354564 0.796284
vn -0.670290 -0.350692 -0.654008
vn -0.119588 -0.370273 -0.921193
vn -0.058526 -0.406811 -0.911636
vn -0.520011 -0.381015 -0.764471
vn 0.467082 -0.243175 -0.850118
vn 0.411297 -0.345965 -0.843293
vn 0.392003 -0.428122 -0.814276
vn -0.030491 -0.490472 -0.870923
vn -0.457745 -0.440238 -0.772438
vn -0.942812 -0.324937 0.074301
vn 0.000036 -0.998814 0.048691
vn 0.001912 -0.962390 0.271665
vn -0.904770 -0.355782 0.234118
vn 0.926847 -0.375347 -0.008348
vn 0.895459 -0.417196 0.155244
vn 0.814703 -0.440479 0.377143
vn 0.007155 -0.853172 0.521581
vn -0.808132 -0.379259 0.450649
vn 0.978058 -0.186577 0.092691
vn 0.915102 -0.256755 0.310911
vn 0.989837 -0.134635 -0.045778
vn 0.987753 -0.086510 -0.129848
vn 0.988765 -0.147777 -0.022485
vn 0.958837 -0.226312 0.171505
vn -0.982149 0.076044 0.172049
vn -0.993859 -0.041547 0.102563
vn -0.969074 -0.065252 0.237986
vn -0.958785 0.076286 0.273700
vn -0.882142 -0.131278 0.452317
vn -0.888703 0.014562 0.458252
vn -0.544071 0.159359 0.823767
vn -0.589933 0.160244 0.791392
vn -0.548348 0.215869 0.807908
vn -0.501796 0.194494 0.842836
vn -0.659193 0.181079 0.729846
vn -0.746247 0.189521 0.638120
vn -0.708791 0.266046 0.653326
vn -0.618097 0.252320 0.744507
vn -0.528591 0.260336 0.807970
vn -0.475676 0.228412 0.849447
vn -0.616289 0.272629 0.738824
vn -0.277311 0.103596 0.955179
vn -0.217943 0.118437 0.968748
vn -0.179424 0.126380 0.975621
vn -0.430814 0.208909 0.877927
vn -0.156242 0.157737 0.975042
vn -0.820106 0.106928 0.562132
vn -0.772996 0.438488 -0.458482
vn -0.857307 -0.073501 -0.509531
vn -0.840755 -0.130430 0.525471
vn -0.808426 -0.273868 -0.521002
vn -0.828409 -0.287176 0.480905
vn 0.146236 0.176127 -0.973445
vn 0.112591 0.064535 -0.991544
vn 0.106771 0.052961 -0.992872
vn 0.137276 0.062440 -0.988563
vn -0.723204 -0.352623 -0.593830
vn 0.212971 0.051624 -0.975694
vn -0.612179 -0.362038 -0.702969
vn -0.831817 -0.397831 0.387055
vn -0.865745 -0.446762 0.225588
vn 0.867513 -0.482821 -0.119606
vn 0.782750 -0.376460 -0.495560
vn 0.714405 -0.337293 -0.613073
vn 0.859370 -0.437726 -0.264347
vn 0.759255 -0.299927 -0.577559
vn 0.670487 -0.267372 -0.692069
vn 0.610973 -0.179617 -0.771006
vn 0.681410 -0.240565 -0.691237
vn 0.865467 -0.340228 -0.367711
vn 0.754247 -0.195314 -0.626869
vn 0.662369 -0.170018 -0.729631
vn 0.591757 -0.102575 -0.799564
vn 0.550721 0.011965 -0.834604
vn 0.585654 -0.036825 -0.809724
vn 0.664561 -0.095073 -0.741161
vn 0.872263 -0.195790 -0.448133
vn 0.588442 -0.364304 0.721816
vn 0.698428 -0.354108 0.621937
vn 0.784330 -0.269238 0.558871
vn 0.856782 -0.079294 0.509547
vn -0.835920 0.178742 0.518930
vn -0.910015 0.148781 0.386959
vn -0.875827 0.196839 0.440661
vn -0.800019 0.246734 0.546893
vn -0.957886 0.110650 0.264975
vn -0.929154 0.134232 0.344463
vn -0.865294 0.095759 0.492033
vn -0.813116 0.180611 0.553374
vn -0.489939 -0.139395 0.860540
vn -0.452038 -0.042926 0.890965
vn -0.725653 0.246642 0.642336
vn -0.366007 0.045749 0.929487
vn -0.474585 -0.355128 -0.805390
vn -0.895751 -0.444548 -0.002635
vn -0.329292 -0.358235 -0.873633
vn -0.872998 -0.413968 -0.257887
vn 0.313414 -0.001789 -0.949615
vn 0.404915 -0.085301 -0.910367
vn 0.457793 -0.172611 -0.872142
vn -0.206015 -0.365179 -0.907856
vn -0.786991 -0.376773 -0.488556
vn 0.962887 -0.269141 0.020303
vn 0.761362 -0.400302 0.509986
vn 0.970870 -0.193234 -0.141679
vn 0.926939 -0.244946 -0.284229
vn 0.934380 -0.321471 -0.153592
vn 0.842038 -0.442220 0.308891
vn 0.965711 -0.119966 -0.230239
vn 0.920181 -0.157079 -0.358600
vn 0.847141 -0.186042 -0.497736
vn 0.853544 -0.285865 -0.435597
vn 0.868997 -0.364063 -0.335115
vn 0.874937 -0.477231 0.082072
vn 0.195738 -0.364302 0.910478
vn 0.310675 -0.357121 0.880878
vn 0.451753 -0.355204 0.818382
vn -0.761084 -0.318228 0.565228
vn -0.675291 -0.283327 0.680961
vn -0.758815 -0.246014 0.603056
vn -0.664574 -0.221664 0.713587
vn -0.599572 -0.146551 0.786789
vn -0.632683 -0.194394 0.749615
vn -0.763432 -0.080202 0.640890
vn -0.667456 -0.068834 0.741461
vn -0.591970 -0.028056 0.805471
vn -0.547736 0.052493 0.835003
vn -0.571071 -0.015970 0.820745
vn -0.505669 0.324233 0.799482
vn -0.562974 0.293627 0.772556
vn -0.625072 -0.055621 0.778583
vn -0.656483 0.250871 0.711403
vn -0.967439 -0.188304 -0.169127
vn -0.974857 -0.222820 -0.002378
vn -0.994033 -0.106694 0.022709
vn -0.978965 -0.144129 0.144414
vn -0.936286 -0.190458 0.295116
vn -0.942819 -0.268982 0.196827
vn -0.990099 -0.020260 0.138904
vn -0.970443 -0.034293 0.238882
vn -0.928245 -0.052836 0.368197
vn -0.857320 -0.070321 0.509958
vn -0.859256 -0.229632 0.457108
vn -0.864299 -0.307589 0.397965
vn -0.821969 -0.425489 -0.378585
vn -0.902947 -0.400567 -0.155668
vn -0.982977 -0.158590 -0.092768
vn -0.921458 -0.231125 -0.312244
vn -0.939221 -0.342627 0.021698
vn -0.994305 -0.089986 0.057089
vn -0.007036 -0.853172 -0.521582
vn -0.002656 -0.962391 -0.271653
vn 0.801414 -0.395282 -0.448874
vn 0.897914 -0.373347 -0.233158
vn 0.938690 -0.339186 -0.061760
vn 0.000505 -0.999541 -0.030297
vn 0.986004 0.013195 -0.166201
vn 0.992615 -0.077726 -0.093133
vn 0.966750 -0.094091 -0.237783
vn 0.960985 0.034644 -0.274424
vn 0.878086 -0.158369 -0.451535
vn 0.885512 -0.026580 -0.463856
vn 0.847643 0.065117 -0.526555
vn 0.920389 0.046717 -0.388203
vn 0.875209 0.138289 -0.463558
vn 0.784657 0.182675 -0.592404
vn 0.752928 0.076314 -0.653664
vn 0.674082 0.203977 -0.709934
vn 0.964611 0.027661 -0.262222
vn 0.932815 0.083982 -0.350433
vn 0.853659 0.042491 -0.519096
vn 0.780783 0.114375 -0.614245
vn 0.670670 0.172754 -0.721359
vn 0.548959 0.201144 -0.811286
vn 0.536312 0.119946 -0.835453
vn 0.580910 0.091278 -0.808834
vn 0.506806 0.173632 -0.844393
vn 0.478568 0.156691 -0.863957
vn 0.490737 0.339649 -0.802382
vn 0.430341 0.329792 -0.840264
vn 0.656682 0.082010 -0.749695
vn 0.572933 0.197665 -0.795410
vn 0.453519 0.193831 -0.869914
vn 0.404027 0.163085 -0.900092
vn 0.393180 0.139829 -0.908767
vn 0.330021 0.290146 -0.898277
vn -0.017974 0.999777 -0.011106
vn -0.172629 0.979194 -0.106671
vn -0.420901 0.869038 -0.260028
vn -0.762466 0.027452 0.646446
vn -0.666915 0.030820 0.744496
vn -0.591832 0.046770 0.804704
vn -0.546949 0.093298 0.831951
vn -0.502007 0.326181 0.800996
vn -0.988280 0.019753 0.151369
vn -0.968313 0.023823 0.248600
vn -0.926351 0.027079 0.375687
vn -0.855846 0.028654 0.516436
vn -0.994808 -0.069898 0.073974
vn -0.940036 -0.338470 0.042071
vn -0.000464 -1.000000 0.000006
vn 0.932893 -0.357729 -0.041714
vn 0.992320 -0.099534 -0.073447
vn 0.988357 -0.021342 -0.150647
vn 0.857027 -0.031289 -0.514321
vn 0.763843 -0.028545 -0.644770
vn 0.927040 -0.030242 -0.373741
vn 0.968591 -0.026365 -0.247256
vn 0.500974 0.319038 -0.804512
vn 0.544624 0.077083 -0.835130
vn 0.591156 0.016329 -0.806392
vn 0.667896 -0.015503 -0.744093
vn -0.000953 0.999999 -0.000800
vn -0.419904 0.395431 0.816894
vn -0.490273 -0.027519 0.871135
vn -0.406464 -0.058081 0.911819
vn -0.333737 0.414582 0.846606
vn -0.448066 -0.454223 0.770012
vn -0.392553 -0.516229 0.761190
vn -0.369654 -0.657299 0.656746
vn -0.369696 -0.116915 0.921768
vn -0.219863 0.480896 0.848764
vn 0.245295 0.170750 0.954293
vn 0.436742 -0.777149 0.453097
vn 0.867296 -0.429070 0.252381
vn 0.335099 0.333427 0.881212
vn 0.978526 -0.174915 0.109050
vn 0.359534 0.429770 0.828271
vn 0.055701 -0.846044 -0.530195
vn 0.223693 -0.678146 -0.700057
vn 0.282213 -0.572881 -0.769521
vn 0.310371 -0.511572 -0.801226
vn 0.999541 -0.025922 0.015670
vn 0.354560 0.490117 0.796286
vn -0.350694 0.670287 -0.654010
vn -0.370271 0.119587 -0.921194
vn -0.406809 0.058529 -0.911636
vn -0.381007 0.520025 -0.764466
vn -0.243173 -0.467080 -0.850120
vn -0.345965 -0.411314 -0.843284
vn -0.428125 -0.392024 -0.814264
vn -0.490478 0.030483 -0.870920
vn -0.440230 0.457779 -0.772422
vn -0.324944 0.942810 0.074302
vn -0.998814 -0.000042 0.048692
vn -0.962390 -0.001908 0.271667
vn -0.355771 0.904776 0.234111
vn -0.375343 -0.926849 -0.008348
vn -0.417193 -0.895461 0.155240
vn -0.440479 -0.814704 0.377141
vn -0.853171 -0.007149 0.521582
vn -0.379247 0.808144 0.450639
vn -0.186575 -0.978059 0.092689
vn -0.256758 -0.915099 0.310917
vn -0.134636 -0.989837 -0.045779
vn -0.086508 -0.987753 -0.129850
vn -0.147779 -0.988765 -0.022482
vn -0.226313 -0.958836 0.171509
vn 0.076046 0.982149 0.172049
vn -0.041547 0.993859 0.102563
vn -0.065251 0.969076 0.237979
vn 0.076289 0.958784 0.273704
vn -0.131285 0.882135 0.452330
vn 0.014565 0.888701 0.458257
vn 0.159358 0.544071 0.823767
vn 0.160245 0.589934 0.791391
vn 0.215873 0.548344 0.807910
vn 0.194495 0.501796 0.842836
vn 0.181074 0.659196 0.729845
vn 0.189517 0.746249 0.638119
vn 0.266046 0.708788 0.653329
vn 0.252322 0.618094 0.744509
vn 0.260336 0.528590 0.807971
vn 0.228414 0.475680 0.849444
vn 0.272631 0.616283 0.738828
vn 0.103584 0.277318 0.955178
vn 0.118434 0.217941 0.968749
vn 0.126382 0.179425 0.975620
vn 0.208911 0.430818 0.877925
vn 0.157746 0.156235 0.975042
vn 0.106928 0.820106 0.562133
vn 0.438487 0.772998 -0.458479
vn -0.073506 0.857305 -0.509534
vn -0.130427 0.840756 0.525470
vn -0.273861 0.808431 -0.520998
vn -0.287171 0.828413 0.480900
vn 0.176127 -0.146241 -0.973444
vn 0.064538 -0.112587 -0.991544
vn 0.052961 -0.106764 -0.992873
vn 0.062446 -0.137279 -0.988562
vn -0.352620 0.723209 -0.593825
vn 0.051624 -0.212972 -0.975694
vn -0.362039 0.612177 -0.702970
vn -0.397831 0.831818 0.387052
vn -0.446762 0.865745 0.225588
vn -0.482818 -0.867514 -0.119605
vn -0.376459 -0.782751 -0.495560
vn -0.337292 -0.714406 -0.613072
vn -0.437731 -0.859367 -0.264347
vn -0.299928 -0.759255 -0.577559
vn -0.267370 -0.670490 -0.692067
vn -0.179612 -0.610976 -0.771004
vn -0.240564 -0.681414 -0.691234
vn -0.340233 -0.865466 -0.367710
vn -0.195314 -0.754247 -0.626869
vn -0.170019 -0.662371 -0.729629
vn -0.102574 -0.591758 -0.799563
vn 0.011962 -0.550720 -0.834604
vn -0.036830 -0.585657 -0.809722
vn -0.095073 -0.664563 -0.741159
vn -0.195792 -0.872263 -0.448133
vn -0.364303 -0.588445 0.721814
vn -0.354110 -0.698428 0.621936
vn -0.269235 -0.784330 0.558873
vn -0.079287 -0.856781 0.509549
vn 0.178744 0.835920 0.518931
vn 0.148780 0.910015 0.386958
vn 0.196838 0.875827 0.440660
vn 0.246736 0.800019 0.546892
vn 0.110651 0.957886 0.264975
vn 0.134232 0.929153 0.344465
vn 0.095757 0.865292 0.492038
vn 0.180609 0.813116 0.553374
vn -0.139396 0.489942 0.860538
vn -0.042925 0.452040 0.890964
vn 0.246643 0.725651 0.642338
vn 0.045742 0.366005 0.929488
vn -0.355134 0.474583 -0.805389
vn -0.444544 0.895753 -0.002635
vn -0.358237 0.329292 -0.873632
vn -0.413965 0.872999 -0.257886
vn -0.001805 -0.313410 -0.949616
vn -0.085302 -0.404909 -0.910369
vn -0.172606 -0.457794 -0.872142
vn -0.365179 0.206011 -0.907857
vn -0.376776 0.786990 -0.488555
vn -0.269137 -0.962888 0.020307
vn -0.400293 -0.761370 0.509982
vn -0.193235 -0.970870 -0.141678
vn -0.244948 -0.926937 -0.284231
vn -0.321472 -0.934380 -0.153591
vn -0.442216 -0.842041 0.308887
vn -0.119966 -0.965710 -0.230243
vn -0.157078 -0.920180 -0.358601
vn -0.186041 -0.847141 -0.497736
vn -0.285865 -0.853541 -0.435601
vn -0.364061 -0.868997 -0.335117
vn -0.477226 -0.874940 0.082073
vn -0.364299 -0.195734 0.910480
vn -0.357124 -0.310680 0.880875
vn -0.355215 -0.451747 0.818381
vn -0.318227 0.761085 0.565227
vn -0.283327 0.675295 0.680957
vn -0.246017 0.758814 0.603056
vn -0.221665 0.664572 0.713588
vn -0.146551 0.599571 0.786789
vn -0.194394 0.632684 0.749614
vn -0.080200 0.763432 0.640890
vn -0.068835 0.667455 0.741461
vn -0.028058 0.591971 0.805471
vn 0.052500 0.547736 0.835002
vn -0.015972 0.571069 0.820747
vn 0.324232 0.505670 0.799482
vn 0.293631 0.562972 0.772556
vn -0.055619 0.625072 0.778584
vn 0.250875 0.656483 0.711401
vn -0.188308 0.967437 -0.169130
vn -0.222826 0.974855 -0.002379
vn -0.106695 0.994032 0.022710
vn -0.144132 0.978964 0.144414
vn -0.190458 0.936287 0.295115
vn -0.268984 0.942818 0.196831
vn -0.020262 0.990099 0.138904
vn -0.034294 0.970443 0.238881
vn -0.052836 0.928246 0.368196
vn -0.070320 0.857321 0.509957
vn -0.229632 0.859259 0.457104
vn -0.307589 0.864298 0.397967
vn -0.425478 0.821977 -0.378579
vn -0.400556 0.902952 -0.155665
vn -0.158585 0.982978 -0.092768
vn -0.231114 0.921463 -0.312237
vn -0.342625 0.939222 0.021698
vn -0.089986 0.994305 0.057090
vn -0.853175 0.007036 -0.521578
vn -0.962390 0.002645 -0.271658
vn -0.395294 -0.801402 -0.448885
vn -0.373346 -0.897913 -0.233165
vn -0.339187 -0.938690 -0.061759
vn -0.999541 -0.000503 -0.030297
vn 0.013195 -0.986004 -0.166199
vn -0.077725 -0.992615 -0.093133
vn -0.094096 -0.966749 -0.237787
vn 0.034644 -0.960984 -0.274426
vn -0.158372 -0.878085 -0.451536
vn -0.026580 -0.885512 -0.463855
vn 0.065115 -0.847644 -0.526555
vn 0.046715 -0.920390 -0.388201
vn 0.138286 -0.875210 -0.463555
vn 0.182677 -0.784661 -0.592398
vn 0.076315 -0.752927 -0.653664
vn 0.203977 -0.674088 -0.709929
vn 0.027663 -0.964611 -0.262220
vn 0.083980 -0.932816 -0.350432
vn 0.042494 -0.853655 -0.519102
vn 0.114380 -0.780780 -0.614247
vn 0.172751 -0.670670 -0.721359
vn 0.201143 -0.548954 -0.811290
vn 0.119949 -0.536312 -0.835453
vn 0.091277 -0.580909 -0.808834
vn 0.173636 -0.506804 -0.844394
vn 0.156695 -0.478568 -0.863956
vn 0.339655 -0.490737 -0.802379
vn 0.329793 -0.430338 -0.840265
vn 0.082009 -0.656682 -0.749695
vn 0.197666 -0.572931 -0.795411
vn 0.193833 -0.453514 -0.869916
vn 0.163084 -0.404026 -0.900093
vn 0.139832 -0.393174 -0.908769
vn 0.290154 -0.330017 -0.898276
vn 0.999777 0.017975 -0.011106
vn 0.979194 0.172627 -0.106672
vn 0.869040 0.420901 -0.260022
vn 0.027452 0.762466 0.646446
vn 0.030817 0.666916 0.744496
vn 0.046769 0.591832 0.804703
vn 0.093304 0.546950 0.831949
vn 0.326179 0.502008 0.800996
vn 0.019752 0.988280 0.151368
vn 0.023823 0.968313 0.248600
vn 0.027079 0.926351 0.375687
vn 0.028655 0.855846 0.516436
vn -0.069899 0.994808 0.073974
vn -0.338472 0.940036 0.042071
vn -1.000000 0.000470 0.000006
vn -0.357731 -0.932893 -0.041713
vn -0.099533 -0.992320 -0.073447
vn -0.021341 -0.988357 -0.150647
vn -0.031291 -0.857027 -0.514320
vn -0.028545 -0.763842 -0.644772
vn -0.030243 -0.927040 -0.373741
vn -0.026364 -0.968591 -0.247256
vn 0.319045 -0.500972 -0.804511
vn 0.077083 -0.544624 -0.835131
vn 0.016327 -0.591156 -0.806392
vn -0.015505 -0.667895 -0.744094
vn 0.999999 0.000954 -0.000799
vn 0.395449 0.419896 0.816889
vn -0.027522 0.490277 0.871132
vn -0.058082 0.406465 0.911818
vn 0.414575 0.333735 0.846610
vn -0.454214 0.448075 0.770012
vn -0.516220 0.392561 0.761192
vn -0.657295 0.369656 0.656748
vn -0.116914 0.369697 0.921767
vn 0.480886 0.219861 0.848770
vn 0.170747 -0.245295 0.954293
vn -0.777154 -0.436744 0.453085
vn -0.429066 -0.867300 0.252375
vn 0.333421 -0.335105 0.881212
vn -0.174912 -0.978527 0.109048
vn 0.429770 -0.359537 0.828270
vn -0.846046 -0.055699 -0.530193
vn -0.678146 -0.223695 -0.700056
vn -0.572879 -0.282215 -0.769522
vn -0.511575 -0.310367 -0.801226
vn -0.025923 -0.999541 0.015670
vn 0.490119 -0.354563 0.796284
vn 0.670290 0.350692 -0.654008
vn 0.119588 0.370273 -0.921193
vn 0.058526 0.406811 -0.911636
vn 0.520011 0.381015 -0.764471
vn -0.467082 0.243175 -0.850118
vn -0.411297 0.345965 -0.843293
vn -0.392003 0.428122 -0.814276
vn 0.030491 0.490472 -0.870923
vn 0.457745 0.440238 -0.772438
vn 0.942813 0.324937 0.074301
vn -0.000036 0.998814 0.048691
vn -0.001912 0.962390 0.271664
vn 0.904770 0.355782 0.234118
vn -0.926847 0.375347 -0.008347
vn -0.895459 0.417197 0.155244
vn -0.814704 0.440479 0.377143
vn -0.007155 0.853172 0.521581
vn 0.808132 0.379259 0.450649
vn -0.978058 0.186577 0.092691
vn -0.915102 0.256755 0.310911
vn -0.989837 0.134635 -0.045778
vn -0.987753 0.086510 -0.129848
vn -0.988765 0.147777 -0.022485
vn -0.958837 0.226312 0.171505
vn 0.982149 -0.076044 0.172049
vn 0.993859 0.041547 0.102563
vn 0.969074 0.065252 0.237986
vn 0.958785 -0.076286 0.273700
vn 0.882142 0.131278 0.452317
vn 0.888703 -0.014562 0.458253
vn 0.544071 -0.159359 0.823767
vn 0.589933 -0.160244 0.791392
vn 0.548348 -0.215869 0.807908
vn 0.501796 -0.194494 0.842836
vn 0.659193 -0.181079 0.729845
vn 0.746247 -0.189521 0.638120
vn 0.708790 -0.266046 0.653327
vn 0.618097 -0.252320 0.744507
vn 0.528591 -0.260336 0.807970
vn 0.475676 -0.228412 0.849447
vn 0.616289 -0.272629 0.738824
vn 0.277311 -0.103596 0.955179
vn 0.217943 -0.118437 0.968748
vn 0.179424 -0.126380 0.975621
vn 0.430814 -0.208909 0.877927
vn 0.156242 -0.157737 0.975042
vn 0.820106 -0.106927 0.562133
vn 0.772997 -0.438487 -0.458481
vn 0.857307 0.073501 -0.509531
vn 0.840755 0.130430 0.525471
vn 0.808426 0.273868 -0.521002
vn 0.828409 0.287176 0.480905
vn -0.146236 -0.176127 -0.973445
vn -0.112591 -0.064535 -0.991544
vn -0.106771 -0.052961 -0.992872
vn -0.137276 -0.062440 -0.988563
vn 0.723204 0.352623 -0.593830
vn -0.212971 -0.051624 -0.975694
vn 0.612179 0.362038 -0.702969
vn 0.831817 0.397831 0.387055
vn 0.865745 0.446762 0.225588
vn -0.867512 0.482821 -0.119606
vn -0.782750 0.376460 -0.495560
vn -0.714405 0.337293 -0.613073
vn -0.859370 0.437726 -0.264347
vn -0.759255 0.299928 -0.577559
vn -0.670487 0.267372 -0.692068
vn -0.610973 0.179617 -0.771006
vn -0.681410 0.240565 -0.691237
vn -0.865467 0.340228 -0.367711
vn -0.754247 0.195314 -0.626869
vn -0.662369 0.170018 -0.729631
vn -0.591757 0.102575 -0.799564
vn -0.550721 -0.011965 -0.834604
vn -0.585654 0.036825 -0.809724
vn -0.664562 0.095073 -0.741161
vn -0.872263 0.195790 -0.448133
vn -0.588442 0.364304 0.721816
vn -0.698428 0.354108 0.621937
vn -0.784330 0.269238 0.558871
vn -0.856782 0.079294 0.509547
vn 0.835920 -0.178742 0.518930
vn 0.910015 -0.148781 0.386959
vn 0.875827 -0.196839 0.440661
vn 0.800019 -0.246734 0.546893
vn 0.957886 -0.110650 0.264975
vn 0.929154 -0.134232 0.344463
vn 0.865294 -0.095759 0.492032
vn 0.813116 -0.180611 0.553374
vn 0.489939 0.139395 0.860540
vn 0.452038 0.042926 0.890965
vn 0.725653 -0.246642 0.642336
vn 0.366007 -0.045749 0.929487
vn 0.474585 0.355128 -0.805390
vn 0.895751 0.444548 -0.002636
vn 0.329292 0.358234 -0.873633
vn 0.872998 0.413968 -0.257887
vn -0.313414 0.001789 -0.949615
vn -0.404915 0.085301 -0.910367
vn -0.457792 0.172611 -0.872142
vn 0.206015 0.365179 -0.907856
vn 0.786992 0.376773 -0.488556
vn -0.962887 0.269141 0.020303
vn -0.761362 0.400302 0.509986
vn -0.970870 0.193234 -0.141679
vn -0.926939 0.244946 -0.284229
vn -0.934380 0.321471 -0.153592
vn -0.842038 0.442220 0.308891
vn -0.965711 0.119966 -0.230239
vn -0.920181 0.157079 -0.358600
vn -0.847140 0.186042 -0.497736
vn -0.853544 0.285865 -0.435597
vn -0.868997 0.364063 -0.335115
vn -0.874937 0.477231 0.082072
vn -0.195738 0.364302 0.910478
vn -0.310675 0.357121 0.880878
vn -0.451754 0.355204 0.818382
vn 0.761084 0.318228 0.565228
vn 0.675291 0.283327 0.680961
vn 0.758815 0.246014 0.603056
vn 0.664574 0.221664 0.713587
vn 0.599572 0.146551 0.786789
vn 0.632683 0.194394 0.749615
vn 0.763432 0.080202 0.640889
vn 0.667456 0.068834 0.741461
vn 0.591970 0.028056 0.805471
vn 0.547736 -0.052493 0.835003
vn 0.571071 0.015970 0.820745
vn 0.505668 -0.324233 0.799483
vn 0.562974 -0.293628 0.772556
vn 0.625071 0.055621 0.778583
vn 0.656483 -0.250871 0.711403
vn 0.967439 0.188304 -0.169127
vn 0.974857 0.222820 -0.002378
vn 0.994033 0.106694 0.022709
vn 0.978964 0.144129 0.144414
vn 0.936286 0.190458 0.295116
vn 0.942819 0.268982 0.196827
vn 0.990099 0.020260 0.138904
vn 0.970443 0.034293 0.238882
vn 0.928245 0.052836 0.368197
vn 0.857320 0.070321 0.509958
vn 0.859257 0.229632 0.457108
vn 0.864299 0.307589 0.397965
vn 0.821969 0.425489 -0.378585
vn 0.902947 0.400567 -0.155668
vn 0.982977 0.158591 -0.092768
vn 0.921458 0.231125 -0.312244
vn 0.939221 0.342627 0.021698
vn 0.994305 0.089986 0.057089
vn 0.007036 0.853172 -0.521582
vn 0.002656 0.962391 -0.271654
vn -0.801414 0.395282 -0.448874
vn -0.897914 0.373347 -0.233158
vn -0.938690 0.339187 -0.061760
vn -0.000505 0.999541 -0.030297
vn -0.986004 -0.013195 -0.166201
vn -0.992615 0.077726 -0.093133
vn -0.966750 0.094091 -0.237783
vn -0.960985 -0.034644 -0.274424
vn -0.878086 0.158369 -0.451535
vn -0.885512 0.026580 -0.463856
vn -0.847643 -0.065117 -0.526555
vn -0.920389 -0.046717 -0.388203
vn -0.875208 -0.138289 -0.463558
vn -0.784657 -0.182675 -0.592404
vn -0.752928 -0.076314 -0.653664
vn -0.674082 -0.203977 -0.709934
vn -0.964611 -0.027661 -0.262222
vn -0.932815 -0.083982 -0.350433
vn -0.853659 -0.042491 -0.519096
vn -0.780783 -0.114375 -0.614245
vn -0.670670 -0.172753 -0.721359
vn -0.548959 -0.201144 -0.811286
vn -0.536312 -0.119946 -0.835454
vn -0.580910 -0.091278 -0.808834
vn -0.506806 -0.173632 -0.844393
vn -0.478568 -0.156690 -0.863957
vn -0.490736 -0.339649 -0.802382
vn -0.430341 -0.329792 -0.840264
vn -0.656682 -0.082010 -0.749695
vn -0.572933 -0.197665 -0.795410
vn -0.453519 -0.193831 -0.869914
vn -0.404027 -0.163085 -0.900092
vn -0.393180 -0.139829 -0.908767
vn -0.330021 -0.290145 -0.898277
vn 0.017974 -0.999777 -0.011105
vn 0.172629 -0.979194 -0.106671
vn 0.420902 -0.869038 -0.260027
vn 0.762466 -0.027452 0.646446
vn 0.666915 -0.030820 0.744496
vn 0.591831 -0.046770 0.804704
vn 0.546949 -0.093298 0.831951
vn 0.502007 -0.326181 0.800996
vn 0.988280 -0.019753 0.151368
vn 0.968313 -0.023823 0.248600
vn 0.926351 -0.027079 0.375687
vn 0.855846 -0.028654 0.516436
vn 0.994808 0.069897 0.073974
vn 0.940036 0.338470 0.042071
vn 0.000464 1.000000 0.000006
vn -0.932893 0.357729 -0.041714
vn -0.992320 0.099534 -0.073447
vn -0.988357 0.021342 -0.150647
vn -0.857027 0.031289 -0.514321
vn -0.763843 0.028545 -0.644770
vn -0.927040 0.030242 -0.373741
vn -0.968591 0.026365 -0.247256
vn -0.500973 -0.319038 -0.804513
vn -0.544624 -0.077083 -0.835130
vn -0.591156 -0.016329 -0.806392
vn -0.667896 0.015503 -0.744093
vn 0.000953 -0.999999 -0.000800
vn 0.419904 -0.395431 0.816894
vn 0.490273 0.027519 0.871134
vn 0.406464 0.058081 0.911819
vn 0.333738 -0.414581 0.846606
vn 0.448068 0.454227 0.770009
vn 0.392554 0.516230 0.761189
vn 0.369654 0.657299 0.656746
vn 0.369696 0.116915 0.921768
vn 0.219865 -0.480892 0.848765
vn -0.245295 -0.170750 0.954293
vn -0.436741 0.777149 0.453097
vn -0.867297 0.429069 0.252381
vn -0.335099 -0.333427 0.881212
vn -0.978526 0.174915 0.109049
vn -0.359534 -0.429771 0.828271
vn -0.055701 0.846044 -0.530195
vn -0.223693 0.678145 -0.700057
vn -0.282213 0.572881 -0.769522
vn -0.310368 0.511573 -0.801227
vn -0.999541 0.025923 0.015670
vn -0.354561 -0.490117 0.796286
vn 0.350692 -0.670287 -0.654011
vn 0.370270 -0.119587 -0.921194
vn 0.406809 -0.058528 -0.911636
vn 0.381007 -0.520026 -0.764465
vn 0.243173 0.467080 -0.850120
vn 0.345965 0.411314 -0.843284
vn 0.428125 0.392024 -0.814264
vn 0.490480 -0.030483 -0.870919
vn 0.440233 -0.457779 -0.772421
vn 0.324944 -0.942810 0.074302
vn 0.998814 0.000042 0.048692
vn 0.962389 0.001908 0.271667
vn 0.355771 -0.904776 0.234111
vn 0.375343 0.926849 -0.008348
vn 0.417191 0.895461 0.155244
vn 0.440482 0.814700 0.377147
vn 0.853172 0.007149 0.521582
vn 0.379247 -0.808144 0.450639
vn 0.186573 0.978059 0.092691
vn 0.256758 0.915099 0.310916
vn 0.134633 0.989837 -0.045778
vn 0.086506 0.987753 -0.129849
vn 0.147773 0.988766 -0.022486
vn 0.226311 0.958838 0.171506
vn -0.076046 -0.982149 0.172049
vn 0.041547 -0.993859 0.102563
vn 0.065251 -0.969076 0.237978
vn -0.076291 -0.958786 0.273697
vn 0.131287 -0.882135 0.452329
vn -0.014565 -0.888701 0.458255
vn -0.159358 -0.544071 0.823767
vn -0.160245 -0.589934 0.791391
vn -0.215873 -0.548344 0.807909
vn -0.194495 -0.501796 0.842836
vn -0.181074 -0.659196 0.729844
vn -0.189517 -0.746249 0.638119
vn -0.266046 -0.708789 0.653328
vn -0.252322 -0.618094 0.744509
vn -0.260336 -0.528590 0.807971
vn -0.228415 -0.475679 0.849445
vn -0.272632 -0.616284 0.738827
vn -0.103584 -0.277318 0.955178
vn -0.118434 -0.217941 0.968749
vn -0.126382 -0.179425 0.975620
vn -0.208911 -0.430818 0.877925
vn -0.157746 -0.156235 0.975042
vn -0.106926 -0.820106 0.562133
vn -0.438491 -0.772995 -0.458480
vn 0.073504 -0.857306 -0.509533
vn 0.130427 -0.840756 0.525470
vn 0.273866 -0.808430 -0.520997
vn 0.287170 -0.828413 0.480900
vn -0.176133 0.146240 -0.973443
vn -0.064535 0.112587 -0.991544
vn -0.052958 0.106764 -0.992873
vn -0.062446 0.137278 -0.988562
vn 0.352620 -0.723209 -0.593824
vn -0.051624 0.212972 -0.975694
vn 0.362039 -0.612177 -0.702970
vn 0.397831 -0.831818 0.387052
vn 0.446762 -0.865745 0.225588
vn 0.482818 0.867514 -0.119607
vn 0.376459 0.782751 -0.495560
vn 0.337292 0.714406 -0.613072
vn 0.437731 0.859368 -0.264346
vn 0.299928 0.759256 -0.577558
vn 0.267370 0.670490 -0.692066
vn 0.179612 0.610976 -0.771004
vn 0.240564 0.681414 -0.691234
vn 0.340233 0.865466 -0.367708
vn 0.195314 0.754247 -0.626869
vn 0.170019 0.662371 -0.729629
vn 0.102571 0.591758 -0.799563
vn -0.011962 0.550719 -0.834605
vn 0.036830 0.585657 -0.809722
vn 0.095073 0.664563 -0.741159
vn 0.195792 0.872264 -0.448131
vn 0.364302 0.588444 0.721816
vn 0.354110 0.698428 0.621936
vn 0.269235 0.784330 0.558873
vn 0.079287 0.856782 0.509548
vn -0.178744 -0.835919 0.518931
vn -0.148780 -0.910015 0.386958
vn -0.196841 -0.875827 0.440659
vn -0.246736 -0.800019 0.546892
vn -0.110651 -0.957886 0.264975
vn -0.134237 -0.929155 0.344459
vn -0.095759 -0.865291 0.492038
vn -0.180609 -0.813116 0.553375
vn 0.139398 -0.489939 0.860539
vn 0.042926 -0.452039 0.890965
vn -0.246643 -0.725651 0.642338
vn -0.045742 -0.366005 0.929488
vn 0.355134 -0.474583 -0.805389
vn 0.444544 -0.895753 -0.002635
vn 0.358237 -0.329292 -0.873632
vn 0.413965 -0.872999 -0.257886
vn 0.001805 0.313410 -0.949616
vn 0.085302 0.404909 -0.910369
vn 0.172607 0.457793 -0.872142
vn 0.365179 -0.206011 -0.907857
vn 0.376776 -0.786990 -0.488555
vn 0.269139 0.962887 0.020302
vn 0.400293 0.761370 0.509982
vn 0.193234 0.970870 -0.141680
vn 0.244949 0.926938 -0.284230
vn 0.321472 0.934380 -0.153593
vn 0.442217 0.842041 0.308886
vn 0.119965 0.965711 -0.230240
vn 0.157079 0.920181 -0.358600
vn 0.186041 0.847141 -0.497736
vn 0.285864 0.853543 -0.435599
vn 0.364060 0.868998 -0.335117
vn 0.477226 0.874940 0.082070
vn 0.364299 0.195734 0.910480
vn 0.357124 0.310680 0.880875
vn 0.355214 0.451746 0.818382
vn 0.318227 -0.761085 0.565227
vn 0.283327 -0.675295 0.680957
vn 0.246017 -0.758814 0.603056
vn 0.221665 -0.664572 0.713588
vn 0.146552 -0.599571 0.786789
vn 0.194394 -0.632684 0.749614
vn 0.080200 -0.763432 0.640890
vn 0.068835 -0.667456 0.741461
vn 0.028058 -0.591971 0.805471
vn -0.052500 -0.547736 0.835002
vn 0.015972 -0.571068 0.820748
vn -0.324232 -0.505670 0.799482
vn -0.293632 -0.562971 0.772557
vn 0.055619 -0.625072 0.778583
vn -0.250875 -0.656483 0.711402
vn 0.188307 -0.967438 -0.169127
vn 0.222826 -0.974855 -0.002379
vn 0.106695 -0.994033 0.022710
vn 0.144132 -0.978964 0.144414
vn 0.190458 -0.936287 0.295115
vn 0.268984 -0.942818 0.196830
vn 0.020262 -0.990099 0.138904
vn 0.034294 -0.970443 0.238881
vn 0.052836 -0.928246 0.368196
vn 0.070320 -0.857321 0.509957
vn 0.229632 -0.859258 0.457104
vn 0.307589 -0.864298 0.397967
vn 0.425477 -0.821979 -0.378576
vn 0.400556 -0.902952 -0.155665
vn 0.158585 -0.982978 -0.092768
vn 0.231110 -0.921466 -0.312231
vn 0.342625 -0.939222 0.021698
vn 0.089986 -0.994305 0.057090
vn 0.853175 -0.007036 -0.521577
vn 0.962390 -0.002645 -0.271659
vn 0.395294 0.801402 -0.448885
vn 0.373346 0.897912 -0.233165
vn 0.339187 0.938690 -0.061759
vn 0.999541 0.000503 -0.030297
vn -0.013195 0.986004 -0.166199
vn 0.077725 0.992615 -0.093133
vn 0.094096 0.966749 -0.237787
vn -0.034644 0.960984 -0.274426
vn 0.158372 0.878085 -0.451535
vn 0.026580 0.885512 -0.463855
vn -0.065115 0.847644 -0.526555
vn -0.046715 0.920390 -0.388201
vn -0.138286 0.875210 -0.463556
vn -0.182677 0.784661 -0.592398
vn -0.076315 0.752927 -0.653664
vn -0.203977 0.674088 -0.709929
vn -0.027663 0.964611 -0.262220
vn -0.083980 0.932816 -0.350432
vn -0.042494 0.853655 -0.519102
vn -0.114380 0.780780 -0.614247
vn -0.172751 0.670670 -0.721359
vn -0.201143 0.548954 -0.811290
vn -0.119949 0.536312 -0.835453
vn -0.091277 0.580909 -0.808834
vn -0.173636 0.506804 -0.844394
vn -0.156695 0.478568 -0.863956
vn -0.339655 0.490737 -0.802379
vn -0.329793 0.430338 -0.840265
vn -0.082009 0.656683 -0.749695
vn -0.197666 0.572931 -0.795411
vn -0.193833 0.453514 -0.869916
vn -0.163084 0.404026 -0.900093
vn -0.139832 0.393174 -0.908769
vn -0.290155 0.330017 -0.898275
vn -0.999777 -0.017976 -0.011105
vn -0.979194 -0.172627 -0.106671
vn -0.869041 -0.420901 -0.260022
vn -0.027452 -0.762466 0.646446
vn -0.030817 -0.666916 0.744496
vn -0.046769 -0.591832 0.804704
vn -0.093304 -0.546950 0.831950
vn -0.326180 -0.502008 0.800996
vn -0.019752 -0.988280 0.151368
vn -0.023823 -0.968313 0.248600
vn -0.027079 -0.926351 0.375687
vn -0.028655 -0.855846 0.516436
vn 0.069899 -0.994808 0.073974
vn 0.338472 -0.940036 0.042071
vn 1.000000 -0.000470 0.000006
vn 0.357731 0.932893 -0.041713
vn 0.099532 0.992320 -0.073446
vn 0.021341 0.988358 -0.150645
vn 0.031291 0.857027 -0.514321
vn 0.028545 0.763842 -0.644772
vn 0.030243 0.927040 -0.373741
vn 0.026365 0.968592 -0.247256
vn -0.319044 0.500972 -0.804511
vn -0.077083 0.544624 -0.835131
vn -0.016328 0.591156 -0.806392
vn 0.015505 0.667895 -0.744094
vn -0.999999 -0.000954 -0.000798
s 1
g group1 big_propellers_low
usemtl standardSurface1SG
f 1553/1899/1973 1584/1900/1974 1664/2168/1975 1665/1902/1976
f 1584/2162/1974 1554/1903/1977 1585/1904/1978 1664/1901/1975
f 1664/1901/1975 1585/1904/1978 1564/1905/1979 1729/1906/1980
f 1665/1902/1976 1664/2168/1975 1729/2149/1980 1730/1907/1981
f 1555/1908/1982 1586/1909/1983 1613/2167/1984 1612/1911/1985
f 1612/1911/1985 1613/2167/1984 1666/2166/1986 1667/1913/1987
f 1586/2155/1983 1556/1914/1988 1731/1915/1989 1613/1910/1984
f 1613/1910/1984 1731/1915/1989 1587/1916/1990 1666/1912/1986
f 1666/1912/1986 1587/1916/1990 1732/1917/1991 1733/1918/1992
f 1667/1913/1987 1666/2166/1986 1733/2133/1992 1734/1919/1993
f 1562/1920/1994 1588/1921/1995 1668/2165/1996 1669/1923/1997
f 1588/2150/1995 1563/1924/1998 1735/1925/1999 1668/1922/1996
f 1668/1922/1996 1735/1925/1999 1736/1926/2000 1737/1927/2001
f 1669/1923/1997 1668/2165/1996 1737/2144/2001 1738/1928/2002
f 1742/1929/2003 1589/1930/2004 1670/2164/2005 1671/1932/2006
f 1589/2138/2004 1565/1933/2007 1590/1934/2008 1670/1931/2005
f 1670/1931/2005 1590/1934/2008 1739/1935/2009 1614/2163/2010
f 1614/2163/2010 1739/1935/2009 1554/1903/1977 1584/2162/1974
f 1671/1932/2006 1670/2164/2005 1614/1936/2010 1615/1937/2011
f 1615/1937/2011 1614/1936/2010 1584/1900/1974 1553/1899/1973
f 1739/1935/2009 1590/1934/2008 1672/1938/2012 1673/1939/2013
f 1554/1903/1977 1739/1935/2009 1673/1939/2013 1585/1904/1978
f 1590/1934/2008 1565/1933/2007 1591/1940/2014 1672/1938/2012
f 1672/1938/2012 1591/1940/2014 1566/1941/2015 1592/1942/2016
f 1673/1939/2013 1672/1938/2012 1592/1942/2016 1740/1943/2017
f 1585/1904/1978 1673/1939/2013 1740/1943/2017 1564/1905/1979
f 1744/1944/2018 1741/1945/2019 1602/1946/2020 1593/1947/2021
f 1741/1945/2019 1742/1929/2003 1671/1932/2006 1602/1946/2020
f 1602/1946/2020 1671/1932/2006 1615/1937/2011 1674/1948/2022
f 1674/1948/2022 1615/1937/2011 1553/1899/1973 1665/1902/1976
f 1593/1947/2021 1602/1946/2020 1674/1948/2022 1743/1949/2023
f 1743/1949/2023 1674/1948/2022 1665/1902/1976 1730/1907/1981
f 1745/1950/2024 1594/1951/2025 1603/1952/2026 1677/1953/2027
f 1734/1919/1993 1745/1950/2024 1677/1953/2027 1667/1913/1987
f 1746/1954/2028 1747/1955/2029 1595/1956/2030 1675/1957/2031
f 1594/1951/2025 1746/1954/2028 1675/1957/2031 1603/1952/2026
f 1603/1952/2026 1675/1957/2031 1616/1958/2032 1676/1959/2033
f 1675/1957/2031 1595/1956/2030 1748/1960/2034 1616/1958/2032
f 1616/1958/2032 1748/1960/2034 1756/1961/2035 1624/1962/2036
f 1676/1959/2033 1616/1958/2032 1624/1962/2036 1684/1963/2037
f 1667/1913/1987 1677/1953/2027 1617/1964/2038 1612/1911/1985
f 1677/1953/2027 1603/1952/2026 1676/1959/2033 1617/1964/2038
f 1617/1964/2038 1676/1959/2033 1684/1963/2037 1627/1965/2039
f 1612/1911/1985 1617/1964/2038 1627/1965/2039 1555/1908/1982
f 1557/1966/2040 1596/1967/2041 1619/2161/2042 1618/1969/2043
f 1618/1969/2043 1619/2161/2042 1678/2160/2044 1679/1971/2045
f 1596/2139/2041 1558/1972/2046 1749/1973/2047 1619/1968/2042
f 1619/1968/2042 1749/1973/2047 1597/1974/2048 1678/1970/2044
f 1678/1970/2044 1597/1974/2048 1750/1975/2049 1620/2159/2050
f 1620/2159/2050 1750/1975/2049 1560/1977/2051 1598/1978/2052
f 1679/1971/2045 1678/2160/2044 1620/1976/2050 1621/1979/2053
f 1621/1979/2053 1620/1976/2050 1598/2154/2052 1559/1980/2054
f 1561/1981/2055 1751/1982/2056 1622/1983/2057 1755/1984/2058
f 1751/1982/2056 1599/1985/2059 1680/1986/2060 1622/1983/2057
f 1622/1983/2057 1680/1986/2060 1604/1987/2061 1682/1988/2062
f 1755/1984/2058 1622/1983/2057 1682/1988/2062 1601/1989/2063
f 1599/1985/2059 1567/1990/2064 1752/1991/2065 1680/1986/2060
f 1680/1986/2060 1752/1991/2065 1600/1992/2066 1604/1987/2061
f 1604/1987/2061 1600/1992/2066 1753/1993/2067 1681/1994/2068
f 1681/1994/2068 1753/1993/2067 1732/1917/1991 1587/1916/1990
f 1601/1989/2063 1682/1988/2062 1623/1995/2069 1754/1996/2070
f 1682/1988/2062 1604/1987/2061 1681/1994/2068 1623/1995/2069
f 1623/1995/2069 1681/1994/2068 1587/1916/1990 1731/1915/1989
f 1754/1996/2070 1623/1995/2069 1731/1915/1989 1556/1914/1988
f 1756/1961/2035 1757/1997/2071 1625/2158/2072 1624/1962/2036
f 1624/1962/2036 1625/2158/2072 1683/2157/2073 1684/1963/2037
f 1757/2145/2071 1561/1981/2055 1755/1984/2058 1625/1998/2072
f 1625/1998/2072 1755/1984/2058 1601/1989/2063 1683/1999/2073
f 1683/1999/2073 1601/1989/2063 1754/1996/2070 1626/2156/2074
f 1626/2156/2074 1754/1996/2070 1556/1914/1988 1586/2155/1983
f 1684/1963/2037 1683/2157/2073 1626/2000/2074 1627/1965/2039
f 1627/1965/2039 1626/2000/2074 1586/1909/1983 1555/1908/1982
f 1758/2001/2075 1568/2002/2076 1605/2003/2077 1687/2004/2078
f 1747/1955/2029 1758/2001/2075 1687/2004/2078 1595/1956/2030
f 1759/2005/2079 1744/1944/2018 1593/1947/2021 1685/2006/2080
f 1568/2002/2076 1759/2005/2079 1685/2006/2080 1605/2003/2077
f 1605/2003/2077 1685/2006/2080 1628/2007/2081 1686/2008/2082
f 1685/2006/2080 1593/1947/2021 1743/1949/2023 1628/2007/2081
f 1628/2007/2081 1743/1949/2023 1730/1907/1981 1636/2009/2083
f 1686/2008/2082 1628/2007/2081 1636/2009/2083 1694/2010/2084
f 1595/1956/2030 1687/2004/2078 1629/2011/2085 1748/1960/2034
f 1687/2004/2078 1605/2003/2077 1686/2008/2082 1629/2011/2085
f 1629/2011/2085 1686/2008/2082 1694/2010/2084 1639/2012/2086
f 1748/1960/2034 1629/2011/2085 1639/2012/2086 1756/1961/2035
f 1559/1980/2054 1598/2154/2052 1631/2153/2087 1630/2014/2088
f 1630/2014/2088 1631/2153/2087 1688/2152/2089 1689/2016/2090
f 1598/1978/2052 1560/1977/2051 1760/2017/2091 1631/2013/2087
f 1631/2013/2087 1760/2017/2091 1569/2018/2092 1688/2015/2089
f 1688/2015/2089 1569/2018/2092 1761/2019/2093 1632/2151/2094
f 1632/2151/2094 1761/2019/2093 1563/1924/1998 1588/2150/1995
f 1689/2016/2090 1688/2152/2089 1632/2020/2094 1633/2021/2095
f 1633/2021/2095 1632/2020/2094 1588/1921/1995 1562/1920/1994
f 1564/1905/1979 1740/1943/2017 1634/2022/2096 1765/2023/2097
f 1740/1943/2017 1592/1942/2016 1690/2024/2098 1634/2022/2096
f 1634/2022/2096 1690/2024/2098 1606/2025/2099 1692/2026/2100
f 1765/2023/2097 1634/2022/2096 1692/2026/2100 1571/2027/2101
f 1592/1942/2016 1566/1941/2015 1762/2028/2102 1690/2024/2098
f 1690/2024/2098 1762/2028/2102 1570/2029/2103 1606/2025/2099
f 1606/2025/2099 1570/2029/2103 1763/2030/2104 1691/2031/2105
f 1691/2031/2105 1763/2030/2104 1567/1990/2064 1599/1985/2059
f 1571/2027/2101 1692/2026/2100 1635/2032/2106 1764/2033/2107
f 1692/2026/2100 1606/2025/2099 1691/2031/2105 1635/2032/2106
f 1635/2032/2106 1691/2031/2105 1599/1985/2059 1751/1982/2056
f 1764/2033/2107 1635/2032/2106 1751/1982/2056 1561/1981/2055
f 1730/1907/1981 1729/2149/1980 1637/2148/2108 1636/2009/2083
f 1636/2009/2083 1637/2148/2108 1693/2147/2109 1694/2010/2084
f 1729/1906/1980 1564/1905/1979 1765/2023/2097 1637/2034/2108
f 1637/2034/2108 1765/2023/2097 1571/2027/2101 1693/2035/2109
f 1693/2035/2109 1571/2027/2101 1764/2033/2107 1638/2146/2110
f 1638/2146/2110 1764/2033/2107 1561/1981/2055 1757/2145/2071
f 1694/2010/2084 1693/2147/2109 1638/2036/2110 1639/2012/2086
f 1639/2012/2086 1638/2036/2110 1757/1997/2071 1756/1961/2035
f 1559/1980/2054 1766/2037/2111 1640/2038/2112 1621/1979/2053
f 1766/2037/2111 1572/2039/2113 1695/2040/2114 1640/2038/2112
f 1640/2038/2112 1695/2040/2114 1607/2041/2115 1697/2042/2116
f 1621/1979/2053 1640/2038/2112 1697/2042/2116 1679/1971/2045
f 1572/2039/2113 1779/2043/2117 1652/2044/2118 1695/2040/2114
f 1695/2040/2114 1652/2044/2118 1715/2045/2119 1607/2041/2115
f 1607/2041/2115 1715/2045/2119 1655/2046/2120 1696/2047/2121
f 1696/2047/2121 1655/2046/2120 1782/2048/2122 1713/2049/2123
f 1679/1971/2045 1697/2042/2116 1641/2050/2124 1618/1969/2043
f 1697/2042/2116 1607/2041/2115 1696/2047/2121 1641/2050/2124
f 1641/2050/2124 1696/2047/2121 1713/2049/2123 1651/2051/2125
f 1618/1969/2043 1641/2050/2124 1651/2051/2125 1557/1966/2040
f 1562/1920/1994 1767/2052/2126 1642/2053/2127 1633/2021/2095
f 1767/2052/2126 1573/2054/2128 1698/2055/2129 1642/2053/2127
f 1642/2053/2127 1698/2055/2129 1608/2056/2130 1700/2057/2131
f 1633/2021/2095 1642/2053/2127 1700/2057/2131 1689/2016/2090
f 1573/2054/2128 1783/2058/2132 1656/2059/2133 1698/2055/2129
f 1698/2055/2129 1656/2059/2133 1717/2060/2134 1608/2056/2130
f 1608/2056/2130 1717/2060/2134 1659/2061/2135 1699/2062/2136
f 1699/2062/2136 1659/2061/2135 1779/2043/2117 1572/2039/2113
f 1689/2016/2090 1700/2057/2131 1643/2063/2137 1630/2014/2088
f 1700/2057/2131 1608/2056/2130 1699/2062/2136 1643/2063/2137
f 1643/2063/2137 1699/2062/2136 1572/2039/2113 1766/2037/2111
f 1630/2014/2088 1643/2063/2137 1766/2037/2111 1559/1980/2054
f 1644/2064/2138 1704/2065/2139 1701/2066/2140 1702/2067/2141
f 1738/1928/2002 1644/2064/2138 1702/2067/2141 1669/1923/1997
f 1704/2065/2139 1768/2068/2142 1769/2069/2143 1701/2066/2140
f 1701/2066/2140 1769/2069/2143 1783/2058/2132 1573/2054/2128
f 1702/2067/2141 1701/2066/2140 1573/2054/2128 1767/2052/2126
f 1669/1923/1997 1702/2067/2141 1767/2052/2126 1562/1920/1994
f 1738/1928/2002 1737/2144/2001 1645/2143/2144 1644/2064/2138
f 1644/2064/2138 1645/2143/2144 1703/2142/2145 1704/2065/2139
f 1737/1927/2001 1736/1926/2000 1770/2072/2146 1645/2070/2144
f 1645/2070/2144 1770/2072/2146 1574/2073/2147 1703/2071/2145
f 1703/2071/2145 1574/2073/2147 1771/2074/2148 1575/2075/2149
f 1704/2065/2139 1703/2142/2145 1575/2136/2149 1768/2068/2142
f 1773/2076/2150 1576/2077/2151 1609/2078/2152 1577/2079/2153
f 1576/2077/2151 1771/2074/2148 1574/2073/2147 1609/2078/2152
f 1609/2078/2152 1574/2073/2147 1770/2072/2146 1705/2080/2154
f 1705/2080/2154 1770/2072/2146 1736/1926/2000 1735/1925/1999
f 1577/2079/2153 1609/2078/2152 1705/2080/2154 1772/2081/2155
f 1772/2081/2155 1705/2080/2154 1735/1925/1999 1563/1924/1998
f 1774/2082/2156 1578/2083/2157 1610/2084/2158 1708/2085/2159
f 1777/2086/2160 1774/2082/2156 1708/2085/2159 1579/2087/2161
f 1775/2088/2162 1773/2076/2150 1577/2079/2153 1706/2089/2163
f 1578/2083/2157 1775/2088/2162 1706/2089/2163 1610/2084/2158
f 1610/2084/2158 1706/2089/2163 1646/2090/2164 1707/2091/2165
f 1706/2089/2163 1577/2079/2153 1772/2081/2155 1646/2090/2164
f 1646/2090/2164 1772/2081/2155 1563/1924/1998 1761/2019/2093
f 1707/2091/2165 1646/2090/2164 1761/2019/2093 1569/2018/2092
f 1579/2087/2161 1708/2085/2159 1647/2092/2166 1776/2093/2167
f 1708/2085/2159 1610/2084/2158 1707/2091/2165 1647/2092/2166
f 1647/2092/2166 1707/2091/2165 1569/2018/2092 1760/2017/2091
f 1776/2093/2167 1647/2092/2166 1760/2017/2091 1560/1977/2051
f 1660/2094/2168 1726/2095/2169 1611/2096/2170 1711/2097/2171
f 1785/2098/2172 1660/2094/2168 1711/2097/2171 1580/2099/2173
f 1663/2100/2174 1777/2086/2160 1579/2087/2161 1709/2101/2175
f 1726/2095/2169 1663/2100/2174 1709/2101/2175 1611/2096/2170
f 1611/2096/2170 1709/2101/2175 1648/2102/2176 1710/2103/2177
f 1709/2101/2175 1579/2087/2161 1776/2093/2167 1648/2102/2176
f 1648/2102/2176 1776/2093/2167 1560/1977/2051 1750/1975/2049
f 1710/2103/2177 1648/2102/2176 1750/1975/2049 1597/1974/2048
f 1580/2099/2173 1711/2097/2171 1649/2104/2178 1778/2105/2179
f 1711/2097/2171 1611/2096/2170 1710/2103/2177 1649/2104/2178
f 1649/2104/2178 1710/2103/2177 1597/1974/2048 1749/1973/2047
f 1778/2105/2179 1649/2104/2178 1749/1973/2047 1558/1972/2046
f 1782/2048/2122 1728/2135/2180 1712/2141/2181 1713/2049/2123
f 1728/2106/2180 1785/2098/2172 1580/2099/2173 1712/2107/2181
f 1712/2107/2181 1580/2099/2173 1778/2105/2179 1650/2140/2182
f 1650/2140/2182 1778/2105/2179 1558/1972/2046 1596/2139/2041
f 1713/2049/2123 1712/2141/2181 1650/2108/2182 1651/2051/2125
f 1651/2051/2125 1650/2108/2182 1596/1967/2041 1557/1966/2040
f 1779/2043/2117 1780/2109/2183 1653/2110/2184 1652/2044/2118
f 1652/2044/2118 1653/2110/2184 1714/2111/2185 1715/2045/2119
f 1780/2109/2183 1747/1955/2029 1746/1954/2028 1653/2110/2184
f 1653/2110/2184 1746/1954/2028 1594/1951/2025 1714/2111/2185
f 1714/2111/2185 1594/1951/2025 1745/1950/2024 1654/2112/2186
f 1654/2112/2186 1745/1950/2024 1734/1919/1993 1781/2113/2187
f 1715/2045/2119 1714/2111/2185 1654/2112/2186 1655/2046/2120
f 1655/2046/2120 1654/2112/2186 1781/2113/2187 1782/2048/2122
f 1783/2058/2132 1784/2114/2188 1657/2115/2189 1656/2059/2133
f 1656/2059/2133 1657/2115/2189 1716/2116/2190 1717/2060/2134
f 1784/2114/2188 1744/1944/2018 1759/2005/2079 1657/2115/2189
f 1657/2115/2189 1759/2005/2079 1568/2002/2076 1716/2116/2190
f 1716/2116/2190 1568/2002/2076 1758/2001/2075 1658/2117/2191
f 1658/2117/2191 1758/2001/2075 1747/1955/2029 1780/2109/2183
f 1717/2060/2134 1716/2116/2190 1658/2117/2191 1659/2061/2135
f 1659/2061/2135 1658/2117/2191 1780/2109/2183 1779/2043/2117
f 1742/1929/2003 1741/1945/2019 1718/2118/2192 1719/2119/2193
f 1741/1945/2019 1744/1944/2018 1784/2114/2188 1718/2118/2192
f 1718/2118/2192 1784/2114/2188 1783/2058/2132 1769/2069/2143
f 1719/2119/2193 1718/2118/2192 1769/2069/2143 1768/2068/2142
f 1565/1933/2007 1589/2138/2004 1720/2137/2194 1581/2121/2195
f 1589/1930/2004 1742/1929/2003 1719/2119/2193 1720/2120/2194
f 1720/2120/2194 1719/2119/2193 1768/2068/2142 1575/2136/2149
f 1581/2121/2195 1720/2137/2194 1575/2075/2149 1771/2074/2148
f 1566/1941/2015 1591/1940/2014 1721/2122/2196 1582/2123/2197
f 1591/1940/2014 1565/1933/2007 1581/2121/2195 1721/2122/2196
f 1721/2122/2196 1581/2121/2195 1771/2074/2148 1576/2077/2151
f 1582/2123/2197 1721/2122/2196 1576/2077/2151 1773/2076/2150
f 1567/1990/2064 1763/2030/2104 1724/2124/2198 1583/2125/2199
f 1763/2030/2104 1570/2029/2103 1722/2126/2200 1724/2124/2198
f 1570/2029/2103 1762/2028/2102 1723/2127/2201 1722/2126/2200
f 1762/2028/2102 1566/1941/2015 1582/2123/2197 1723/2127/2201
f 1722/2126/2200 1723/2127/2201 1775/2088/2162 1578/2083/2157
f 1723/2127/2201 1582/2123/2197 1773/2076/2150 1775/2088/2162
f 1583/2125/2199 1724/2124/2198 1774/2082/2156 1777/2086/2160
f 1724/2124/2198 1722/2126/2200 1578/2083/2157 1774/2082/2156
f 1785/2098/2172 1786/2128/2202 1661/2129/2203 1660/2094/2168
f 1660/2094/2168 1661/2129/2203 1725/2130/2204 1726/2095/2169
f 1786/2128/2202 1732/1917/1991 1753/1993/2067 1661/2129/2203
f 1661/2129/2203 1753/1993/2067 1600/1992/2066 1725/2130/2204
f 1725/2130/2204 1600/1992/2066 1752/1991/2065 1662/2131/2205
f 1662/2131/2205 1752/1991/2065 1567/1990/2064 1583/2125/2199
f 1726/2095/2169 1725/2130/2204 1662/2131/2205 1663/2100/2174
f 1663/2100/2174 1662/2131/2205 1583/2125/2199 1777/2086/2160
f 1782/2048/2122 1781/2113/2187 1727/2134/2206 1728/2135/2180
f 1781/2113/2187 1734/1919/1993 1733/2133/1992 1727/2134/2206
f 1727/2132/2206 1733/1918/1992 1732/1917/1991 1786/2128/2202
f 1728/2106/2180 1727/2132/2206 1786/2128/2202 1785/2098/2172
s 15
f 1787/2169/2207 1818/2170/2208 1898/2906/2209 1899/2172/2210
f 1818/2900/2208 1788/2173/2211 1819/2174/2212 1898/2171/2209
f 1898/2171/2209 1819/2174/2212 1798/2175/2213 1963/2176/2214
f 1899/2172/2210 1898/2906/2209 1963/2887/2214 1964/2177/2215
f 1789/2178/2216 1820/2179/2217 1847/2905/2218 1846/2181/2219
f 1846/2181/2219 1847/2905/2218 1900/2904/2220 1901/2183/2221
f 1820/2893/2217 1790/2184/2222 1965/2185/2223 1847/2180/2218
f 1847/2180/2218 1965/2185/2223 1821/2186/2224 1900/2182/2220
f 1900/2182/2220 1821/2186/2224 1966/2187/2225 1967/2188/2226
f 1901/2183/2221 1900/2904/2220 1967/2871/2226 1968/2189/2227
f 1796/2190/2228 1822/2191/2229 1902/2903/2230 1903/2193/2231
f 1822/2888/2229 1797/2194/2232 1969/2195/2233 1902/2192/2230
f 1902/2192/2230 1969/2195/2233 1970/2196/2234 1971/2197/2235
f 1903/2193/2231 1902/2903/2230 1971/2882/2235 1972/2198/2236
f 1976/2199/2237 1823/2200/2238 1904/2902/2239 1905/2202/2240
f 1823/2876/2238 1799/2203/2241 1824/2204/2242 1904/2201/2239
f 1904/2201/2239 1824/2204/2242 1973/2205/2243 1848/2901/2244
f 1848/2901/2244 1973/2205/2243 1788/2173/2211 1818/2900/2208
f 1905/2202/2240 1904/2902/2239 1848/2206/2244 1849/2207/2245
f 1849/2207/2245 1848/2206/2244 1818/2170/2208 1787/2169/2207
f 1973/2205/2243 1824/2204/2242 1906/2208/2246 1907/2209/2247
f 1788/2173/2211 1973/2205/2243 1907/2209/2247 1819/2174/2212
f 1824/2204/2242 1799/2203/2241 1825/2210/2248 1906/2208/2246
f 1906/2208/2246 1825/2210/2248 1800/2211/2249 1826/2212/2250
f 1907/2209/2247 1906/2208/2246 1826/2212/2250 1974/2213/2251
f 1819/2174/2212 1907/2209/2247 1974/2213/2251 1798/2175/2213
f 1978/2214/2252 1975/2215/2253 1836/2216/2254 1827/2217/2255
f 1975/2215/2253 1976/2199/2237 1905/2202/2240 1836/2216/2254
f 1836/2216/2254 1905/2202/2240 1849/2207/2245 1908/2218/2256
f 1908/2218/2256 1849/2207/2245 1787/2169/2207 1899/2172/2210
f 1827/2217/2255 1836/2216/2254 1908/2218/2256 1977/2219/2257
f 1977/2219/2257 1908/2218/2256 1899/2172/2210 1964/2177/2215
f 1979/2220/2258 1828/2221/2259 1837/2222/2260 1911/2223/2261
f 1968/2189/2227 1979/2220/2258 1911/2223/2261 1901/2183/2221
f 1980/2224/2262 1981/2225/2263 1829/2226/2264 1909/2227/2265
f 1828/2221/2259 1980/2224/2262 1909/2227/2265 1837/2222/2260
f 1837/2222/2260 1909/2227/2265 1850/2228/2266 1910/2229/2267
f 1909/2227/2265 1829/2226/2264 1982/2230/2268 1850/2228/2266
f 1850/2228/2266 1982/2230/2268 1990/2231/2269 1858/2232/2270
f 1910/2229/2267 1850/2228/2266 1858/2232/2270 1918/2233/2271
f 1901/2183/2221 1911/2223/2261 1851/2234/2272 1846/2181/2219
f 1911/2223/2261 1837/2222/2260 1910/2229/2267 1851/2234/2272
f 1851/2234/2272 1910/2229/2267 1918/2233/2271 1861/2235/2273
f 1846/2181/2219 1851/2234/2272 1861/2235/2273 1789/2178/2216
f 1791/2236/2274 1830/2237/2275 1853/2899/2276 1852/2239/2277
f 1852/2239/2277 1853/2899/2276 1912/2898/2278 1913/2241/2279
f 1830/2877/2275 1792/2242/2280 1983/2243/2281 1853/2238/2276
f 1853/2238/2276 1983/2243/2281 1831/2244/2282 1912/2240/2278
f 1912/2240/2278 1831/2244/2282 1984/2245/2283 1854/2897/2284
f 1854/2897/2284 1984/2245/2283 1794/2247/2285 1832/2248/2286
f 1913/2241/2279 1912/2898/2278 1854/2246/2284 1855/2249/2287
f 1855/2249/2287 1854/2246/2284 1832/2892/2286 1793/2250/2288
f 1795/2251/2289 1985/2252/2290 1856/2253/2291 1989/2254/2292
f 1985/2252/2290 1833/2255/2293 1914/2256/2294 1856/2253/2291
f 1856/2253/2291 1914/2256/2294 1838/2257/2295 1916/2258/2296
f 1989/2254/2292 1856/2253/2291 1916/2258/2296 1835/2259/2297
f 1833/2255/2293 1801/2260/2298 1986/2261/2299 1914/2256/2294
f 1914/2256/2294 1986/2261/2299 1834/2262/2300 1838/2257/2295
f 1838/2257/2295 1834/2262/2300 1987/2263/2301 1915/2264/2302
f 1915/2264/2302 1987/2263/2301 1966/2187/2225 1821/2186/2224
f 1835/2259/2297 1916/2258/2296 1857/2265/2303 1988/2266/2304
f 1916/2258/2296 1838/2257/2295 1915/2264/2302 1857/2265/2303
f 1857/2265/2303 1915/2264/2302 1821/2186/2224 1965/2185/2223
f 1988/2266/2304 1857/2265/2303 1965/2185/2223 1790/2184/2222
f 1990/2231/2269 1991/2267/2305 1859/2896/2306 1858/2232/2270
f 1858/2232/2270 1859/2896/2306 1917/2895/2307 1918/2233/2271
f 1991/2883/2305 1795/2251/2289 1989/2254/2292 1859/2268/2306
f 1859/2268/2306 1989/2254/2292 1835/2259/2297 1917/2269/2307
f 1917/2269/2307 1835/2259/2297 1988/2266/2304 1860/2894/2308
f 1860/2894/2308 1988/2266/2304 1790/2184/2222 1820/2893/2217
f 1918/2233/2271 1917/2895/2307 1860/2270/2308 1861/2235/2273
f 1861/2235/2273 1860/2270/2308 1820/2179/2217 1789/2178/2216
f 1992/2271/2309 1802/2272/2310 1839/2273/2311 1921/2274/2312
f 1981/2225/2263 1992/2271/2309 1921/2274/2312 1829/2226/2264
f 1993/2275/2313 1978/2214/2252 1827/2217/2255 1919/2276/2314
f 1802/2272/2310 1993/2275/2313 1919/2276/2314 1839/2273/2311
f 1839/2273/2311 1919/2276/2314 1862/2277/2315 1920/2278/2316
f 1919/2276/2314 1827/2217/2255 1977/2219/2257 1862/2277/2315
f 1862/2277/2315 1977/2219/2257 1964/2177/2215 1870/2279/2317
f 1920/2278/2316 1862/2277/2315 1870/2279/2317 1928/2280/2318
f 1829/2226/2264 1921/2274/2312 1863/2281/2319 1982/2230/2268
f 1921/2274/2312 1839/2273/2311 1920/2278/2316 1863/2281/2319
f 1863/2281/2319 1920/2278/2316 1928/2280/2318 1873/2282/2320
f 1982/2230/2268 1863/2281/2319 1873/2282/2320 1990/2231/2269
f 1793/2250/2288 1832/2892/2286 1865/2891/2321 1864/2284/2322
f 1864/2284/2322 1865/2891/2321 1922/2890/2323 1923/2286/2324
f 1832/2248/2286 1794/2247/2285 1994/2287/2325 1865/2283/2321
f 1865/2283/2321 1994/2287/2325 1803/2288/2326 1922/2285/2323
f 1922/2285/2323 1803/2288/2326 1995/2289/2327 1866/2889/2328
f 1866/2889/2328 1995/2289/2327 1797/2194/2232 1822/2888/2229
f 1923/2286/2324 1922/2890/2323 1866/2290/2328 1867/2291/2329
f 1867/2291/2329 1866/2290/2328 1822/2191/2229 1796/2190/2228
f 1798/2175/2213 1974/2213/2251 1868/2292/2330 1999/2293/2331
f 1974/2213/2251 1826/2212/2250 1924/2294/2332 1868/2292/2330
f 1868/2292/2330 1924/2294/2332 1840/2295/2333 1926/2296/2334
f 1999/2293/2331 1868/2292/2330 1926/2296/2334 1805/2297/2335
f 1826/2212/2250 1800/2211/2249 1996/2298/2336 1924/2294/2332
f 1924/2294/2332 1996/2298/2336 1804/2299/2337 1840/2295/2333
f 1840/2295/2333 1804/2299/2337 1997/2300/2338 1925/2301/2339
f 1925/2301/2339 1997/2300/2338 1801/2260/2298 1833/2255/2293
f 1805/2297/2335 1926/2296/2334 1869/2302/2340 1998/2303/2341
f 1926/2296/2334 1840/2295/2333 1925/2301/2339 1869/2302/2340
f 1869/2302/2340 1925/2301/2339 1833/2255/2293 1985/2252/2290
f 1998/2303/2341 1869/2302/2340 1985/2252/2290 1795/2251/2289
f 1964/2177/2215 1963/2887/2214 1871/2886/2342 1870/2279/2317
f 1870/2279/2317 1871/2886/2342 1927/2885/2343 1928/2280/2318
f 1963/2176/2214 1798/2175/2213 1999/2293/2331 1871/2304/2342
f 1871/2304/2342 1999/2293/2331 1805/2297/2335 1927/2305/2343
f 1927/2305/2343 1805/2297/2335 1998/2303/2341 1872/2884/2344
f 1872/2884/2344 1998/2303/2341 1795/2251/2289 1991/2883/2305
f 1928/2280/2318 1927/2885/2343 1872/2306/2344 1873/2282/2320
f 1873/2282/2320 1872/2306/2344 1991/2267/2305 1990/2231/2269
f 1793/2250/2288 2000/2307/2345 1874/2308/2346 1855/2249/2287
f 2000/2307/2345 1806/2309/2347 1929/2310/2348 1874/2308/2346
f 1874/2308/2346 1929/2310/2348 1841/2311/2349 1931/2312/2350
f 1855/2249/2287 1874/2308/2346 1931/2312/2350 1913/2241/2279
f 1806/2309/2347 2013/2313/2351 1886/2314/2352 1929/2310/2348
f 1929/2310/2348 1886/2314/2352 1949/2315/2353 1841/2311/2349
f 1841/2311/2349 1949/2315/2353 1889/2316/2354 1930/2317/2355
f 1930/2317/2355 1889/2316/2354 2016/2318/2356 1947/2319/2357
f 1913/2241/2279 1931/2312/2350 1875/2320/2358 1852/2239/2277
f 1931/2312/2350 1841/2311/2349 1930/2317/2355 1875/2320/2358
f 1875/2320/2358 1930/2317/2355 1947/2319/2357 1885/2321/2359
f 1852/2239/2277 1875/2320/2358 1885/2321/2359 1791/2236/2274
f 1796/2190/2228 2001/2322/2360 1876/2323/2361 1867/2291/2329
f 2001/2322/2360 1807/2324/2362 1932/2325/2363 1876/2323/2361
f 1876/2323/2361 1932/2325/2363 1842/2326/2364 1934/2327/2365
f 1867/2291/2329 1876/2323/2361 1934/2327/2365 1923/2286/2324
f 1807/2324/2362 2017/2328/2366 1890/2329/2367 1932/2325/2363
f 1932/2325/2363 1890/2329/2367 1951/2330/2368 1842/2326/2364
f 1842/2326/2364 1951/2330/2368 1893/2331/2369 1933/2332/2370
f 1933/2332/2370 1893/2331/2369 2013/2313/2351 1806/2309/2347
f 1923/2286/2324 1934/2327/2365 1877/2333/2371 1864/2284/2322
f 1934/2327/2365 1842/2326/2364 1933/2332/2370 1877/2333/2371
f 1877/2333/2371 1933/2332/2370 1806/2309/2347 2000/2307/2345
f 1864/2284/2322 1877/2333/2371 2000/2307/2345 1793/2250/2288
f 1878/2334/2372 1938/2335/2373 1935/2336/2374 1936/2337/2375
f 1972/2198/2236 1878/2334/2372 1936/2337/2375 1903/2193/2231
f 1938/2335/2373 2002/2338/2376 2003/2339/2377 1935/2336/2374
f 1935/2336/2374 2003/2339/2377 2017/2328/2366 1807/2324/2362
f 1936/2337/2375 1935/2336/2374 1807/2324/2362 2001/2322/2360
f 1903/2193/2231 1936/2337/2375 2001/2322/2360 1796/2190/2228
f 1972/2198/2236 1971/2882/2235 1879/2881/2378 1878/2334/2372
f 1878/2334/2372 1879/2881/2378 1937/2880/2379 1938/2335/2373
f 1971/2197/2235 1970/2196/2234 2004/2342/2380 1879/2340/2378
f 1879/2340/2378 2004/2342/2380 1808/2343/2381 1937/2341/2379
f 1937/2341/2379 1808/2343/2381 2005/2344/2382 1809/2345/2383
f 1938/2335/2373 1937/2880/2379 1809/2874/2383 2002/2338/2376
f 2007/2346/2384 1810/2347/2385 1843/2348/2386 1811/2349/2387
f 1810/2347/2385 2005/2344/2382 1808/2343/2381 1843/2348/2386
f 1843/2348/2386 1808/2343/2381 2004/2342/2380 1939/2350/2388
f 1939/2350/2388 2004/2342/2380 1970/2196/2234 1969/2195/2233
f 1811/2349/2387 1843/2348/2386 1939/2350/2388 2006/2351/2389
f 2006/2351/2389 1939/2350/2388 1969/2195/2233 1797/2194/2232
f 2008/2352/2390 1812/2353/2391 1844/2354/2392 1942/2355/2393
f 2011/2356/2394 2008/2352/2390 1942/2355/2393 1813/2357/2395
f 2009/2358/2396 2007/2346/2384 1811/2349/2387 1940/2359/2397
f 1812/2353/2391 2009/2358/2396 1940/2359/2397 1844/2354/2392
f 1844/2354/2392 1940/2359/2397 1880/2360/2398 1941/2361/2399
f 1940/2359/2397 1811/2349/2387 2006/2351/2389 1880/2360/2398
f 1880/2360/2398 2006/2351/2389 1797/2194/2232 1995/2289/2327
f 1941/2361/2399 1880/2360/2398 1995/2289/2327 1803/2288/2326
f 1813/2357/2395 1942/2355/2393 1881/2362/2400 2010/2363/2401
f 1942/2355/2393 1844/2354/2392 1941/2361/2399 1881/2362/2400
f 1881/2362/2400 1941/2361/2399 1803/2288/2326 1994/2287/2325
f 2010/2363/2401 1881/2362/2400 1994/2287/2325 1794/2247/2285
f 1894/2364/2402 1960/2365/2403 1845/2366/2404 1945/2367/2405
f 2019/2368/2406 1894/2364/2402 1945/2367/2405 1814/2369/2407
f 1897/2370/2408 2011/2356/2394 1813/2357/2395 1943/2371/2409
f 1960/2365/2403 1897/2370/2408 1943/2371/2409 1845/2366/2404
f 1845/2366/2404 1943/2371/2409 1882/2372/2410 1944/2373/2411
f 1943/2371/2409 1813/2357/2395 2010/2363/2401 1882/2372/2410
f 1882/2372/2410 2010/2363/2401 1794/2247/2285 1984/2245/2283
f 1944/2373/2411 1882/2372/2410 1984/2245/2283 1831/2244/2282
f 1814/2369/2407 1945/2367/2405 1883/2374/2412 2012/2375/2413
f 1945/2367/2405 1845/2366/2404 1944/2373/2411 1883/2374/2412
f 1883/2374/2412 1944/2373/2411 1831/2244/2282 1983/2243/2281
f 2012/2375/2413 1883/2374/2412 1983/2243/2281 1792/2242/2280
f 2016/2318/2356 1962/2873/2414 1946/2879/2415 1947/2319/2357
f 1962/2376/2414 2019/2368/2406 1814/2369/2407 1946/2377/2415
f 1946/2377/2415 1814/2369/2407 2012/2375/2413 1884/2878/2416
f 1884/2878/2416 2012/2375/2413 1792/2242/2280 1830/2877/2275
f 1947/2319/2357 1946/2879/2415 1884/2378/2416 1885/2321/2359
f 1885/2321/2359 1884/2378/2416 1830/2237/2275 1791/2236/2274
f 2013/2313/2351 2014/2379/2417 1887/2380/2418 1886/2314/2352
f 1886/2314/2352 1887/2380/2418 1948/2381/2419 1949/2315/2353
f 2014/2379/2417 1981/2225/2263 1980/2224/2262 1887/2380/2418
f 1887/2380/2418 1980/2224/2262 1828/2221/2259 1948/2381/2419
f 1948/2381/2419 1828/2221/2259 1979/2220/2258 1888/2382/2420
f 1888/2382/2420 1979/2220/2258 1968/2189/2227 2015/2383/2421
f 1949/2315/2353 1948/2381/2419 1888/2382/2420 1889/2316/2354
f 1889/2316/2354 1888/2382/2420 2015/2383/2421 2016/2318/2356
f 2017/2328/2366 2018/2384/2422 1891/2385/2423 1890/2329/2367
f 1890/2329/2367 1891/2385/2423 1950/2386/2424 1951/2330/2368
f 2018/2384/2422 1978/2214/2252 1993/2275/2313 1891/2385/2423
f 1891/2385/2423 1993/2275/2313 1802/2272/2310 1950/2386/2424
f 1950/2386/2424 1802/2272/2310 1992/2271/2309 1892/2387/2425
f 1892/2387/2425 1992/2271/2309 1981/2225/2263 2014/2379/2417
f 1951/2330/2368 1950/2386/2424 1892/2387/2425 1893/2331/2369
f 1893/2331/2369 1892/2387/2425 2014/2379/2417 2013/2313/2351
f 1976/2199/2237 1975/2215/2253 1952/2388/2426 1953/2389/2427
f 1975/2215/2253 1978/2214/2252 2018/2384/2422 1952/2388/2426
f 1952/2388/2426 2018/2384/2422 2017/2328/2366 2003/2339/2377
f 1953/2389/2427 1952/2388/2426 2003/2339/2377 2002/2338/2376
f 1799/2203/2241 1823/2876/2238 1954/2875/2428 1815/2391/2429
f 1823/2200/2238 1976/2199/2237 1953/2389/2427 1954/2390/2428
f 1954/2390/2428 1953/2389/2427 2002/2338/2376 1809/2874/2383
f 1815/2391/2429 1954/2875/2428 1809/2345/2383 2005/2344/2382
f 1800/2211/2249 1825/2210/2248 1955/2392/2430 1816/2393/2431
f 1825/2210/2248 1799/2203/2241 1815/2391/2429 1955/2392/2430
f 1955/2392/2430 1815/2391/2429 2005/2344/2382 1810/2347/2385
f 1816/2393/2431 1955/2392/2430 1810/2347/2385 2007/2346/2384
f 1801/2260/2298 1997/2300/2338 1958/2394/2432 1817/2395/2433
f 1997/2300/2338 1804/2299/2337 1956/2396/2434 1958/2394/2432
f 1804/2299/2337 1996/2298/2336 1957/2397/2435 1956/2396/2434
f 1996/2298/2336 1800/2211/2249 1816/2393/2431 1957/2397/2435
f 1956/2396/2434 1957/2397/2435 2009/2358/2396 1812/2353/2391
f 1957/2397/2435 1816/2393/2431 2007/2346/2384 2009/2358/2396
f 1817/2395/2433 1958/2394/2432 2008/2352/2390 2011/2356/2394
f 1958/2394/2432 1956/2396/2434 1812/2353/2391 2008/2352/2390
f 2019/2368/2406 2020/2398/2436 1895/2399/2437 1894/2364/2402
f 1894/2364/2402 1895/2399/2437 1959/2400/2438 1960/2365/2403
f 2020/2398/2436 1966/2187/2225 1987/2263/2301 1895/2399/2437
f 1895/2399/2437 1987/2263/2301 1834/2262/2300 1959/2400/2438
f 1959/2400/2438 1834/2262/2300 1986/2261/2299 1896/2401/2439
f 1896/2401/2439 1986/2261/2299 1801/2260/2298 1817/2395/2433
f 1960/2365/2403 1959/2400/2438 1896/2401/2439 1897/2370/2408
f 1897/2370/2408 1896/2401/2439 1817/2395/2433 2011/2356/2394
f 2016/2318/2356 2015/2383/2421 1961/2872/2440 1962/2873/2414
f 2015/2383/2421 1968/2189/2227 1967/2871/2226 1961/2872/2440
f 1961/2402/2440 1967/2188/2226 1966/2187/2225 2020/2398/2436
f 1962/2376/2414 1961/2402/2440 2020/2398/2436 2019/2368/2406
s 29
f 2021/2403/2441 2052/2404/2442 2132/2942/2443 2133/2406/2444
f 2052/2936/2442 2022/2407/2445 2053/2408/2446 2132/2405/2443
f 2132/2405/2443 2053/2408/2446 2032/2409/2447 2197/2410/2448
f 2133/2406/2444 2132/2942/2443 2197/2923/2448 2198/2411/2449
f 2023/2412/2450 2054/2413/2451 2081/2941/2452 2080/2415/2453
f 2080/2415/2453 2081/2941/2452 2134/2940/2454 2135/2417/2455
f 2054/2929/2451 2024/2418/2456 2199/2419/2457 2081/2414/2452
f 2081/2414/2452 2199/2419/2457 2055/2420/2458 2134/2416/2454
f 2134/2416/2454 2055/2420/2458 2200/2421/2459 2201/2422/2460
f 2135/2417/2455 2134/2940/2454 2201/2907/2460 2202/2423/2461
f 2030/2424/2462 2056/2425/2463 2136/2939/2464 2137/2427/2465
f 2056/2924/2463 2031/2428/2466 2203/2429/2467 2136/2426/2464
f 2136/2426/2464 2203/2429/2467 2204/2430/2468 2205/2431/2469
f 2137/2427/2465 2136/2939/2464 2205/2918/2469 2206/2432/2470
f 2210/2433/2471 2057/2434/2472 2138/2938/2473 2139/2436/2474
f 2057/2912/2472 2033/2437/2475 2058/2438/2476 2138/2435/2473
f 2138/2435/2473 2058/2438/2476 2207/2439/2477 2082/2937/2478
f 2082/2937/2478 2207/2439/2477 2022/2407/2445 2052/2936/2442
f 2139/2436/2474 2138/2938/2473 2082/2440/2478 2083/2441/2479
f 2083/2441/2479 2082/2440/2478 2052/2404/2442 2021/2403/2441
f 2207/2439/2477 2058/2438/2476 2140/2442/2480 2141/2443/2481
f 2022/2407/2445 2207/2439/2477 2141/2443/2481 2053/2408/2446
f 2058/2438/2476 2033/2437/2475 2059/2444/2482 2140/2442/2480
f 2140/2442/2480 2059/2444/2482 2034/2445/2483 2060/2446/2484
f 2141/2443/2481 2140/2442/2480 2060/2446/2484 2208/2447/2485
f 2053/2408/2446 2141/2443/2481 2208/2447/2485 2032/2409/2447
f 2212/2448/2486 2209/2449/2487 2070/2450/2488 2061/2451/2489
f 2209/2449/2487 2210/2433/2471 2139/2436/2474 2070/2450/2488
f 2070/2450/2488 2139/2436/2474 2083/2441/2479 2142/2452/2490
f 2142/2452/2490 2083/2441/2479 2021/2403/2441 2133/2406/2444
f 2061/2451/2489 2070/2450/2488 2142/2452/2490 2211/2453/2491
f 2211/2453/2491 2142/2452/2490 2133/2406/2444 2198/2411/2449
f 2213/2454/2492 2062/2455/2493 2071/2456/2494 2145/2457/2495
f 2202/2423/2461 2213/2454/2492 2145/2457/2495 2135/2417/2455
f 2214/2458/2496 2215/2459/2497 2063/2460/2498 2143/2461/2499
f 2062/2455/2493 2214/2458/2496 2143/2461/2499 2071/2456/2494
f 2071/2456/2494 2143/2461/2499 2084/2462/2500 2144/2463/2501
f 2143/2461/2499 2063/2460/2498 2216/2464/2502 2084/2462/2500
f 2084/2462/2500 2216/2464/2502 2224/2465/2503 2092/2466/2504
f 2144/2463/2501 2084/2462/2500 2092/2466/2504 2152/2467/2505
f 2135/2417/2455 2145/2457/2495 2085/2468/2506 2080/2415/2453
f 2145/2457/2495 2071/2456/2494 2144/2463/2501 2085/2468/2506
f 2085/2468/2506 2144/2463/2501 2152/2467/2505 2095/2469/2507
f 2080/2415/2453 2085/2468/2506 2095/2469/2507 2023/2412/2450
f 2025/2470/2508 2064/2471/2509 2087/2935/2510 2086/2473/2511
f 2086/2473/2511 2087/2935/2510 2146/2934/2512 2147/2475/2513
f 2064/2913/2509 2026/2476/2514 2217/2477/2515 2087/2472/2510
f 2087/2472/2510 2217/2477/2515 2065/2478/2516 2146/2474/2512
f 2146/2474/2512 2065/2478/2516 2218/2479/2517 2088/2933/2518
f 2088/2933/2518 2218/2479/2517 2028/2481/2519 2066/2482/2520
f 2147/2475/2513 2146/2934/2512 2088/2480/2518 2089/2483/2521
f 2089/2483/2521 2088/2480/2518 2066/2928/2520 2027/2484/2522
f 2029/2485/2523 2219/2486/2524 2090/2487/2525 2223/2488/2526
f 2219/2486/2524 2067/2489/2527 2148/2490/2528 2090/2487/2525
f 2090/2487/2525 2148/2490/2528 2072/2491/2529 2150/2492/2530
f 2223/2488/2526 2090/2487/2525 2150/2492/2530 2069/2493/2531
f 2067/2489/2527 2035/2494/2532 2220/2495/2533 2148/2490/2528
f 2148/2490/2528 2220/2495/2533 2068/2496/2534 2072/2491/2529
f 2072/2491/2529 2068/2496/2534 2221/2497/2535 2149/2498/2536
f 2149/2498/2536 2221/2497/2535 2200/2421/2459 2055/2420/2458
f 2069/2493/2531 2150/2492/2530 2091/2499/2537 2222/2500/2538
f 2150/2492/2530 2072/2491/2529 2149/2498/2536 2091/2499/2537
f 2091/2499/2537 2149/2498/2536 2055/2420/2458 2199/2419/2457
f 2222/2500/2538 2091/2499/2537 2199/2419/2457 2024/2418/2456
f 2224/2465/2503 2225/2501/2539 2093/2932/2540 2092/2466/2504
f 2092/2466/2504 2093/2932/2540 2151/2931/2541 2152/2467/2505
f 2225/2919/2539 2029/2485/2523 2223/2488/2526 2093/2502/2540
f 2093/2502/2540 2223/2488/2526 2069/2493/2531 2151/2503/2541
f 2151/2503/2541 2069/2493/2531 2222/2500/2538 2094/2930/2542
f 2094/2930/2542 2222/2500/2538 2024/2418/2456 2054/2929/2451
f 2152/2467/2505 2151/2931/2541 2094/2504/2542 2095/2469/2507
f 2095/2469/2507 2094/2504/2542 2054/2413/2451 2023/2412/2450
f 2226/2505/2543 2036/2506/2544 2073/2507/2545 2155/2508/2546
f 2215/2459/2497 2226/2505/2543 2155/2508/2546 2063/2460/2498
f 2227/2509/2547 2212/2448/2486 2061/2451/2489 2153/2510/2548
f 2036/2506/2544 2227/2509/2547 2153/2510/2548 2073/2507/2545
f 2073/2507/2545 2153/2510/2548 2096/2511/2549 2154/2512/2550
f 2153/2510/2548 2061/2451/2489 2211/2453/2491 2096/2511/2549
f 2096/2511/2549 2211/2453/2491 2198/2411/2449 2104/2513/2551
f 2154/2512/2550 2096/2511/2549 2104/2513/2551 2162/2514/2552
f 2063/2460/2498 2155/2508/2546 2097/2515/2553 2216/2464/2502
f 2155/2508/2546 2073/2507/2545 2154/2512/2550 2097/2515/2553
f 2097/2515/2553 2154/2512/2550 2162/2514/2552 2107/2516/2554
f 2216/2464/2502 2097/2515/2553 2107/2516/2554 2224/2465/2503
f 2027/2484/2522 2066/2928/2520 2099/2927/2555 2098/2518/2556
f 2098/2518/2556 2099/2927/2555 2156/2926/2557 2157/2520/2558
f 2066/2482/2520 2028/2481/2519 2228/2521/2559 2099/2517/2555
f 2099/2517/2555 2228/2521/2559 2037/2522/2560 2156/2519/2557
f 2156/2519/2557 2037/2522/2560 2229/2523/2561 2100/2925/2562
f 2100/2925/2562 2229/2523/2561 2031/2428/2466 2056/2924/2463
f 2157/2520/2558 2156/2926/2557 2100/2524/2562 2101/2525/2563
f 2101/2525/2563 2100/2524/2562 2056/2425/2463 2030/2424/2462
f 2032/2409/2447 2208/2447/2485 2102/2526/2564 2233/2527/2565
f 2208/2447/2485 2060/2446/2484 2158/2528/2566 2102/2526/2564
f 2102/2526/2564 2158/2528/2566 2074/2529/2567 2160/2530/2568
f 2233/2527/2565 2102/2526/2564 2160/2530/2568 2039/2531/2569
f 2060/2446/2484 2034/2445/2483 2230/2532/2570 2158/2528/2566
f 2158/2528/2566 2230/2532/2570 2038/2533/2571 2074/2529/2567
f 2074/2529/2567 2038/2533/2571 2231/2534/2572 2159/2535/2573
f 2159/2535/2573 2231/2534/2572 2035/2494/2532 2067/2489/2527
f 2039/2531/2569 2160/2530/2568 2103/2536/2574 2232/2537/2575
f 2160/2530/2568 2074/2529/2567 2159/2535/2573 2103/2536/2574
f 2103/2536/2574 2159/2535/2573 2067/2489/2527 2219/2486/2524
f 2232/2537/2575 2103/2536/2574 2219/2486/2524 2029/2485/2523
f 2198/2411/2449 2197/2923/2448 2105/2922/2576 2104/2513/2551
f 2104/2513/2551 2105/2922/2576 2161/2921/2577 2162/2514/2552
f 2197/2410/2448 2032/2409/2447 2233/2527/2565 2105/2538/2576
f 2105/2538/2576 2233/2527/2565 2039/2531/2569 2161/2539/2577
f 2161/2539/2577 2039/2531/2569 2232/2537/2575 2106/2920/2578
f 2106/2920/2578 2232/2537/2575 2029/2485/2523 2225/2919/2539
f 2162/2514/2552 2161/2921/2577 2106/2540/2578 2107/2516/2554
f 2107/2516/2554 2106/2540/2578 2225/2501/2539 2224/2465/2503
f 2027/2484/2522 2234/2541/2579 2108/2542/2580 2089/2483/2521
f 2234/2541/2579 2040/2543/2581 2163/2544/2582 2108/2542/2580
f 2108/2542/2580 2163/2544/2582 2075/2545/2583 2165/2546/2584
f 2089/2483/2521 2108/2542/2580 2165/2546/2584 2147/2475/2513
f 2040/2543/2581 2247/2547/2585 2120/2548/2586 2163/2544/2582
f 2163/2544/2582 2120/2548/2586 2183/2549/2587 2075/2545/2583
f 2075/2545/2583 2183/2549/2587 2123/2550/2588 2164/2551/2589
f 2164/2551/2589 2123/2550/2588 2250/2552/2590 2181/2553/2591
f 2147/2475/2513 2165/2546/2584 2109/2554/2592 2086/2473/2511
f 2165/2546/2584 2075/2545/2583 2164/2551/2589 2109/2554/2592
f 2109/2554/2592 2164/2551/2589 2181/2553/2591 2119/2555/2593
f 2086/2473/2511 2109/2554/2592 2119/2555/2593 2025/2470/2508
f 2030/2424/2462 2235/2556/2594 2110/2557/2595 2101/2525/2563
f 2235/2556/2594 2041/2558/2596 2166/2559/2597 2110/2557/2595
f 2110/2557/2595 2166/2559/2597 2076/2560/2598 2168/2561/2599
f 2101/2525/2563 2110/2557/2595 2168/2561/2599 2157/2520/2558
f 2041/2558/2596 2251/2562/2600 2124/2563/2601 2166/2559/2597
f 2166/2559/2597 2124/2563/2601 2185/2564/2602 2076/2560/2598
f 2076/2560/2598 2185/2564/2602 2127/2565/2603 2167/2566/2604
f 2167/2566/2604 2127/2565/2603 2247/2547/2585 2040/2543/2581
f 2157/2520/2558 2168/2561/2599 2111/2567/2605 2098/2518/2556
f 2168/2561/2599 2076/2560/2598 2167/2566/2604 2111/2567/2605
f 2111/2567/2605 2167/2566/2604 2040/2543/2581 2234/2541/2579
f 2098/2518/2556 2111/2567/2605 2234/2541/2579 2027/2484/2522
f 2112/2568/2606 2172/2569/2607 2169/2570/2608 2170/2571/2609
f 2206/2432/2470 2112/2568/2606 2170/2571/2609 2137/2427/2465
f 2172/2569/2607 2236/2572/2610 2237/2573/2611 2169/2570/2608
f 2169/2570/2608 2237/2573/2611 2251/2562/2600 2041/2558/2596
f 2170/2571/2609 2169/2570/2608 2041/2558/2596 2235/2556/2594
f 2137/2427/2465 2170/2571/2609 2235/2556/2594 2030/2424/2462
f 2206/2432/2470 2205/2918/2469 2113/2917/2612 2112/2568/2606
f 2112/2568/2606 2113/2917/2612 2171/2916/2613 2172/2569/2607
f 2205/2431/2469 2204/2430/2468 2238/2576/2614 2113/2574/2612
f 2113/2574/2612 2238/2576/2614 2042/2577/2615 2171/2575/2613
f 2171/2575/2613 2042/2577/2615 2239/2578/2616 2043/2579/2617
f 2172/2569/2607 2171/2916/2613 2043/2910/2617 2236/2572/2610
f 2241/2580/2618 2044/2581/2619 2077/2582/2620 2045/2583/2621
f 2044/2581/2619 2239/2578/2616 2042/2577/2615 2077/2582/2620
f 2077/2582/2620 2042/2577/2615 2238/2576/2614 2173/2584/2622
f 2173/2584/2622 2238/2576/2614 2204/2430/2468 2203/2429/2467
f 2045/2583/2621 2077/2582/2620 2173/2584/2622 2240/2585/2623
f 2240/2585/2623 2173/2584/2622 2203/2429/2467 2031/2428/2466
f 2242/2586/2624 2046/2587/2625 2078/2588/2626 2176/2589/2627
f 2245/2590/2628 2242/2586/2624 2176/2589/2627 2047/2591/2629
f 2243/2592/2630 2241/2580/2618 2045/2583/2621 2174/2593/2631
f 2046/2587/2625 2243/2592/2630 2174/2593/2631 2078/2588/2626
f 2078/2588/2626 2174/2593/2631 2114/2594/2632 2175/2595/2633
f 2174/2593/2631 2045/2583/2621 2240/2585/2623 2114/2594/2632
f 2114/2594/2632 2240/2585/2623 2031/2428/2466 2229/2523/2561
f 2175/2595/2633 2114/2594/2632 2229/2523/2561 2037/2522/2560
f 2047/2591/2629 2176/2589/2627 2115/2596/2634 2244/2597/2635
f 2176/2589/2627 2078/2588/2626 2175/2595/2633 2115/2596/2634
f 2115/2596/2634 2175/2595/2633 2037/2522/2560 2228/2521/2559
f 2244/2597/2635 2115/2596/2634 2228/2521/2559 2028/2481/2519
f 2128/2598/2636 2194/2599/2637 2079/2600/2638 2179/2601/2639
f 2253/2602/2640 2128/2598/2636 2179/2601/2639 2048/2603/2641
f 2131/2604/2642 2245/2590/2628 2047/2591/2629 2177/2605/2643
f 2194/2599/2637 2131/2604/2642 2177/2605/2643 2079/2600/2638
f 2079/2600/2638 2177/2605/2643 2116/2606/2644 2178/2607/2645
f 2177/2605/2643 2047/2591/2629 2244/2597/2635 2116/2606/2644
f 2116/2606/2644 2244/2597/2635 2028/2481/2519 2218/2479/2517
f 2178/2607/2645 2116/2606/2644 2218/2479/2517 2065/2478/2516
f 2048/2603/2641 2179/2601/2639 2117/2608/2646 2246/2609/2647
f 2179/2601/2639 2079/2600/2638 2178/2607/2645 2117/2608/2646
f 2117/2608/2646 2178/2607/2645 2065/2478/2516 2217/2477/2515
f 2246/2609/2647 2117/2608/2646 2217/2477/2515 2026/2476/2514
f 2250/2552/2590 2196/2909/2648 2180/2915/2649 2181/2553/2591
f 2196/2610/2648 2253/2602/2640 2048/2603/2641 2180/2611/2649
f 2180/2611/2649 2048/2603/2641 2246/2609/2647 2118/2914/2650
f 2118/2914/2650 2246/2609/2647 2026/2476/2514 2064/2913/2509
f 2181/2553/2591 2180/2915/2649 2118/2612/2650 2119/2555/2593
f 2119/2555/2593 2118/2612/2650 2064/2471/2509 2025/2470/2508
f 2247/2547/2585 2248/2613/2651 2121/2614/2652 2120/2548/2586
f 2120/2548/2586 2121/2614/2652 2182/2615/2653 2183/2549/2587
f 2248/2613/2651 2215/2459/2497 2214/2458/2496 2121/2614/2652
f 2121/2614/2652 2214/2458/2496 2062/2455/2493 2182/2615/2653
f 2182/2615/2653 2062/2455/2493 2213/2454/2492 2122/2616/2654
f 2122/2616/2654 2213/2454/2492 2202/2423/2461 2249/2617/2655
f 2183/2549/2587 2182/2615/2653 2122/2616/2654 2123/2550/2588
f 2123/2550/2588 2122/2616/2654 2249/2617/2655 2250/2552/2590
f 2251/2562/2600 2252/2618/2656 2125/2619/2657 2124/2563/2601
f 2124/2563/2601 2125/2619/2657 2184/2620/2658 2185/2564/2602
f 2252/2618/2656 2212/2448/2486 2227/2509/2547 2125/2619/2657
f 2125/2619/2657 2227/2509/2547 2036/2506/2544 2184/2620/2658
f 2184/2620/2658 2036/2506/2544 2226/2505/2543 2126/2621/2659
f 2126/2621/2659 2226/2505/2543 2215/2459/2497 2248/2613/2651
f 2185/2564/2602 2184/2620/2658 2126/2621/2659 2127/2565/2603
f 2127/2565/2603 2126/2621/2659 2248/2613/2651 2247/2547/2585
f 2210/2433/2471 2209/2449/2487 2186/2622/2660 2187/2623/2661
f 2209/2449/2487 2212/2448/2486 2252/2618/2656 2186/2622/2660
f 2186/2622/2660 2252/2618/2656 2251/2562/2600 2237/2573/2611
f 2187/2623/2661 2186/2622/2660 2237/2573/2611 2236/2572/2610
f 2033/2437/2475 2057/2912/2472 2188/2911/2662 2049/2625/2663
f 2057/2434/2472 2210/2433/2471 2187/2623/2661 2188/2624/2662
f 2188/2624/2662 2187/2623/2661 2236/2572/2610 2043/2910/2617
f 2049/2625/2663 2188/2911/2662 2043/2579/2617 2239/2578/2616
f 2034/2445/2483 2059/2444/2482 2189/2626/2664 2050/2627/2665
f 2059/2444/2482 2033/2437/2475 2049/2625/2663 2189/2626/2664
f 2189/2626/2664 2049/2625/2663 2239/2578/2616 2044/2581/2619
f 2050/2627/2665 2189/2626/2664 2044/2581/2619 2241/2580/2618
f 2035/2494/2532 2231/2534/2572 2192/2628/2666 2051/2629/2667
f 2231/2534/2572 2038/2533/2571 2190/2630/2668 2192/2628/2666
f 2038/2533/2571 2230/2532/2570 2191/2631/2669 2190/2630/2668
f 2230/2532/2570 2034/2445/2483 2050/2627/2665 2191/2631/2669
f 2190/2630/2668 2191/2631/2669 2243/2592/2630 2046/2587/2625
f 2191/2631/2669 2050/2627/2665 2241/2580/2618 2243/2592/2630
f 2051/2629/2667 2192/2628/2666 2242/2586/2624 2245/2590/2628
f 2192/2628/2666 2190/2630/2668 2046/2587/2625 2242/2586/2624
f 2253/2602/2640 2254/2632/2670 2129/2633/2671 2128/2598/2636
f 2128/2598/2636 2129/2633/2671 2193/2634/2672 2194/2599/2637
f 2254/2632/2670 2200/2421/2459 2221/2497/2535 2129/2633/2671
f 2129/2633/2671 2221/2497/2535 2068/2496/2534 2193/2634/2672
f 2193/2634/2672 2068/2496/2534 2220/2495/2533 2130/2635/2673
f 2130/2635/2673 2220/2495/2533 2035/2494/2532 2051/2629/2667
f 2194/2599/2637 2193/2634/2672 2130/2635/2673 2131/2604/2642
f 2131/2604/2642 2130/2635/2673 2051/2629/2667 2245/2590/2628
f 2250/2552/2590 2249/2617/2655 2195/2908/2674 2196/2909/2648
f 2249/2617/2655 2202/2423/2461 2201/2907/2460 2195/2908/2674
f 2195/2636/2674 2201/2422/2460 2200/2421/2459 2254/2632/2670
f 2196/2610/2648 2195/2636/2674 2254/2632/2670 2253/2602/2640
s 43
f 2255/2637/2675 2286/2638/2676 2366/2978/2677 2367/2640/2678
f 2286/2972/2676 2256/2641/2679 2287/2642/2680 2366/2639/2677
f 2366/2639/2677 2287/2642/2680 2266/2643/2681 2431/2644/2682
f 2367/2640/2678 2366/2978/2677 2431/2959/2682 2432/2645/2683
f 2257/2646/2684 2288/2647/2685 2315/2977/2686 2314/2649/2687
f 2314/2649/2687 2315/2977/2686 2368/2976/2688 2369/2651/2689
f 2288/2965/2685 2258/2652/2690 2433/2653/2691 2315/2648/2686
f 2315/2648/2686 2433/2653/2691 2289/2654/2692 2368/2650/2688
f 2368/2650/2688 2289/2654/2692 2434/2655/2693 2435/2656/2694
f 2369/2651/2689 2368/2976/2688 2435/2943/2694 2436/2657/2695
f 2264/2658/2696 2290/2659/2697 2370/2975/2698 2371/2661/2699
f 2290/2960/2697 2265/2662/2700 2437/2663/2701 2370/2660/2698
f 2370/2660/2698 2437/2663/2701 2438/2664/2702 2439/2665/2703
f 2371/2661/2699 2370/2975/2698 2439/2954/2703 2440/2666/2704
f 2444/2667/2705 2291/2668/2706 2372/2974/2707 2373/2670/2708
f 2291/2948/2706 2267/2671/2709 2292/2672/2710 2372/2669/2707
f 2372/2669/2707 2292/2672/2710 2441/2673/2711 2316/2973/2712
f 2316/2973/2712 2441/2673/2711 2256/2641/2679 2286/2972/2676
f 2373/2670/2708 2372/2974/2707 2316/2674/2712 2317/2675/2713
f 2317/2675/2713 2316/2674/2712 2286/2638/2676 2255/2637/2675
f 2441/2673/2711 2292/2672/2710 2374/2676/2714 2375/2677/2715
f 2256/2641/2679 2441/2673/2711 2375/2677/2715 2287/2642/2680
f 2292/2672/2710 2267/2671/2709 2293/2678/2716 2374/2676/2714
f 2374/2676/2714 2293/2678/2716 2268/2679/2717 2294/2680/2718
f 2375/2677/2715 2374/2676/2714 2294/2680/2718 2442/2681/2719
f 2287/2642/2680 2375/2677/2715 2442/2681/2719 2266/2643/2681
f 2446/2682/2720 2443/2683/2721 2304/2684/2722 2295/2685/2723
f 2443/2683/2721 2444/2667/2705 2373/2670/2708 2304/2684/2722
f 2304/2684/2722 2373/2670/2708 2317/2675/2713 2376/2686/2724
f 2376/2686/2724 2317/2675/2713 2255/2637/2675 2367/2640/2678
f 2295/2685/2723 2304/2684/2722 2376/2686/2724 2445/2687/2725
f 2445/2687/2725 2376/2686/2724 2367/2640/2678 2432/2645/2683
f 2447/2688/2726 2296/2689/2727 2305/2690/2728 2379/2691/2729
f 2436/2657/2695 2447/2688/2726 2379/2691/2729 2369/2651/2689
f 2448/2692/2730 2449/2693/2731 2297/2694/2732 2377/2695/2733
f 2296/2689/2727 2448/2692/2730 2377/2695/2733 2305/2690/2728
f 2305/2690/2728 2377/2695/2733 2318/2696/2734 2378/2697/2735
f 2377/2695/2733 2297/2694/2732 2450/2698/2736 2318/2696/2734
f 2318/2696/2734 2450/2698/2736 2458/2699/2737 2326/2700/2738
f 2378/2697/2735 2318/2696/2734 2326/2700/2738 2386/2701/2739
f 2369/2651/2689 2379/2691/2729 2319/2702/2740 2314/2649/2687
f 2379/2691/2729 2305/2690/2728 2378/2697/2735 2319/2702/2740
f 2319/2702/2740 2378/2697/2735 2386/2701/2739 2329/2703/2741
f 2314/2649/2687 2319/2702/2740 2329/2703/2741 2257/2646/2684
f 2259/2704/2742 2298/2705/2743 2321/2971/2744 2320/2707/2745
f 2320/2707/2745 2321/2971/2744 2380/2970/2746 2381/2709/2747
f 2298/2949/2743 2260/2710/2748 2451/2711/2749 2321/2706/2744
f 2321/2706/2744 2451/2711/2749 2299/2712/2750 2380/2708/2746
f 2380/2708/2746 2299/2712/2750 2452/2713/2751 2322/2969/2752
f 2322/2969/2752 2452/2713/2751 2262/2715/2753 2300/2716/2754
f 2381/2709/2747 2380/2970/2746 2322/2714/2752 2323/2717/2755
f 2323/2717/2755 2322/2714/2752 2300/2964/2754 2261/2718/2756
f 2263/2719/2757 2453/2720/2758 2324/2721/2759 2457/2722/2760
f 2453/2720/2758 2301/2723/2761 2382/2724/2762 2324/2721/2759
f 2324/2721/2759 2382/2724/2762 2306/2725/2763 2384/2726/2764
f 2457/2722/2760 2324/2721/2759 2384/2726/2764 2303/2727/2765
f 2301/2723/2761 2269/2728/2766 2454/2729/2767 2382/2724/2762
f 2382/2724/2762 2454/2729/2767 2302/2730/2768 2306/2725/2763
f 2306/2725/2763 2302/2730/2768 2455/2731/2769 2383/2732/2770
f 2383/2732/2770 2455/2731/2769 2434/2655/2693 2289/2654/2692
f 2303/2727/2765 2384/2726/2764 2325/2733/2771 2456/2734/2772
f 2384/2726/2764 2306/2725/2763 2383/2732/2770 2325/2733/2771
f 2325/2733/2771 2383/2732/2770 2289/2654/2692 2433/2653/2691
f 2456/2734/2772 2325/2733/2771 2433/2653/2691 2258/2652/2690
f 2458/2699/2737 2459/2735/2773 2327/2968/2774 2326/2700/2738
f 2326/2700/2738 2327/2968/2774 2385/2967/2775 2386/2701/2739
f 2459/2955/2773 2263/2719/2757 2457/2722/2760 2327/2736/2774
f 2327/2736/2774 2457/2722/2760 2303/2727/2765 2385/2737/2775
f 2385/2737/2775 2303/2727/2765 2456/2734/2772 2328/2966/2776
f 2328/2966/2776 2456/2734/2772 2258/2652/2690 2288/2965/2685
f 2386/2701/2739 2385/2967/2775 2328/2738/2776 2329/2703/2741
f 2329/2703/2741 2328/2738/2776 2288/2647/2685 2257/2646/2684
f 2460/2739/2777 2270/2740/2778 2307/2741/2779 2389/2742/2780
f 2449/2693/2731 2460/2739/2777 2389/2742/2780 2297/2694/2732
f 2461/2743/2781 2446/2682/2720 2295/2685/2723 2387/2744/2782
f 2270/2740/2778 2461/2743/2781 2387/2744/2782 2307/2741/2779
f 2307/2741/2779 2387/2744/2782 2330/2745/2783 2388/2746/2784
f 2387/2744/2782 2295/2685/2723 2445/2687/2725 2330/2745/2783
f 2330/2745/2783 2445/2687/2725 2432/2645/2683 2338/2747/2785
f 2388/2746/2784 2330/2745/2783 2338/2747/2785 2396/2748/2786
f 2297/2694/2732 2389/2742/2780 2331/2749/2787 2450/2698/2736
f 2389/2742/2780 2307/2741/2779 2388/2746/2784 2331/2749/2787
f 2331/2749/2787 2388/2746/2784 2396/2748/2786 2341/2750/2788
f 2450/2698/2736 2331/2749/2787 2341/2750/2788 2458/2699/2737
f 2261/2718/2756 2300/2964/2754 2333/2963/2789 2332/2752/2790
f 2332/2752/2790 2333/2963/2789 2390/2962/2791 2391/2754/2792
f 2300/2716/2754 2262/2715/2753 2462/2755/2793 2333/2751/2789
f 2333/2751/2789 2462/2755/2793 2271/2756/2794 2390/2753/2791
f 2390/2753/2791 2271/2756/2794 2463/2757/2795 2334/2961/2796
f 2334/2961/2796 2463/2757/2795 2265/2662/2700 2290/2960/2697
f 2391/2754/2792 2390/2962/2791 2334/2758/2796 2335/2759/2797
f 2335/2759/2797 2334/2758/2796 2290/2659/2697 2264/2658/2696
f 2266/2643/2681 2442/2681/2719 2336/2760/2798 2467/2761/2799
f 2442/2681/2719 2294/2680/2718 2392/2762/2800 2336/2760/2798
f 2336/2760/2798 2392/2762/2800 2308/2763/2801 2394/2764/2802
f 2467/2761/2799 2336/2760/2798 2394/2764/2802 2273/2765/2803
f 2294/2680/2718 2268/2679/2717 2464/2766/2804 2392/2762/2800
f 2392/2762/2800 2464/2766/2804 2272/2767/2805 2308/2763/2801
f 2308/2763/2801 2272/2767/2805 2465/2768/2806 2393/2769/2807
f 2393/2769/2807 2465/2768/2806 2269/2728/2766 2301/2723/2761
f 2273/2765/2803 2394/2764/2802 2337/2770/2808 2466/2771/2809
f 2394/2764/2802 2308/2763/2801 2393/2769/2807 2337/2770/2808
f 2337/2770/2808 2393/2769/2807 2301/2723/2761 2453/2720/2758
f 2466/2771/2809 2337/2770/2808 2453/2720/2758 2263/2719/2757
f 2432/2645/2683 2431/2959/2682 2339/2958/2810 2338/2747/2785
f 2338/2747/2785 2339/2958/2810 2395/2957/2811 2396/2748/2786
f 2431/2644/2682 2266/2643/2681 2467/2761/2799 2339/2772/2810
f 2339/2772/2810 2467/2761/2799 2273/2765/2803 2395/2773/2811
f 2395/2773/2811 2273/2765/2803 2466/2771/2809 2340/2956/2812
f 2340/2956/2812 2466/2771/2809 2263/2719/2757 2459/2955/2773
f 2396/2748/2786 2395/2957/2811 2340/2774/2812 2341/2750/2788
f 2341/2750/2788 2340/2774/2812 2459/2735/2773 2458/2699/2737
f 2261/2718/2756 2468/2775/2813 2342/2776/2814 2323/2717/2755
f 2468/2775/2813 2274/2777/2815 2397/2778/2816 2342/2776/2814
f 2342/2776/2814 2397/2778/2816 2309/2779/2817 2399/2780/2818
f 2323/2717/2755 2342/2776/2814 2399/2780/2818 2381/2709/2747
f 2274/2777/2815 2481/2781/2819 2354/2782/2820 2397/2778/2816
f 2397/2778/2816 2354/2782/2820 2417/2783/2821 2309/2779/2817
f 2309/2779/2817 2417/2783/2821 2357/2784/2822 2398/2785/2823
f 2398/2785/2823 2357/2784/2822 2484/2786/2824 2415/2787/2825
f 2381/2709/2747 2399/2780/2818 2343/2788/2826 2320/2707/2745
f 2399/2780/2818 2309/2779/2817 2398/2785/2823 2343/2788/2826
f 2343/2788/2826 2398/2785/2823 2415/2787/2825 2353/2789/2827
f 2320/2707/2745 2343/2788/2826 2353/2789/2827 2259/2704/2742
f 2264/2658/2696 2469/2790/2828 2344/2791/2829 2335/2759/2797
f 2469/2790/2828 2275/2792/2830 2400/2793/2831 2344/2791/2829
f 2344/2791/2829 2400/2793/2831 2310/2794/2832 2402/2795/2833
f 2335/2759/2797 2344/2791/2829 2402/2795/2833 2391/2754/2792
f 2275/2792/2830 2485/2796/2834 2358/2797/2835 2400/2793/2831
f 2400/2793/2831 2358/2797/2835 2419/2798/2836 2310/2794/2832
f 2310/2794/2832 2419/2798/2836 2361/2799/2837 2401/2800/2838
f 2401/2800/2838 2361/2799/2837 2481/2781/2819 2274/2777/2815
f 2391/2754/2792 2402/2795/2833 2345/2801/2839 2332/2752/2790
f 2402/2795/2833 2310/2794/2832 2401/2800/2838 2345/2801/2839
f 2345/2801/2839 2401/2800/2838 2274/2777/2815 2468/2775/2813
f 2332/2752/2790 2345/2801/2839 2468/2775/2813 2261/2718/2756
f 2346/2802/2840 2406/2803/2841 2403/2804/2842 2404/2805/2843
f 2440/2666/2704 2346/2802/2840 2404/2805/2843 2371/2661/2699
f 2406/2803/2841 2470/2806/2844 2471/2807/2845 2403/2804/2842
f 2403/2804/2842 2471/2807/2845 2485/2796/2834 2275/2792/2830
f 2404/2805/2843 2403/2804/2842 2275/2792/2830 2469/2790/2828
f 2371/2661/2699 2404/2805/2843 2469/2790/2828 2264/2658/2696
f 2440/2666/2704 2439/2954/2703 2347/2953/2846 2346/2802/2840
f 2346/2802/2840 2347/2953/2846 2405/2952/2847 2406/2803/2841
f 2439/2665/2703 2438/2664/2702 2472/2810/2848 2347/2808/2846
f 2347/2808/2846 2472/2810/2848 2276/2811/2849 2405/2809/2847
f 2405/2809/2847 2276/2811/2849 2473/2812/2850 2277/2813/2851
f 2406/2803/2841 2405/2952/2847 2277/2946/2851 2470/2806/2844
f 2475/2814/2852 2278/2815/2853 2311/2816/2854 2279/2817/2855
f 2278/2815/2853 2473/2812/2850 2276/2811/2849 2311/2816/2854
f 2311/2816/2854 2276/2811/2849 2472/2810/2848 2407/2818/2856
f 2407/2818/2856 2472/2810/2848 2438/2664/2702 2437/2663/2701
f 2279/2817/2855 2311/2816/2854 2407/2818/2856 2474/2819/2857
f 2474/2819/2857 2407/2818/2856 2437/2663/2701 2265/2662/2700
f 2476/2820/2858 2280/2821/2859 2312/2822/2860 2410/2823/2861
f 2479/2824/2862 2476/2820/2858 2410/2823/2861 2281/2825/2863
f 2477/2826/2864 2475/2814/2852 2279/2817/2855 2408/2827/2865
f 2280/2821/2859 2477/2826/2864 2408/2827/2865 2312/2822/2860
f 2312/2822/2860 2408/2827/2865 2348/2828/2866 2409/2829/2867
f 2408/2827/2865 2279/2817/2855 2474/2819/2857 2348/2828/2866
f 2348/2828/2866 2474/2819/2857 2265/2662/2700 2463/2757/2795
f 2409/2829/2867 2348/2828/2866 2463/2757/2795 2271/2756/2794
f 2281/2825/2863 2410/2823/2861 2349/2830/2868 2478/2831/2869
f 2410/2823/2861 2312/2822/2860 2409/2829/2867 2349/2830/2868
f 2349/2830/2868 2409/2829/2867 2271/2756/2794 2462/2755/2793
f 2478/2831/2869 2349/2830/2868 2462/2755/2793 2262/2715/2753
f 2362/2832/2870 2428/2833/2871 2313/2834/2872 2413/2835/2873
f 2487/2836/2874 2362/2832/2870 2413/2835/2873 2282/2837/2875
f 2365/2838/2876 2479/2824/2862 2281/2825/2863 2411/2839/2877
f 2428/2833/2871 2365/2838/2876 2411/2839/2877 2313/2834/2872
f 2313/2834/2872 2411/2839/2877 2350/2840/2878 2412/2841/2879
f 2411/2839/2877 2281/2825/2863 2478/2831/2869 2350/2840/2878
f 2350/2840/2878 2478/2831/2869 2262/2715/2753 2452/2713/2751
f 2412/2841/2879 2350/2840/2878 2452/2713/2751 2299/2712/2750
f 2282/2837/2875 2413/2835/2873 2351/2842/2880 2480/2843/2881
f 2413/2835/2873 2313/2834/2872 2412/2841/2879 2351/2842/2880
f 2351/2842/2880 2412/2841/2879 2299/2712/2750 2451/2711/2749
f 2480/2843/2881 2351/2842/2880 2451/2711/2749 2260/2710/2748
f 2484/2786/2824 2430/2945/2882 2414/2951/2883 2415/2787/2825
f 2430/2844/2882 2487/2836/2874 2282/2837/2875 2414/2845/2883
f 2414/2845/2883 2282/2837/2875 2480/2843/2881 2352/2950/2884
f 2352/2950/2884 2480/2843/2881 2260/2710/2748 2298/2949/2743
f 2415/2787/2825 2414/2951/2883 2352/2846/2884 2353/2789/2827
f 2353/2789/2827 2352/2846/2884 2298/2705/2743 2259/2704/2742
f 2481/2781/2819 2482/2847/2885 2355/2848/2886 2354/2782/2820
f 2354/2782/2820 2355/2848/2886 2416/2849/2887 2417/2783/2821
f 2482/2847/2885 2449/2693/2731 2448/2692/2730 2355/2848/2886
f 2355/2848/2886 2448/2692/2730 2296/2689/2727 2416/2849/2887
f 2416/2849/2887 2296/2689/2727 2447/2688/2726 2356/2850/2888
f 2356/2850/2888 2447/2688/2726 2436/2657/2695 2483/2851/2889
f 2417/2783/2821 2416/2849/2887 2356/2850/2888 2357/2784/2822
f 2357/2784/2822 2356/2850/2888 2483/2851/2889 2484/2786/2824
f 2485/2796/2834 2486/2852/2890 2359/2853/2891 2358/2797/2835
f 2358/2797/2835 2359/2853/2891 2418/2854/2892 2419/2798/2836
f 2486/2852/2890 2446/2682/2720 2461/2743/2781 2359/2853/2891
f 2359/2853/2891 2461/2743/2781 2270/2740/2778 2418/2854/2892
f 2418/2854/2892 2270/2740/2778 2460/2739/2777 2360/2855/2893
f 2360/2855/2893 2460/2739/2777 2449/2693/2731 2482/2847/2885
f 2419/2798/2836 2418/2854/2892 2360/2855/2893 2361/2799/2837
f 2361/2799/2837 2360/2855/2893 2482/2847/2885 2481/2781/2819
f 2444/2667/2705 2443/2683/2721 2420/2856/2894 2421/2857/2895
f 2443/2683/2721 2446/2682/2720 2486/2852/2890 2420/2856/2894
f 2420/2856/2894 2486/2852/2890 2485/2796/2834 2471/2807/2845
f 2421/2857/2895 2420/2856/2894 2471/2807/2845 2470/2806/2844
f 2267/2671/2709 2291/2948/2706 2422/2947/2896 2283/2859/2897
f 2291/2668/2706 2444/2667/2705 2421/2857/2895 2422/2858/2896
f 2422/2858/2896 2421/2857/2895 2470/2806/2844 2277/2946/2851
f 2283/2859/2897 2422/2947/2896 2277/2813/2851 2473/2812/2850
f 2268/2679/2717 2293/2678/2716 2423/2860/2898 2284/2861/2899
f 2293/2678/2716 2267/2671/2709 2283/2859/2897 2423/2860/2898
f 2423/2860/2898 2283/2859/2897 2473/2812/2850 2278/2815/2853
f 2284/2861/2899 2423/2860/2898 2278/2815/2853 2475/2814/2852
f 2269/2728/2766 2465/2768/2806 2426/2862/2900 2285/2863/2901
f 2465/2768/2806 2272/2767/2805 2424/2864/2902 2426/2862/2900
f 2272/2767/2805 2464/2766/2804 2425/2865/2903 2424/2864/2902
f 2464/2766/2804 2268/2679/2717 2284/2861/2899 2425/2865/2903
f 2424/2864/2902 2425/2865/2903 2477/2826/2864 2280/2821/2859
f 2425/2865/2903 2284/2861/2899 2475/2814/2852 2477/2826/2864
f 2285/2863/2901 2426/2862/2900 2476/2820/2858 2479/2824/2862
f 2426/2862/2900 2424/2864/2902 2280/2821/2859 2476/2820/2858
f 2487/2836/2874 2488/2866/2904 2363/2867/2905 2362/2832/2870
f 2362/2832/2870 2363/2867/2905 2427/2868/2906 2428/2833/2871
f 2488/2866/2904 2434/2655/2693 2455/2731/2769 2363/2867/2905
f 2363/2867/2905 2455/2731/2769 2302/2730/2768 2427/2868/2906
f 2427/2868/2906 2302/2730/2768 2454/2729/2767 2364/2869/2907
f 2364/2869/2907 2454/2729/2767 2269/2728/2766 2285/2863/2901
f 2428/2833/2871 2427/2868/2906 2364/2869/2907 2365/2838/2876
f 2365/2838/2876 2364/2869/2907 2285/2863/2901 2479/2824/2862
f 2484/2786/2824 2483/2851/2889 2429/2944/2908 2430/2945/2882
f 2483/2851/2889 2436/2657/2695 2435/2943/2694 2429/2944/2908
f 2429/2870/2908 2435/2656/2694 2434/2655/2693 2488/2866/2904
f 2430/2844/2882 2429/2870/2908 2488/2866/2904 2487/2836/2874
g default
v 0.031782 0.727494 -9.693298
v 0.031782 0.717809 -9.695509
v 0.031782 0.710043 -9.689315
v 0.031782 0.710043 -9.679381
v 0.031782 0.717809 -9.673187
v 0.031782 0.727494 -9.675398
v 0.031782 0.731804 -9.684348
v -0.031782 0.727494 -9.693298
v -0.031782 0.717809 -9.695509
v -0.031782 0.710043 -9.689315
v -0.031782 0.710043 -9.679381
v -0.031782 0.717809 -9.673187
v -0.031782 0.727494 -9.675398
v -0.031782 0.731804 -9.684348
v 0.031782 0.720357 -9.684348
v -0.031782 0.720357 -9.684348
v 0.031782 0.727494 -9.741407
v 0.031782 0.717809 -9.743618
v 0.031782 0.710043 -9.737424
v 0.031782 0.710043 -9.727490
v 0.031782 0.717809 -9.721296
v 0.031782 0.727494 -9.723507
v 0.031782 0.731804 -9.732457
v -0.031782 0.727494 -9.741407
v -0.031782 0.717809 -9.743618
v -0.031782 0.710043 -9.737424
v -0.031782 0.710043 -9.727490
v -0.031782 0.717809 -9.721296
v -0.031782 0.727494 -9.723507
v -0.031782 0.731804 -9.732457
v 0.031782 0.720357 -9.732457
v -0.031782 0.720357 -9.732457
v 0.031782 0.727494 -9.789976
v 0.031782 0.717809 -9.792187
v 0.031782 0.710043 -9.785993
v 0.031782 0.710043 -9.776059
v 0.031782 0.717809 -9.769865
v 0.031782 0.727494 -9.772076
v 0.031782 0.731804 -9.781026
v -0.031782 0.727494 -9.789976
v -0.031782 0.717809 -9.792187
v -0.031782 0.710043 -9.785993
v -0.031782 0.710043 -9.776059
v -0.031782 0.717809 -9.769865
v -0.031782 0.727494 -9.772076
v -0.031782 0.731804 -9.781026
v 0.031782 0.720357 -9.781026
v -0.031782 0.720357 -9.781026
v 0.068606 0.285643 -9.235126
v 0.068606 0.255756 -9.241948
v 0.068606 0.231788 -9.222835
v 0.068606 0.231788 -9.192178
v 0.068606 0.255756 -9.173064
v 0.068606 0.285643 -9.179886
v 0.068606 0.298945 -9.207506
v -0.068606 0.285643 -9.235126
v -0.068606 0.255756 -9.241948
v -0.068606 0.231788 -9.222835
v -0.068606 0.231788 -9.192178
v -0.068606 0.255756 -9.173064
v -0.068606 0.285643 -9.179886
v -0.068606 0.298945 -9.207506
v 0.068606 0.263617 -9.207506
v -0.068606 0.263617 -9.207506
v 0.068606 0.231095 -9.420358
v 0.068606 0.201207 -9.427179
v 0.068606 0.177239 -9.408066
v 0.068606 0.177239 -9.377409
v 0.068606 0.201207 -9.358295
v 0.068606 0.231095 -9.365117
v 0.068606 0.244396 -9.392737
v -0.068606 0.231095 -9.420358
v -0.068606 0.201207 -9.427179
v -0.068606 0.177239 -9.408066
v -0.068606 0.177239 -9.377409
v -0.068606 0.201207 -9.358295
v -0.068606 0.231095 -9.365117
v -0.068606 0.244396 -9.392737
v 0.068606 0.209069 -9.392737
v -0.068606 0.209069 -9.392737
v 0.068606 0.207276 -9.600246
v 0.068606 0.177388 -9.607068
v 0.068606 0.153420 -9.587955
v 0.068606 0.153420 -9.557298
v 0.068606 0.177388 -9.538184
v 0.068606 0.207276 -9.545006
v 0.068606 0.220577 -9.572626
v -0.068606 0.207276 -9.600246
v -0.068606 0.177388 -9.607068
v -0.068606 0.153420 -9.587955
v -0.068606 0.153420 -9.557298
v -0.068606 0.177388 -9.538184
v -0.068606 0.207276 -9.545006
v -0.068606 0.220577 -9.572626
v 0.068606 0.185250 -9.572626
v -0.068606 0.185250 -9.572626
v 0.068606 0.191053 -9.785478
v 0.068606 0.161165 -9.792299
v 0.068606 0.137197 -9.773186
v 0.068606 0.137197 -9.742529
v 0.068606 0.161165 -9.723415
v 0.068606 0.191053 -9.730237
v 0.068606 0.204354 -9.757857
v -0.068606 0.191053 -9.785478
v -0.068606 0.161165 -9.792299
v -0.068606 0.137197 -9.773186
v -0.068606 0.137197 -9.742529
v -0.068606 0.161165 -9.723415
v -0.068606 0.191053 -9.730237
v -0.068606 0.204354 -9.757857
v 0.068606 0.169026 -9.757857
v -0.068606 0.169026 -9.757857
v 0.970912 -0.275200 -9.693298
v 0.961228 -0.275200 -9.695509
v 0.953461 -0.275200 -9.689315
v 0.953461 -0.275200 -9.679381
v 0.961228 -0.275200 -9.673187
v 0.970912 -0.275200 -9.675398
v 0.975223 -0.275200 -9.684348
v 0.970912 -0.211637 -9.693298
v 0.961228 -0.211637 -9.695509
v 0.953461 -0.211637 -9.689315
v 0.953461 -0.211637 -9.679381
v 0.961228 -0.211637 -9.673187
v 0.970912 -0.211637 -9.675398
v 0.975223 -0.211637 -9.684348
v 0.963775 -0.275200 -9.684348
v 0.963775 -0.211637 -9.684348
v 0.970912 -0.275200 -9.741407
v 0.961228 -0.275200 -9.743618
v 0.953461 -0.275200 -9.737424
v 0.953461 -0.275200 -9.727490
v 0.961228 -0.275200 -9.721296
v 0.970912 -0.275200 -9.723507
v 0.975223 -0.275200 -9.732457
v 0.970912 -0.211637 -9.741407
v 0.961228 -0.211637 -9.743618
v 0.953461 -0.211637 -9.737424
v 0.953461 -0.211637 -9.727490
v 0.961228 -0.211637 -9.721296
v 0.970912 -0.211637 -9.723507
v 0.975223 -0.211637 -9.732457
v 0.963775 -0.275200 -9.732457
v 0.963775 -0.211637 -9.732457
v 0.970912 -0.275200 -9.789976
v 0.961228 -0.275200 -9.792187
v 0.953461 -0.275200 -9.785993
v 0.953461 -0.275200 -9.776059
v 0.961228 -0.275200 -9.769865
v 0.970912 -0.275200 -9.772076
v 0.975223 -0.275200 -9.781026
v 0.970912 -0.211637 -9.789976
v 0.961228 -0.211637 -9.792187
v 0.953461 -0.211637 -9.785993
v 0.953461 -0.211637 -9.776059
v 0.961228 -0.211637 -9.769865
v 0.970912 -0.211637 -9.772076
v 0.975223 -0.211637 -9.781026
v 0.963775 -0.275200 -9.781026
v 0.963775 -0.211637 -9.781026
v 0.529062 -0.312024 -9.235126
v 0.499174 -0.312024 -9.241948
v 0.475206 -0.312024 -9.222835
v 0.475206 -0.312024 -9.192178
v 0.499174 -0.312024 -9.173064
v 0.529062 -0.312024 -9.179886
v 0.542363 -0.312024 -9.207506
v 0.529062 -0.174813 -9.235126
v 0.499174 -0.174813 -9.241948
v 0.475206 -0.174813 -9.222835
v 0.475206 -0.174813 -9.192178
v 0.499174 -0.174813 -9.173064
v 0.529062 -0.174813 -9.179886
v 0.542363 -0.174813 -9.207506
v 0.507035 -0.312024 -9.207506
v 0.507035 -0.174813 -9.207506
v 0.474513 -0.312024 -9.420358
v 0.444626 -0.312024 -9.427179
v 0.420658 -0.312024 -9.408066
v 0.420658 -0.312024 -9.377409
v 0.444626 -0.312024 -9.358295
v 0.474513 -0.312024 -9.365117
v 0.487815 -0.312024 -9.392737
v 0.474513 -0.174813 -9.420358
v 0.444626 -0.174813 -9.427179
v 0.420658 -0.174813 -9.408066
v 0.420658 -0.174813 -9.377409
v 0.444626 -0.174813 -9.358295
v 0.474513 -0.174813 -9.365117
v 0.487815 -0.174813 -9.392737
v 0.452487 -0.312024 -9.392737
v 0.452487 -0.174813 -9.392737
v 0.450694 -0.312024 -9.600246
v 0.420807 -0.312024 -9.607068
v 0.396839 -0.312024 -9.587955
v 0.396839 -0.312024 -9.557298
v 0.420807 -0.312024 -9.538184
v 0.450694 -0.312024 -9.545006
v 0.463996 -0.312024 -9.572626
v 0.450694 -0.174813 -9.600246
v 0.420807 -0.174813 -9.607068
v 0.396839 -0.174813 -9.587955
v 0.396839 -0.174813 -9.557298
v 0.420807 -0.174813 -9.538184
v 0.450694 -0.174813 -9.545006
v 0.463996 -0.174813 -9.572626
v 0.428668 -0.312024 -9.572626
v 0.428668 -0.174813 -9.572626
v 0.434471 -0.312024 -9.785478
v 0.404583 -0.312024 -9.792299
v 0.380615 -0.312024 -9.773186
v 0.380615 -0.312024 -9.742529
v 0.404583 -0.312024 -9.723415
v 0.434471 -0.312024 -9.730237
v 0.447772 -0.312024 -9.757857
v 0.434471 -0.174813 -9.785478
v 0.404583 -0.174813 -9.792299
v 0.380615 -0.174813 -9.773186
v 0.380615 -0.174813 -9.742529
v 0.404583 -0.174813 -9.723415
v 0.434471 -0.174813 -9.730237
v 0.447772 -0.174813 -9.757857
v 0.412444 -0.312024 -9.757857
v 0.412444 -0.174813 -9.757857
v -0.031782 -1.214331 -9.693298
v -0.031782 -1.204646 -9.695509
v -0.031782 -1.196879 -9.689315
v -0.031782 -1.196879 -9.679381
v -0.031782 -1.204646 -9.673187
v -0.031782 -1.214331 -9.675398
v -0.031782 -1.218641 -9.684348
v 0.031782 -1.214331 -9.693298
v 0.031782 -1.204646 -9.695509
v 0.031782 -1.196879 -9.689315
v 0.031782 -1.196879 -9.679381
v 0.031782 -1.204646 -9.673187
v 0.031782 -1.214331 -9.675398
v 0.031782 -1.218641 -9.684348
v -0.031782 -1.207193 -9.684348
v 0.031782 -1.207193 -9.684348
v -0.031782 -1.214331 -9.741407
v -0.031782 -1.204646 -9.743618
v -0.031782 -1.196879 -9.737424
v -0.031782 -1.196879 -9.727490
v -0.031782 -1.204646 -9.721296
v -0.031782 -1.214331 -9.723507
v -0.031782 -1.218641 -9.732457
v 0.031782 -1.214331 -9.741407
v 0.031782 -1.204646 -9.743618
v 0.031782 -1.196879 -9.737424
v 0.031782 -1.196879 -9.727490
v 0.031782 -1.204646 -9.721296
v 0.031782 -1.214331 -9.723507
v 0.031782 -1.218641 -9.732457
v -0.031782 -1.207193 -9.732457
v 0.031782 -1.207193 -9.732457
v -0.031782 -1.214331 -9.789976
v -0.031782 -1.204646 -9.792187
v -0.031782 -1.196879 -9.785993
v -0.031782 -1.196879 -9.776059
v -0.031782 -1.204646 -9.769865
v -0.031782 -1.214331 -9.772076
v -0.031782 -1.218641 -9.781026
v 0.031782 -1.214331 -9.789976
v 0.031782 -1.204646 -9.792187
v 0.031782 -1.196879 -9.785993
v 0.031782 -1.196879 -9.776059
v 0.031782 -1.204646 -9.769865
v 0.031782 -1.214331 -9.772076
v 0.031782 -1.218641 -9.781026
v -0.031782 -1.207193 -9.781026
v 0.031782 -1.207193 -9.781026
v -0.068606 -0.772480 -9.235126
v -0.068606 -0.742592 -9.241948
v -0.068606 -0.718624 -9.222835
v -0.068606 -0.718624 -9.192178
v -0.068606 -0.742592 -9.173064
v -0.068606 -0.772480 -9.179886
v -0.068606 -0.785781 -9.207506
v 0.068606 -0.772480 -9.235126
v 0.068606 -0.742592 -9.241948
v 0.068606 -0.718624 -9.222835
v 0.068606 -0.718624 -9.192178
v 0.068606 -0.742592 -9.173064
v 0.068606 -0.772480 -9.179886
v 0.068606 -0.785781 -9.207506
v -0.068606 -0.750453 -9.207506
v 0.068606 -0.750453 -9.207506
v -0.068606 -0.717932 -9.420358
v -0.068606 -0.688044 -9.427179
v -0.068606 -0.664076 -9.408066
v -0.068606 -0.664076 -9.377409
v -0.068606 -0.688044 -9.358295
v -0.068606 -0.717932 -9.365117
v -0.068606 -0.731233 -9.392737
v 0.068606 -0.717932 -9.420358
v 0.068606 -0.688044 -9.427179
v 0.068606 -0.664076 -9.408066
v 0.068606 -0.664076 -9.377409
v 0.068606 -0.688044 -9.358295
v 0.068606 -0.717932 -9.365117
v 0.068606 -0.731233 -9.392737
v -0.068606 -0.695905 -9.392737
v 0.068606 -0.695905 -9.392737
v -0.068606 -0.694113 -9.600246
v -0.068606 -0.664225 -9.607068
v -0.068606 -0.640257 -9.587955
v -0.068606 -0.640257 -9.557298
v -0.068606 -0.664225 -9.538184
v -0.068606 -0.694113 -9.545006
v -0.068606 -0.707414 -9.572626
v 0.068606 -0.694113 -9.600246
v 0.068606 -0.664225 -9.607068
v 0.068606 -0.640257 -9.587955
v 0.068606 -0.640257 -9.557298
v 0.068606 -0.664225 -9.538184
v 0.068606 -0.694113 -9.545006
v 0.068606 -0.707414 -9.572626
v -0.068606 -0.672086 -9.572626
v 0.068606 -0.672086 -9.572626
v -0.068606 -0.677889 -9.785478
v -0.068606 -0.648002 -9.792299
v -0.068606 -0.624034 -9.773186
v -0.068606 -0.624034 -9.742529
v -0.068606 -0.648002 -9.723415
v -0.068606 -0.677889 -9.730237
v -0.068606 -0.691191 -9.757857
v 0.068606 -0.677889 -9.785478
v 0.068606 -0.648002 -9.792299
v 0.068606 -0.624034 -9.773186
v 0.068606 -0.624034 -9.742529
v 0.068606 -0.648002 -9.723415
v 0.068606 -0.677889 -9.730237
v 0.068606 -0.691191 -9.757857
v -0.068606 -0.655863 -9.757857
v 0.068606 -0.655863 -9.757857
v -0.970913 -0.211637 -9.693298
v -0.961228 -0.211637 -9.695509
v -0.953461 -0.211637 -9.689315
v -0.953461 -0.211637 -9.679381
v -0.961228 -0.211637 -9.673187
v -0.970913 -0.211637 -9.675398
v -0.975223 -0.211637 -9.684348
v -0.970913 -0.275200 -9.693298
v -0.961228 -0.275200 -9.695509
v -0.953461 -0.275200 -9.689315
v -0.953461 -0.275200 -9.679381
v -0.961228 -0.275200 -9.673187
v -0.970913 -0.275200 -9.675398
v -0.975223 -0.275200 -9.684348
v -0.963775 -0.211637 -9.684348
v -0.963775 -0.275200 -9.684348
v -0.970913 -0.211637 -9.741407
v -0.961228 -0.211637 -9.743618
v -0.953461 -0.211637 -9.737424
v -0.953461 -0.211637 -9.727490
v -0.961228 -0.211637 -9.721296
v -0.970913 -0.211637 -9.723507
v -0.975223 -0.211637 -9.732457
v -0.970913 -0.275200 -9.741407
v -0.961228 -0.275200 -9.743618
v -0.953461 -0.275200 -9.737424
v -0.953461 -0.275200 -9.727490
v -0.961228 -0.275200 -9.721296
v -0.970913 -0.275200 -9.723507
v -0.975223 -0.275200 -9.732457
v -0.963775 -0.211637 -9.732457
v -0.963775 -0.275200 -9.732457
v -0.970913 -0.211637 -9.789976
v -0.961228 -0.211637 -9.792187
v -0.953461 -0.211637 -9.785993
v -0.953461 -0.211637 -9.776059
v -0.961228 -0.211637 -9.769865
v -0.970913 -0.211637 -9.772076
v -0.975223 -0.211637 -9.781026
v -0.970913 -0.275200 -9.789976
v -0.961228 -0.275200 -9.792187
v -0.953461 -0.275200 -9.785993
v -0.953461 -0.275200 -9.776059
v -0.961228 -0.275200 -9.769865
v -0.970913 -0.275200 -9.772076
v -0.975223 -0.275200 -9.781026
v -0.963775 -0.211637 -9.781026
v -0.963775 -0.275200 -9.781026
v -0.529062 -0.174813 -9.235126
v -0.499174 -0.174813 -9.241948
v -0.475206 -0.174813 -9.222835
v -0.475206 -0.174813 -9.192178
v -0.499174 -0.174813 -9.173064
v -0.529062 -0.174813 -9.179886
v -0.542363 -0.174813 -9.207506
v -0.529062 -0.312024 -9.235126
v -0.499174 -0.312024 -9.241948
v -0.475206 -0.312024 -9.222835
v -0.475206 -0.312024 -9.192178
v -0.499174 -0.312024 -9.173064
v -0.529062 -0.312024 -9.179886
v -0.542363 -0.312024 -9.207506
v -0.507035 -0.174813 -9.207506
v -0.507035 -0.312024 -9.207506
v -0.474514 -0.174813 -9.420358
v -0.444626 -0.174813 -9.427179
v -0.420658 -0.174813 -9.408066
v -0.420658 -0.174813 -9.377409
v -0.444626 -0.174813 -9.358295
v -0.474514 -0.174813 -9.365117
v -0.487815 -0.174813 -9.392737
v -0.474514 -0.312024 -9.420358
v -0.444626 -0.312024 -9.427179
v -0.420658 -0.312024 -9.408066
v -0.420658 -0.312024 -9.377409
v -0.444626 -0.312024 -9.358295
v -0.474514 -0.312024 -9.365117
v -0.487815 -0.312024 -9.392737
v -0.452487 -0.174813 -9.392737
v -0.452487 -0.312024 -9.392737
v -0.450695 -0.174813 -9.600246
v -0.420807 -0.174813 -9.607068
v -0.396839 -0.174813 -9.587955
v -0.396839 -0.174813 -9.557298
v -0.420807 -0.174813 -9.538184
v -0.450695 -0.174813 -9.545006
v -0.463996 -0.174813 -9.572626
v -0.450695 -0.312024 -9.600246
v -0.420807 -0.312024 -9.607068
v -0.396839 -0.312024 -9.587955
v -0.396839 -0.312024 -9.557298
v -0.420807 -0.312024 -9.538184
v -0.450695 -0.312024 -9.545006
v -0.463996 -0.312024 -9.572626
v -0.428668 -0.174813 -9.572626
v -0.428668 -0.312024 -9.572626
v -0.434471 -0.174813 -9.785478
v -0.404583 -0.174813 -9.792299
v -0.380615 -0.174813 -9.773186
v -0.380615 -0.174813 -9.742529
v -0.404583 -0.174813 -9.723415
v -0.434471 -0.174813 -9.730237
v -0.447772 -0.174813 -9.757857
v -0.434471 -0.312024 -9.785478
v -0.404583 -0.312024 -9.792299
v -0.380615 -0.312024 -9.773186
v -0.380615 -0.312024 -9.742529
v -0.404583 -0.312024 -9.723415
v -0.434471 -0.312024 -9.730237
v -0.447772 -0.312024 -9.757857
v -0.412445 -0.174813 -9.757857
v -0.412445 -0.312024 -9.757857
vt 0.463581 0.665460
vt 0.464404 0.665460
vt 0.464405 0.670727
vt 0.463582 0.670727
vt 0.465227 0.665460
vt 0.465228 0.670726
vt 0.466050 0.665459
vt 0.466051 0.670726
vt 0.466874 0.665459
vt 0.466874 0.670726
vt 0.467697 0.665459
vt 0.467697 0.670726
vt 0.468520 0.665459
vt 0.468521 0.670726
vt 0.469343 0.665459
vt 0.469344 0.670726
vt 0.998706 0.446524
vt 0.999509 0.446707
vt 0.998917 0.447449
vt 0.998063 0.447038
vt 0.998063 0.447861
vt 0.998706 0.448374
vt 0.999509 0.448191
vt 0.999866 0.447449
vt 0.999509 0.416868
vt 0.998706 0.417051
vt 0.998917 0.416126
vt 0.998063 0.416537
vt 0.998063 0.415714
vt 0.998706 0.415201
vt 0.999509 0.415384
vt 0.999866 0.416126
vt 0.059993 0.658442
vt 0.060816 0.658441
vt 0.060817 0.663708
vt 0.059994 0.663709
vt 0.061639 0.658441
vt 0.061640 0.663708
vt 0.062462 0.658441
vt 0.062463 0.663708
vt 0.063285 0.658441
vt 0.063286 0.663708
vt 0.064108 0.658441
vt 0.064109 0.663708
vt 0.064932 0.658441
vt 0.064932 0.663708
vt 0.065755 0.658441
vt 0.065755 0.663708
vt 0.998706 0.407831
vt 0.999509 0.408014
vt 0.998917 0.408756
vt 0.998063 0.408344
vt 0.998063 0.409167
vt 0.998706 0.409681
vt 0.999509 0.409498
vt 0.999866 0.408756
vt 0.999509 0.431608
vt 0.998706 0.431791
vt 0.998917 0.430866
vt 0.998063 0.431278
vt 0.998063 0.430455
vt 0.998706 0.429941
vt 0.999509 0.430125
vt 0.999866 0.430866
vt 0.267241 0.641970
vt 0.268064 0.641970
vt 0.268065 0.647237
vt 0.267242 0.647237
vt 0.268887 0.641970
vt 0.268888 0.647237
vt 0.269710 0.641970
vt 0.269711 0.647237
vt 0.270533 0.641970
vt 0.270534 0.647237
vt 0.271357 0.641970
vt 0.271357 0.647236
vt 0.272180 0.641969
vt 0.272181 0.647236
vt 0.273003 0.641969
vt 0.273004 0.647236
vt 0.998706 0.442839
vt 0.999509 0.443022
vt 0.998917 0.443764
vt 0.998063 0.443352
vt 0.998063 0.444176
vt 0.998706 0.444689
vt 0.999509 0.444506
vt 0.999866 0.443764
vt 0.999509 0.426080
vt 0.998706 0.426263
vt 0.998917 0.425339
vt 0.998063 0.425750
vt 0.998063 0.424927
vt 0.998706 0.424414
vt 0.999509 0.424597
vt 0.999866 0.425339
vt 0.916255 0.555239
vt 0.918796 0.555239
vt 0.918795 0.566609
vt 0.916254 0.566608
vt 0.921336 0.555239
vt 0.921335 0.566609
vt 0.923876 0.555240
vt 0.923875 0.566609
vt 0.926416 0.555240
vt 0.926415 0.566609
vt 0.928956 0.555240
vt 0.928955 0.566610
vt 0.931497 0.555240
vt 0.931496 0.566610
vt 0.934037 0.555240
vt 0.934036 0.566610
vt 0.989141 0.579618
vt 0.991618 0.580184
vt 0.989792 0.582472
vt 0.987155 0.581202
vt 0.987155 0.583742
vt 0.989141 0.585326
vt 0.991618 0.584761
vt 0.992720 0.582472
vt 0.440774 0.628024
vt 0.438298 0.628589
vt 0.438949 0.625735
vt 0.436312 0.627005
vt 0.436312 0.624465
vt 0.438298 0.622881
vt 0.440774 0.623446
vt 0.441876 0.625735
vt 0.021816 0.771197
vt 0.024357 0.771197
vt 0.024356 0.782566
vt 0.021816 0.782566
vt 0.026897 0.771197
vt 0.026896 0.782567
vt 0.029437 0.771197
vt 0.029436 0.782567
vt 0.031977 0.771198
vt 0.031976 0.782567
vt 0.034517 0.771198
vt 0.034517 0.782567
vt 0.037058 0.771198
vt 0.037057 0.782567
vt 0.039598 0.771198
vt 0.039597 0.782568
vt 0.100156 0.618017
vt 0.102633 0.618582
vt 0.100808 0.620871
vt 0.098170 0.619601
vt 0.098170 0.622141
vt 0.100156 0.623725
vt 0.102633 0.623159
vt 0.103735 0.620871
vt 0.429866 0.625315
vt 0.427390 0.625880
vt 0.428041 0.623026
vt 0.425404 0.624297
vt 0.425404 0.621756
vt 0.427390 0.620173
vt 0.429866 0.620738
vt 0.430969 0.623026
vt 0.458128 0.622885
vt 0.460668 0.622885
vt 0.460667 0.634254
vt 0.458127 0.634254
vt 0.463208 0.622885
vt 0.463208 0.634254
vt 0.465749 0.622885
vt 0.465748 0.634255
vt 0.468289 0.622885
vt 0.468288 0.634255
vt 0.470829 0.622886
vt 0.470828 0.634255
vt 0.473369 0.622886
vt 0.473368 0.634255
vt 0.475910 0.622886
vt 0.475909 0.634255
vt 0.492837 0.622880
vt 0.495313 0.623446
vt 0.493488 0.625734
vt 0.490851 0.624464
vt 0.490851 0.627004
vt 0.492837 0.628588
vt 0.495313 0.628023
vt 0.496415 0.625734
vt 0.953440 0.575935
vt 0.950964 0.576500
vt 0.951615 0.573646
vt 0.948978 0.574917
vt 0.948978 0.572376
vt 0.950964 0.570793
vt 0.953440 0.571358
vt 0.954543 0.573646
vt 0.147256 0.780940
vt 0.149796 0.780940
vt 0.149795 0.792310
vt 0.147255 0.792309
vt 0.152336 0.780940
vt 0.152336 0.792310
vt 0.154877 0.780940
vt 0.154876 0.792310
vt 0.157417 0.780941
vt 0.157416 0.792310
vt 0.159957 0.780941
vt 0.159956 0.792310
vt 0.162497 0.780941
vt 0.162496 0.792311
vt 0.165038 0.780941
vt 0.165037 0.792311
vt 0.487383 0.625872
vt 0.489859 0.626437
vt 0.488034 0.628726
vt 0.485397 0.627456
vt 0.485397 0.629996
vt 0.487383 0.631580
vt 0.489859 0.631015
vt 0.490961 0.628726
vt 0.304427 0.619263
vt 0.301950 0.619828
vt 0.302602 0.616974
vt 0.299964 0.618244
vt 0.299964 0.615704
vt 0.301950 0.614120
vt 0.304427 0.614686
vt 0.305529 0.616974
vt 0.059993 0.663709
vt 0.060816 0.663709
vt 0.060817 0.668976
vt 0.059994 0.668976
vt 0.061639 0.663709
vt 0.061640 0.668976
vt 0.062462 0.663709
vt 0.062463 0.668976
vt 0.063285 0.663709
vt 0.063286 0.668976
vt 0.064108 0.663709
vt 0.064109 0.668976
vt 0.064932 0.663709
vt 0.064932 0.668975
vt 0.065755 0.663708
vt 0.065755 0.668975
vt 0.998706 0.428099
vt 0.999509 0.428282
vt 0.998917 0.429024
vt 0.998063 0.428612
vt 0.998063 0.429435
vt 0.998706 0.429949
vt 0.999509 0.429765
vt 0.999866 0.429024
vt 0.999509 0.420553
vt 0.998706 0.420736
vt 0.998917 0.419811
vt 0.998063 0.420223
vt 0.998063 0.419399
vt 0.998706 0.418886
vt 0.999509 0.419069
vt 0.999866 0.419811
vt 0.992609 0.646691
vt 0.993432 0.646690
vt 0.993433 0.651957
vt 0.992610 0.651958
vt 0.994255 0.646690
vt 0.994256 0.651957
vt 0.995078 0.646690
vt 0.995079 0.651957
vt 0.995902 0.646690
vt 0.995902 0.651957
vt 0.996725 0.646690
vt 0.996725 0.651957
vt 0.997548 0.646690
vt 0.997548 0.651957
vt 0.998371 0.646690
vt 0.998372 0.651957
vt 0.998706 0.433627
vt 0.999509 0.433810
vt 0.998917 0.434551
vt 0.998063 0.434140
vt 0.998063 0.434963
vt 0.998706 0.435476
vt 0.999509 0.435293
vt 0.999866 0.434551
vt 0.999509 0.440821
vt 0.998706 0.441004
vt 0.998917 0.440079
vt 0.998063 0.440490
vt 0.998063 0.439667
vt 0.998706 0.439154
vt 0.999509 0.439337
vt 0.999866 0.440079
vt 0.278149 0.638310
vt 0.278972 0.638310
vt 0.278973 0.643577
vt 0.278150 0.643577
vt 0.279795 0.638310
vt 0.279796 0.643577
vt 0.280618 0.638310
vt 0.280619 0.643577
vt 0.281441 0.638309
vt 0.281442 0.643576
vt 0.282264 0.638309
vt 0.282265 0.643576
vt 0.283087 0.638309
vt 0.283088 0.643576
vt 0.283911 0.638309
vt 0.283912 0.643576
vt 0.998706 0.450210
vt 0.999509 0.450393
vt 0.998917 0.451134
vt 0.998063 0.450723
vt 0.998063 0.451546
vt 0.998706 0.452059
vt 0.999509 0.451876
vt 0.999866 0.451134
vt 0.999509 0.438978
vt 0.998706 0.439161
vt 0.998917 0.438236
vt 0.998063 0.438648
vt 0.998063 0.437825
vt 0.998706 0.437312
vt 0.999509 0.437495
vt 0.999866 0.438236
vt 0.556298 0.823202
vt 0.558838 0.823203
vt 0.558838 0.834572
vt 0.556297 0.834572
vt 0.561379 0.823203
vt 0.561378 0.834572
vt 0.563919 0.823203
vt 0.563918 0.834573
vt 0.566459 0.823203
vt 0.566458 0.834573
vt 0.568999 0.823203
vt 0.568998 0.834573
vt 0.571539 0.823204
vt 0.571539 0.834573
vt 0.574080 0.823204
vt 0.574079 0.834573
vt 0.492837 0.628864
vt 0.495313 0.629429
vt 0.493488 0.631718
vt 0.490851 0.630448
vt 0.490851 0.632988
vt 0.492837 0.634572
vt 0.495313 0.634006
vt 0.496415 0.631718
vt 0.238980 0.619297
vt 0.236503 0.619862
vt 0.237155 0.617008
vt 0.234518 0.618278
vt 0.234518 0.615738
vt 0.236503 0.614154
vt 0.238980 0.614719
vt 0.240082 0.617008
vt 0.556298 0.555247
vt 0.558838 0.555247
vt 0.558837 0.566617
vt 0.556297 0.566617
vt 0.561379 0.555248
vt 0.561378 0.566617
vt 0.563919 0.555248
vt 0.563918 0.566617
vt 0.566459 0.555248
vt 0.566458 0.566617
vt 0.568999 0.555248
vt 0.568998 0.566618
vt 0.571539 0.555248
vt 0.571539 0.566618
vt 0.574080 0.555249
vt 0.574079 0.566618
vt 0.072887 0.625257
vt 0.075363 0.625822
vt 0.073538 0.628110
vt 0.070901 0.626840
vt 0.070901 0.629381
vt 0.072887 0.630964
vt 0.075363 0.630399
vt 0.076465 0.628110
vt 0.468044 0.639394
vt 0.465567 0.639959
vt 0.466219 0.637105
vt 0.463581 0.638375
vt 0.463581 0.635835
vt 0.465567 0.634251
vt 0.468044 0.634816
vt 0.469146 0.637105
vt 0.938071 0.555239
vt 0.940611 0.555239
vt 0.940610 0.566608
vt 0.938070 0.566608
vt 0.943151 0.555239
vt 0.943150 0.566609
vt 0.945692 0.555239
vt 0.945691 0.566609
vt 0.948232 0.555240
vt 0.948231 0.566609
vt 0.950772 0.555240
vt 0.950771 0.566609
vt 0.953312 0.555240
vt 0.953311 0.566609
vt 0.955852 0.555240
vt 0.955851 0.566610
vt 0.994595 0.582610
vt 0.997071 0.583175
vt 0.995246 0.585464
vt 0.992609 0.584194
vt 0.992609 0.586734
vt 0.994595 0.588318
vt 0.997071 0.587753
vt 0.998174 0.585464
vt 0.658930 0.551478
vt 0.656453 0.552043
vt 0.657105 0.549190
vt 0.654468 0.550460
vt 0.654467 0.547919
vt 0.656453 0.546336
vt 0.658930 0.546901
vt 0.660032 0.549190
vt 0.207249 0.805418
vt 0.209789 0.805418
vt 0.209788 0.816787
vt 0.207248 0.816787
vt 0.212329 0.805418
vt 0.212328 0.816788
vt 0.214870 0.805418
vt 0.214869 0.816788
vt 0.217410 0.805419
vt 0.217409 0.816788
vt 0.219950 0.805419
vt 0.219949 0.816788
vt 0.222490 0.805419
vt 0.222489 0.816788
vt 0.225030 0.805419
vt 0.225029 0.816789
vt 0.411028 0.613899
vt 0.413505 0.614464
vt 0.411680 0.616752
vt 0.409042 0.615482
vt 0.409042 0.618023
vt 0.411028 0.619606
vt 0.413505 0.619041
vt 0.414607 0.616752
vt 0.124448 0.619108
vt 0.121972 0.619673
vt 0.122623 0.616819
vt 0.119986 0.618089
vt 0.119986 0.615549
vt 0.121972 0.613966
vt 0.124448 0.614531
vt 0.125550 0.616819
vt 0.965339 0.693448
vt 0.966163 0.693448
vt 0.966163 0.698715
vt 0.965340 0.698715
vt 0.966986 0.693448
vt 0.966986 0.698715
vt 0.967809 0.693448
vt 0.967809 0.698714
vt 0.968632 0.693447
vt 0.968633 0.698714
vt 0.969455 0.693447
vt 0.969456 0.698714
vt 0.970278 0.693447
vt 0.970279 0.698714
vt 0.971101 0.693447
vt 0.971102 0.698714
vt 0.998706 0.448367
vt 0.999509 0.448550
vt 0.998917 0.449292
vt 0.998063 0.448880
vt 0.998063 0.449703
vt 0.998706 0.450217
vt 0.999509 0.450033
vt 0.999866 0.449292
vt 0.999509 0.437136
vt 0.998706 0.437319
vt 0.998917 0.436394
vt 0.998063 0.436805
vt 0.998063 0.435982
vt 0.998706 0.435469
vt 0.999509 0.435652
vt 0.999866 0.436394
vt 0.981701 0.646690
vt 0.982524 0.646690
vt 0.982525 0.651957
vt 0.981702 0.651957
vt 0.983347 0.646690
vt 0.983348 0.651957
vt 0.984171 0.646690
vt 0.984171 0.651957
vt 0.984994 0.646690
vt 0.984994 0.651957
vt 0.985817 0.646690
vt 0.985818 0.651957
vt 0.986640 0.646690
vt 0.986641 0.651957
vt 0.987463 0.646690
vt 0.987464 0.651957
vt 0.998706 0.420729
vt 0.999509 0.420912
vt 0.998917 0.421654
vt 0.998063 0.421242
vt 0.998063 0.422065
vt 0.998706 0.422578
vt 0.999509 0.422395
vt 0.999866 0.421654
vt 0.999509 0.433450
vt 0.998706 0.433634
vt 0.998917 0.432709
vt 0.998063 0.433120
vt 0.998063 0.432297
vt 0.998706 0.431784
vt 0.999509 0.431967
vt 0.999866 0.432709
vt 0.256333 0.640771
vt 0.257156 0.640771
vt 0.257157 0.646038
vt 0.256334 0.646038
vt 0.257979 0.640770
vt 0.257980 0.646037
vt 0.258802 0.640770
vt 0.258803 0.646037
vt 0.259626 0.640770
vt 0.259626 0.646037
vt 0.260449 0.640770
vt 0.260450 0.646037
vt 0.261272 0.640770
vt 0.261273 0.646037
vt 0.262095 0.640770
vt 0.262096 0.646037
vt 0.998706 0.417044
vt 0.999509 0.417227
vt 0.998917 0.417968
vt 0.998063 0.417557
vt 0.998063 0.418380
vt 0.998706 0.418893
vt 0.999509 0.418710
vt 0.999866 0.417968
vt 0.999509 0.424238
vt 0.998706 0.424421
vt 0.998918 0.423496
vt 0.998063 0.423908
vt 0.998063 0.423085
vt 0.998706 0.422571
vt 0.999509 0.422755
vt 0.999866 0.423496
vt 0.359958 0.787884
vt 0.362498 0.787884
vt 0.362497 0.799253
vt 0.359957 0.799253
vt 0.365038 0.787884
vt 0.365038 0.799254
vt 0.367579 0.787884
vt 0.367578 0.799254
vt 0.370119 0.787885
vt 0.370118 0.799254
vt 0.372659 0.787885
vt 0.372658 0.799254
vt 0.375199 0.787885
vt 0.375198 0.799254
vt 0.377739 0.787885
vt 0.377739 0.799255
vt 0.252865 0.637775
vt 0.255342 0.638340
vt 0.253517 0.640628
vt 0.250879 0.639358
vt 0.250879 0.641899
vt 0.252865 0.643482
vt 0.255342 0.642917
vt 0.256444 0.640628
vt 0.451682 0.628024
vt 0.449205 0.628589
vt 0.449857 0.625735
vt 0.447219 0.627005
vt 0.447219 0.624465
vt 0.449205 0.622881
vt 0.451682 0.623446
vt 0.452784 0.625735
vt 0.081809 0.830998
vt 0.084350 0.830999
vt 0.084349 0.842368
vt 0.081808 0.842368
vt 0.086890 0.830999
vt 0.086889 0.842368
vt 0.089430 0.830999
vt 0.089429 0.842369
vt 0.091970 0.830999
vt 0.091969 0.842369
vt 0.094510 0.830999
vt 0.094509 0.842369
vt 0.097051 0.831000
vt 0.097050 0.842369
vt 0.099591 0.831000
vt 0.099590 0.842369
vt 0.972779 0.564929
vt 0.975256 0.565495
vt 0.973431 0.567783
vt 0.970793 0.566513
vt 0.970793 0.569053
vt 0.972779 0.570637
vt 0.975256 0.570072
vt 0.976358 0.567783
vt 0.271703 0.641408
vt 0.269227 0.641973
vt 0.269878 0.639119
vt 0.267241 0.640389
vt 0.267241 0.637849
vt 0.269227 0.636265
vt 0.271703 0.636831
vt 0.272806 0.639119
vt 0.414497 0.745209
vt 0.417037 0.745209
vt 0.417036 0.756578
vt 0.414496 0.756578
vt 0.419577 0.745209
vt 0.419576 0.756579
vt 0.422118 0.745209
vt 0.422117 0.756579
vt 0.424658 0.745210
vt 0.424657 0.756579
vt 0.427198 0.745210
vt 0.427197 0.756579
vt 0.429738 0.745210
vt 0.429737 0.756579
vt 0.432278 0.745210
vt 0.432277 0.756580
vt 0.978233 0.567921
vt 0.980710 0.568486
vt 0.978885 0.570775
vt 0.976247 0.569505
vt 0.976247 0.572045
vt 0.978233 0.573629
vt 0.980710 0.573064
vt 0.981812 0.570775
vt 0.538944 0.574397
vt 0.536468 0.574963
vt 0.537119 0.572109
vt 0.534482 0.573379
vt 0.534482 0.570839
vt 0.536468 0.569255
vt 0.538944 0.569820
vt 0.540046 0.572109
vt 0.556298 0.811833
vt 0.558838 0.811833
vt 0.558838 0.823202
vt 0.556297 0.823202
vt 0.561379 0.811833
vt 0.561378 0.823202
vt 0.563919 0.811833
vt 0.563918 0.823203
vt 0.566459 0.811833
vt 0.566458 0.823203
vt 0.568999 0.811834
vt 0.568998 0.823203
vt 0.571539 0.811834
vt 0.571539 0.823203
vt 0.574080 0.811834
vt 0.574079 0.823203
vt 0.083794 0.625257
vt 0.086271 0.625823
vt 0.084446 0.628111
vt 0.081808 0.626841
vt 0.081808 0.629381
vt 0.083794 0.630965
vt 0.086271 0.630400
vt 0.087373 0.628111
vt 0.424412 0.619019
vt 0.421936 0.619584
vt 0.422587 0.616730
vt 0.419950 0.618001
vt 0.419950 0.615460
vt 0.421936 0.613877
vt 0.424412 0.614442
vt 0.425515 0.616731
vt 0.076355 0.691984
vt 0.077178 0.691984
vt 0.077178 0.697251
vt 0.076355 0.697251
vt 0.078001 0.691984
vt 0.078001 0.697251
vt 0.078824 0.691984
vt 0.078825 0.697251
vt 0.079647 0.691984
vt 0.079648 0.697251
vt 0.080470 0.691984
vt 0.080471 0.697251
vt 0.081293 0.691984
vt 0.081294 0.697250
vt 0.082116 0.691983
vt 0.082117 0.697250
vt 0.998706 0.413359
vt 0.999509 0.413542
vt 0.998917 0.414283
vt 0.998063 0.413872
vt 0.998063 0.414695
vt 0.998706 0.415208
vt 0.999509 0.415025
vt 0.999866 0.414283
vt 0.999509 0.442663
vt 0.998706 0.442846
vt 0.998917 0.441922
vt 0.998063 0.442333
vt 0.998063 0.441510
vt 0.998706 0.440997
vt 0.999509 0.441180
vt 0.999866 0.441922
vt 0.965339 0.688180
vt 0.966163 0.688180
vt 0.966163 0.693447
vt 0.965340 0.693447
vt 0.966986 0.688180
vt 0.966986 0.693447
vt 0.967809 0.688180
vt 0.967809 0.693447
vt 0.968632 0.688180
vt 0.968633 0.693447
vt 0.969455 0.688180
vt 0.969456 0.693447
vt 0.970278 0.688180
vt 0.970279 0.693447
vt 0.971101 0.688180
vt 0.971102 0.693447
vt 0.998706 0.409674
vt 0.999509 0.409857
vt 0.998918 0.410598
vt 0.998063 0.410187
vt 0.998063 0.411010
vt 0.998706 0.411523
vt 0.999509 0.411340
vt 0.999866 0.410598
vt 0.999509 0.446348
vt 0.998706 0.446531
vt 0.998918 0.445607
vt 0.998063 0.446018
vt 0.998063 0.445195
vt 0.998706 0.444682
vt 0.999509 0.444865
vt 0.999866 0.445607
vt 0.398134 0.613925
vt 0.398958 0.613925
vt 0.398958 0.619192
vt 0.398135 0.619192
vt 0.399781 0.613925
vt 0.399782 0.619192
vt 0.400604 0.613925
vt 0.400605 0.619192
vt 0.401427 0.613925
vt 0.401428 0.619192
vt 0.402250 0.613925
vt 0.402251 0.619191
vt 0.403073 0.613924
vt 0.403074 0.619191
vt 0.403896 0.613924
vt 0.403897 0.619191
vt 0.998706 0.411516
vt 0.999509 0.411699
vt 0.998917 0.412441
vt 0.998063 0.412029
vt 0.998063 0.412852
vt 0.998706 0.413366
vt 0.999509 0.413182
vt 0.999866 0.412441
vt 0.999509 0.427923
vt 0.998706 0.428106
vt 0.998917 0.427181
vt 0.998063 0.427593
vt 0.998063 0.426770
vt 0.998706 0.426256
vt 0.999509 0.426440
vt 0.999866 0.427181
vt 0.070902 0.613890
vt 0.073442 0.613891
vt 0.073441 0.625260
vt 0.070901 0.625260
vt 0.075982 0.613891
vt 0.075981 0.625260
vt 0.078522 0.613891
vt 0.078521 0.625260
vt 0.081062 0.613891
vt 0.081061 0.625261
vt 0.083603 0.613891
vt 0.083602 0.625261
vt 0.086143 0.613892
vt 0.086142 0.625261
vt 0.088683 0.613892
vt 0.088682 0.625261
vt 0.503744 0.575890
vt 0.506221 0.576455
vt 0.504396 0.578744
vt 0.501758 0.577474
vt 0.501758 0.580014
vt 0.503744 0.581598
vt 0.506221 0.581032
vt 0.507323 0.578744
vt 0.511675 0.584024
vt 0.509198 0.584589
vt 0.509850 0.581735
vt 0.507212 0.583005
vt 0.507212 0.580465
vt 0.509198 0.578881
vt 0.511675 0.579447
vt 0.512777 0.581735
vt 0.905348 0.819402
vt 0.907888 0.819402
vt 0.907887 0.830772
vt 0.905347 0.830771
vt 0.910428 0.819402
vt 0.910427 0.830772
vt 0.912968 0.819402
vt 0.912967 0.830772
vt 0.915508 0.819403
vt 0.915507 0.830772
vt 0.918049 0.819403
vt 0.918048 0.830772
vt 0.920589 0.819403
vt 0.920588 0.830772
vt 0.923129 0.819403
vt 0.923128 0.830773
vt 0.481929 0.622881
vt 0.484405 0.623446
vt 0.482580 0.625734
vt 0.479943 0.624464
vt 0.479943 0.627005
vt 0.481929 0.628588
vt 0.484405 0.628023
vt 0.485507 0.625734
vt 0.418959 0.622033
vt 0.416482 0.622598
vt 0.417133 0.619744
vt 0.414496 0.621014
vt 0.414496 0.618474
vt 0.416482 0.616890
vt 0.418959 0.617455
vt 0.420061 0.619744
vt 0.447220 0.699254
vt 0.449760 0.699254
vt 0.449760 0.710624
vt 0.447219 0.710624
vt 0.452301 0.699255
vt 0.452300 0.710624
vt 0.454841 0.699255
vt 0.454840 0.710624
vt 0.457381 0.699255
vt 0.457380 0.710624
vt 0.459921 0.699255
vt 0.459920 0.710625
vt 0.462461 0.699255
vt 0.462461 0.710625
vt 0.465002 0.699256
vt 0.465001 0.710625
vt 0.498291 0.631856
vt 0.500767 0.632421
vt 0.498942 0.634709
vt 0.496304 0.633439
vt 0.496304 0.635980
vt 0.498291 0.637563
vt 0.500767 0.636998
vt 0.501869 0.634709
vt 0.500767 0.631015
vt 0.498290 0.631580
vt 0.498942 0.628726
vt 0.496304 0.629996
vt 0.496304 0.627456
vt 0.498290 0.625872
vt 0.500767 0.626437
vt 0.501869 0.628726
vt 0.059994 0.830993
vt 0.062534 0.830993
vt 0.062533 0.842363
vt 0.059993 0.842363
vt 0.065074 0.830994
vt 0.065073 0.842363
vt 0.067614 0.830994
vt 0.067613 0.842363
vt 0.070155 0.830994
vt 0.070154 0.842363
vt 0.072695 0.830994
vt 0.072694 0.842364
vt 0.075235 0.830994
vt 0.075234 0.842364
vt 0.077775 0.830995
vt 0.077774 0.842364
vt 0.994595 0.574454
vt 0.997071 0.575019
vt 0.995246 0.577308
vt 0.992609 0.576038
vt 0.992609 0.578578
vt 0.994595 0.580162
vt 0.997071 0.579597
vt 0.998174 0.577308
vt 0.097179 0.626151
vt 0.094702 0.626716
vt 0.095354 0.623862
vt 0.092716 0.625132
vt 0.092716 0.622592
vt 0.094702 0.621008
vt 0.097179 0.621574
vt 0.098281 0.623862
vn 0.000000 0.222533 -0.974925
vn 0.000000 0.222533 -0.974925
vn 0.000000 0.222533 -0.974925
vn 0.000000 0.222533 -0.974925
vn 0.000000 -0.623518 -0.781809
vn 0.000000 -0.623518 -0.781809
vn 0.000000 -0.623518 -0.781809
vn 0.000000 -0.623518 -0.781809
vn 0.000000 -1.000000 0.000000
vn 0.000000 -1.000000 0.000000
vn 0.000000 -1.000000 0.000000
vn 0.000000 -1.000000 0.000000
vn 0.000000 -0.623518 0.781809
vn 0.000000 -0.623518 0.781809
vn 0.000000 -0.623518 0.781809
vn 0.000000 -0.623518 0.781809
vn 0.000000 0.222533 0.974925
vn 0.000000 0.222533 0.974925
vn 0.000000 0.222533 0.974925
vn 0.000000 0.222533 0.974925
vn 0.000000 0.900973 0.433876
vn 0.000000 0.900973 0.433876
vn 0.000000 0.900973 0.433876
vn 0.000000 0.900973 0.433876
vn 0.000000 0.900973 -0.433876
vn 0.000000 0.900973 -0.433876
vn 0.000000 0.900973 -0.433876
vn 0.000000 0.900973 -0.433876
vn 1.000000 0.000000 0.000000
vn 1.000000 0.000000 0.000000
vn 1.000000 0.000000 0.000000
vn 1.000000 0.000000 0.000000
vn 1.000000 0.000000 0.000000
vn 1.000000 0.000000 0.000000
vn 1.000000 0.000000 0.000000
vn 1.000000 0.000000 0.000000
vn -1.000000 0.000000 0.000000
vn -1.000000 0.000000 0.000000
vn -1.000000 0.000000 0.000000
vn -1.000000 0.000000 0.000000
vn -1.000000 0.000000 0.000000
vn -1.000000 0.000000 0.000000
vn -1.000000 0.000000 0.000000
vn -1.000000 0.000000 0.000000
vn 0.000000 0.222533 -0.974925
vn 0.000000 0.222533 -0.974925
vn 0.000000 0.222533 -0.974925
vn 0.000000 0.222533 -0.974925
vn 0.000000 -0.623518 -0.781809
vn 0.000000 -0.623518 -0.781809
vn 0.000000 -0.623518 -0.781809
vn 0.000000 -0.623518 -0.781809
vn 0.000000 -1.000000 0.000000
vn 0.000000 -1.000000 0.000000
vn 0.000000 -1.000000 0.000000
vn 0.000000 -1.000000 0.000000
vn 0.000000 -0.623518 0.781809
vn 0.000000 -0.623518 0.781809
vn 0.000000 -0.623518 0.781809
vn 0.000000 -0.623518 0.781809
vn 0.000000 0.222533 0.974925
vn 0.000000 0.222533 0.974925
vn 0.000000 0.222533 0.974925
vn 0.000000 0.222533 0.974925
vn 0.000000 0.900973 0.433876
vn 0.000000 0.900973 0.433876
vn 0.000000 0.900973 0.433876
vn 0.000000 0.900973 0.433876
vn 0.000000 0.900973 -0.433876
vn 0.000000 0.900973 -0.433876
vn 0.000000 0.900973 -0.433876
vn 0.000000 0.900973 -0.433876
vn 1.000000 0.000000 0.000000
vn 1.000000 0.000000 0.000000
vn 1.000000 0.000000 0.000000
vn 1.000000 0.000000 0.000000
vn 1.000000 0.000000 0.000000
vn 1.000000 0.000000 0.000000
vn 1.000000 0.000000 0.000000
vn 1.000000 0.000000 0.000000
vn -1.000000 0.000000 0.000000
vn -1.000000 0.000000 0.000000
vn -1.000000 0.000000 0.000000
vn -1.000000 0.000000 0.000000
vn -1.000000 0.000000 0.000000
vn -1.000000 0.000000 0.000000
vn -1.000000 0.000000 0.000000
vn -1.000000 0.000000 0.000000
vn 0.000000 0.222533 -0.974925
vn 0.000000 0.222533 -0.974925
vn 0.000000 0.222533 -0.974925
vn 0.000000 0.222533 -0.974925
vn 0.000000 -0.623518 -0.781809
vn 0.000000 -0.623518 -0.781809
vn 0.000000 -0.623518 -0.781809
vn 0.000000 -0.623518 -0.781809
vn 0.000000 -1.000000 0.000000
vn 0.000000 -1.000000 0.000000
vn 0.000000 -1.000000 0.000000
vn 0.000000 -1.000000 0.000000
vn 0.000000 -0.623518 0.781809
vn 0.000000 -0.623518 0.781809
vn 0.000000 -0.623518 0.781809
vn 0.000000 -0.623518 0.781809
vn 0.000000 0.222533 0.974925
vn 0.000000 0.222533 0.974925
vn 0.000000 0.222533 0.974925
vn 0.000000 0.222533 0.974925
vn 0.000000 0.900973 0.433876
vn 0.000000 0.900973 0.433876
vn 0.000000 0.900973 0.433876
vn 0.000000 0.900973 0.433876
vn 0.000000 0.900973 -0.433876
vn 0.000000 0.900973 -0.433876
vn 0.000000 0.900973 -0.433876
vn 0.000000 0.900973 -0.433876
vn 1.000000 0.000000 0.000000
vn 1.000000 0.000000 0.000000
vn 1.000000 0.000000 0.000000
vn 1.000000 0.000000 0.000000
vn 1.000000 0.000000 0.000000
vn 1.000000 0.000000 0.000000
vn 1.000000 0.000000 0.000000
vn 1.000000 0.000000 0.000000
vn -1.000000 0.000000 0.000000
vn -1.000000 0.000000 0.000000
vn -1.000000 0.000000 0.000000
vn -1.000000 0.000000 0.000000
vn -1.000000 0.000000 0.000000
vn -1.000000 0.000000 0.000000
vn -1.000000 0.000000 0.000000
vn -1.000000 0.000000 0.000000
vn 0.000000 0.222520 -0.974928
vn 0.000000 0.222520 -0.974928
vn 0.000000 0.222520 -0.974928
vn 0.000000 0.222520 -0.974928
vn 0.000000 -0.623483 -0.781837
vn 0.000000 -0.623483 -0.781837
vn 0.000000 -0.623483 -0.781837
vn 0.000000 -0.623483 -0.781837
vn 0.000000 -1.000000 0.000000
vn 0.000000 -1.000000 0.000000
vn 0.000000 -1.000000 0.000000
vn 0.000000 -1.000000 0.000000
vn 0.000000 -0.623483 0.781837
vn 0.000000 -0.623483 0.781837
vn 0.000000 -0.623483 0.781837
vn 0.000000 -0.623483 0.781837
vn 0.000000 0.222520 0.974928
vn 0.000000 0.222520 0.974928
vn 0.000000 0.222520 0.974928
vn 0.000000 0.222520 0.974928
vn 0.000000 0.900969 0.433884
vn 0.000000 0.900969 0.433884
vn 0.000000 0.900969 0.433884
vn 0.000000 0.900969 0.433884
vn 0.000000 0.900969 -0.433884
vn 0.000000 0.900969 -0.433884
vn 0.000000 0.900969 -0.433884
vn 0.000000 0.900969 -0.433884
vn 1.000000 -0.000000 0.000000
vn 1.000000 0.000000 0.000000
vn 1.000000 -0.000000 0.000000
vn 1.000000 -0.000000 0.000000
vn 1.000000 0.000000 0.000000
vn 1.000000 0.000000 0.000000
vn 1.000000 0.000000 0.000000
vn 1.000000 0.000000 0.000000
vn -1.000000 0.000000 0.000000
vn -1.000000 0.000000 0.000000
vn -1.000000 -0.000000 0.000000
vn -1.000000 0.000000 0.000000
vn -1.000000 -0.000000 0.000000
vn -1.000000 -0.000000 0.000000
vn -1.000000 0.000000 0.000000
vn -1.000000 0.000000 0.000000
vn 0.000000 0.222520 -0.974928
vn 0.000000 0.222520 -0.974928
vn 0.000000 0.222520 -0.974928
vn 0.000000 0.222520 -0.974928
vn 0.000000 -0.623483 -0.781837
vn 0.000000 -0.623483 -0.781837
vn 0.000000 -0.623483 -0.781837
vn 0.000000 -0.623483 -0.781837
vn 0.000000 -1.000000 0.000000
vn 0.000000 -1.000000 0.000000
vn 0.000000 -1.000000 0.000000
vn 0.000000 -1.000000 0.000000
vn 0.000000 -0.623483 0.781837
vn 0.000000 -0.623483 0.781837
vn 0.000000 -0.623483 0.781837
vn 0.000000 -0.623483 0.781837
vn 0.000000 0.222520 0.974928
vn 0.000000 0.222520 0.974928
vn 0.000000 0.222520 0.974928
vn 0.000000 0.222520 0.974928
vn 0.000000 0.900969 0.433884
vn 0.000000 0.900969 0.433884
vn 0.000000 0.900969 0.433884
vn 0.000000 0.900969 0.433884
vn 0.000000 0.900969 -0.433884
vn 0.000000 0.900969 -0.433884
vn 0.000000 0.900969 -0.433884
vn 0.000000 0.900969 -0.433884
vn 1.000000 -0.000000 0.000000
vn 1.000000 0.000000 0.000000
vn 1.000000 -0.000000 0.000000
vn 1.000000 -0.000000 0.000000
vn 1.000000 0.000000 0.000000
vn 1.000000 0.000000 0.000000
vn 1.000000 0.000000 0.000000
vn 1.000000 0.000000 0.000000
vn -1.000000 0.000000 0.000000
vn -1.000000 0.000000 0.000000
vn -1.000000 0.000000 0.000000
vn -1.000000 0.000000 0.000000
vn -1.000000 -0.000000 0.000000
vn -1.000000 -0.000000 0.000000
vn -1.000000 0.000000 0.000000
vn -1.000000 0.000000 0.000000
vn 0.000000 0.222520 -0.974928
vn 0.000000 0.222520 -0.974928
vn 0.000000 0.222520 -0.974928
vn 0.000000 0.222520 -0.974928
vn 0.000000 -0.623483 -0.781837
vn 0.000000 -0.623483 -0.781837
vn 0.000000 -0.623483 -0.781837
vn 0.000000 -0.623483 -0.781837
vn 0.000000 -1.000000 0.000000
vn 0.000000 -1.000000 0.000000
vn 0.000000 -1.000000 0.000000
vn 0.000000 -1.000000 0.000000
vn 0.000000 -0.623483 0.781837
vn 0.000000 -0.623483 0.781837
vn 0.000000 -0.623483 0.781837
vn 0.000000 -0.623483 0.781837
vn 0.000000 0.222520 0.974928
vn 0.000000 0.222520 0.974928
vn 0.000000 0.222520 0.974928
vn 0.000000 0.222520 0.974928
vn 0.000000 0.900968 0.433885
vn 0.000000 0.900968 0.433885
vn 0.000000 0.900968 0.433885
vn 0.000000 0.900968 0.433885
vn 0.000000 0.900968 -0.433885
vn 0.000000 0.900968 -0.433885
vn 0.000000 0.900968 -0.433885
vn 0.000000 0.900968 -0.433885
vn 1.000000 -0.000000 0.000000
vn 1.000000 0.000000 0.000000
vn 1.000000 -0.000000 0.000000
vn 1.000000 -0.000000 0.000000
vn 1.000000 0.000000 0.000000
vn 1.000000 0.000000 0.000000
vn 1.000000 0.000000 0.000000
vn 1.000000 0.000000 0.000000
vn -1.000000 0.000000 0.000000
vn -1.000000 0.000000 0.000000
vn -1.000000 -0.000000 0.000000
vn -1.000000 0.000000 0.000000
vn -1.000000 -0.000000 0.000000
vn -1.000000 -0.000000 0.000000
vn -1.000000 0.000000 0.000000
vn -1.000000 0.000000 0.000000
vn 0.000000 0.222520 -0.974928
vn 0.000000 0.222520 -0.974928
vn 0.000000 0.222520 -0.974928
vn 0.000000 0.222520 -0.974928
vn 0.000000 -0.623483 -0.781837
vn 0.000000 -0.623483 -0.781837
vn 0.000000 -0.623483 -0.781837
vn 0.000000 -0.623483 -0.781837
vn 0.000000 -1.000000 0.000000
vn 0.000000 -1.000000 0.000000
vn 0.000000 -1.000000 0.000000
vn 0.000000 -1.000000 0.000000
vn 0.000000 -0.623483 0.781837
vn 0.000000 -0.623483 0.781837
vn 0.000000 -0.623483 0.781837
vn 0.000000 -0.623483 0.781837
vn 0.000000 0.222520 0.974928
vn 0.000000 0.222520 0.974928
vn 0.000000 0.222520 0.974928
vn 0.000000 0.222520 0.974928
vn 0.000000 0.900969 0.433884
vn 0.000000 0.900969 0.433884
vn 0.000000 0.900969 0.433884
vn 0.000000 0.900969 0.433884
vn 0.000000 0.900969 -0.433884
vn 0.000000 0.900969 -0.433884
vn 0.000000 0.900969 -0.433884
vn 0.000000 0.900969 -0.433884
vn 1.000000 -0.000000 0.000000
vn 1.000000 0.000000 0.000000
vn 1.000000 0.000000 0.000000
vn 1.000000 -0.000000 0.000000
vn 1.000000 0.000000 0.000000
vn 1.000000 0.000000 0.000000
vn 1.000000 0.000000 0.000000
vn 1.000000 0.000000 0.000000
vn -1.000000 0.000000 0.000000
vn -1.000000 0.000000 0.000000
vn -1.000000 0.000000 0.000000
vn -1.000000 0.000000 0.000000
vn -1.000000 -0.000000 0.000000
vn -1.000000 -0.000000 0.000000
vn -1.000000 0.000000 0.000000
vn -1.000000 0.000000 0.000000
vn 0.222493 0.000000 -0.974934
vn 0.222493 0.000000 -0.974934
vn 0.222493 0.000000 -0.974934
vn 0.222493 0.000000 -0.974934
vn -0.623488 0.000000 -0.781833
vn -0.623488 0.000000 -0.781833
vn -0.623488 0.000000 -0.781833
vn -0.623488 0.000000 -0.781833
vn -1.000000 0.000000 0.000000
vn -1.000000 0.000000 0.000000
vn -1.000000 0.000000 0.000000
vn -1.000000 0.000000 0.000000
vn -0.623546 0.000000 0.781787
vn -0.623546 0.000000 0.781787
vn -0.623546 0.000000 0.781787
vn -0.623546 0.000000 0.781787
vn 0.222493 0.000000 0.974934
vn 0.222493 0.000000 0.974934
vn 0.222493 0.000000 0.974934
vn 0.222493 0.000000 0.974934
vn 0.900977 0.000000 0.433867
vn 0.900977 0.000000 0.433867
vn 0.900977 0.000000 0.433867
vn 0.900977 0.000000 0.433867
vn 0.900977 0.000000 -0.433867
vn 0.900977 0.000000 -0.433867
vn 0.900977 0.000000 -0.433867
vn 0.900977 0.000000 -0.433867
vn -0.000003 -1.000000 0.000000
vn -0.000006 -1.000000 0.000002
vn -0.000003 -1.000000 0.000000
vn 0.000000 -1.000000 0.000000
vn 0.000000 -1.000000 0.000000
vn -0.000003 -1.000000 0.000000
vn -0.000006 -1.000000 -0.000002
vn -0.000005 -1.000000 0.000000
vn 0.000000 1.000000 0.000000
vn 0.000000 1.000000 0.000000
vn 0.000000 1.000000 0.000000
vn 0.000000 1.000000 0.000000
vn 0.000000 1.000000 0.000000
vn 0.000000 1.000000 0.000000
vn 0.000000 1.000000 0.000000
vn 0.000000 1.000000 0.000000
vn 0.222583 0.000000 -0.974914
vn 0.222583 0.000000 -0.974914
vn 0.222583 0.000000 -0.974914
vn 0.222583 0.000000 -0.974914
vn -0.623546 0.000000 -0.781787
vn -0.623546 0.000000 -0.781787
vn -0.623546 0.000000 -0.781787
vn -0.623546 0.000000 -0.781787
vn -1.000000 0.000000 0.000000
vn -1.000000 0.000000 0.000000
vn -1.000000 0.000000 0.000000
vn -1.000000 0.000000 0.000000
vn -0.623546 0.000000 0.781787
vn -0.623546 0.000000 0.781787
vn -0.623546 0.000000 0.781787
vn -0.623546 0.000000 0.781787
vn 0.222583 0.000000 0.974914
vn 0.222583 0.000000 0.974914
vn 0.222583 0.000000 0.974914
vn 0.222583 0.000000 0.974914
vn 0.900959 0.000000 0.433904
vn 0.900959 0.000000 0.433904
vn 0.900959 0.000000 0.433904
vn 0.900959 0.000000 0.433904
vn 0.900977 0.000000 -0.433867
vn 0.900977 0.000000 -0.433867
vn 0.900977 0.000000 -0.433867
vn 0.900977 0.000000 -0.433867
vn -0.000003 -1.000000 0.000000
vn -0.000006 -1.000000 0.000002
vn -0.000003 -1.000000 0.000000
vn 0.000000 -1.000000 0.000000
vn 0.000000 -1.000000 0.000000
vn -0.000003 -1.000000 0.000000
vn -0.000006 -1.000000 -0.000002
vn -0.000005 -1.000000 0.000000
vn 0.000000 1.000000 0.000000
vn 0.000000 1.000000 0.000000
vn 0.000000 1.000000 0.000000
vn 0.000000 1.000000 0.000000
vn 0.000000 1.000000 0.000000
vn 0.000000 1.000000 0.000000
vn 0.000000 1.000000 0.000000
vn 0.000000 1.000000 0.000000
vn 0.222493 0.000000 -0.974934
vn 0.222493 0.000000 -0.974934
vn 0.222493 0.000000 -0.974934
vn 0.222493 0.000000 -0.974934
vn -0.623488 0.000000 -0.781833
vn -0.623488 0.000000 -0.781833
vn -0.623488 0.000000 -0.781833
vn -0.623488 0.000000 -0.781833
vn -1.000000 0.000000 0.000000
vn -1.000000 0.000000 0.000000
vn -1.000000 0.000000 0.000000
vn -1.000000 0.000000 0.000000
vn -0.623488 0.000000 0.781833
vn -0.623488 0.000000 0.781833
vn -0.623488 0.000000 0.781833
vn -0.623488 0.000000 0.781833
vn 0.222493 0.000000 0.974934
vn 0.222493 0.000000 0.974934
vn 0.222493 0.000000 0.974934
vn 0.222493 0.000000 0.974934
vn 0.900977 0.000000 0.433867
vn 0.900977 0.000000 0.433867
vn 0.900977 0.000000 0.433867
vn 0.900977 0.000000 0.433867
vn 0.900977 0.000000 -0.433867
vn 0.900977 0.000000 -0.433867
vn 0.900977 0.000000 -0.433867
vn 0.900977 0.000000 -0.433867
vn -0.000003 -1.000000 0.000000
vn -0.000006 -1.000000 0.000002
vn -0.000003 -1.000000 0.000000
vn 0.000000 -1.000000 0.000000
vn 0.000000 -1.000000 0.000000
vn -0.000003 -1.000000 0.000000
vn -0.000006 -1.000000 -0.000002
vn -0.000005 -1.000000 0.000000
vn 0.000000 1.000000 0.000000
vn 0.000000 1.000000 0.000000
vn 0.000000 1.000000 0.000000
vn 0.000000 1.000000 0.000000
vn 0.000000 1.000000 0.000000
vn 0.000000 1.000000 0.000000
vn 0.000000 1.000000 0.000000
vn 0.000000 1.000000 0.000000
vn 0.222526 0.000000 -0.974927
vn 0.222526 0.000000 -0.974927
vn 0.222526 0.000000 -0.974927
vn 0.222526 0.000000 -0.974927
vn -0.623484 0.000000 -0.781836
vn -0.623484 0.000000 -0.781836
vn -0.623484 0.000000 -0.781836
vn -0.623484 0.000000 -0.781836
vn -1.000000 0.000000 0.000000
vn -1.000000 0.000000 0.000000
vn -1.000000 0.000000 0.000000
vn -1.000000 0.000000 0.000000
vn -0.623484 0.000000 0.781836
vn -0.623484 0.000000 0.781836
vn -0.623484 0.000000 0.781836
vn -0.623484 0.000000 0.781836
vn 0.222526 0.000000 0.974927
vn 0.222526 0.000000 0.974927
vn 0.222526 0.000000 0.974927
vn 0.222526 0.000000 0.974927
vn 0.900967 0.000000 0.433888
vn 0.900967 0.000000 0.433888
vn 0.900967 0.000000 0.433888
vn 0.900967 0.000000 0.433888
vn 0.900967 0.000000 -0.433888
vn 0.900967 0.000000 -0.433888
vn 0.900967 0.000000 -0.433888
vn 0.900967 0.000000 -0.433888
vn 0.000000 -1.000000 0.000002
vn -0.000001 -1.000000 0.000001
vn 0.000000 -1.000000 0.000000
vn 0.000001 -1.000000 0.000001
vn 0.000001 -1.000000 -0.000001
vn 0.000000 -1.000000 -0.000001
vn -0.000001 -1.000000 -0.000000
vn -0.000001 -1.000000 0.000000
vn 0.000000 1.000000 0.000001
vn 0.000000 1.000000 -0.000000
vn 0.000000 1.000000 0.000000
vn 0.000000 1.000000 -0.000000
vn 0.000000 1.000000 0.000000
vn 0.000000 1.000000 0.000000
vn 0.000000 1.000000 -0.000000
vn 0.000000 1.000000 0.000000
vn 0.222499 -0.000000 -0.974933
vn 0.222499 -0.000000 -0.974933
vn 0.222499 -0.000000 -0.974933
vn 0.222499 -0.000000 -0.974933
vn -0.623467 0.000000 -0.781850
vn -0.623467 0.000000 -0.781850
vn -0.623467 0.000000 -0.781850
vn -0.623467 0.000000 -0.781850
vn -1.000000 0.000000 0.000000
vn -1.000000 0.000000 0.000000
vn -1.000000 0.000000 0.000000
vn -1.000000 0.000000 0.000000
vn -0.623484 0.000000 0.781836
vn -0.623484 0.000000 0.781836
vn -0.623484 0.000000 0.781836
vn -0.623484 0.000000 0.781836
vn 0.222526 -0.000000 0.974927
vn 0.222526 -0.000000 0.974927
vn 0.222526 -0.000000 0.974927
vn 0.222526 -0.000000 0.974927
vn 0.900967 -0.000000 0.433888
vn 0.900967 -0.000000 0.433888
vn 0.900967 -0.000000 0.433888
vn 0.900967 -0.000000 0.433888
vn 0.900972 -0.000000 -0.433877
vn 0.900972 -0.000000 -0.433877
vn 0.900972 -0.000000 -0.433877
vn 0.900972 -0.000000 -0.433877
vn 0.000000 -1.000000 0.000001
vn 0.000000 -1.000000 -0.000000
vn -0.000000 -1.000000 -0.000000
vn -0.000000 -1.000000 0.000001
vn -0.000000 -1.000000 -0.000001
vn 0.000000 -1.000000 -0.000001
vn 0.000000 -1.000000 0.000000
vn -0.000002 -1.000000 0.000000
vn 0.000000 1.000000 -0.000001
vn 0.000000 1.000000 -0.000000
vn 0.000000 1.000000 0.000000
vn 0.000000 1.000000 0.000000
vn 0.000000 1.000000 0.000000
vn 0.000000 1.000000 0.000000
vn 0.000000 1.000000 0.000001
vn 0.000000 1.000000 0.000000
vn 0.222526 0.000000 -0.974927
vn 0.222526 0.000000 -0.974927
vn 0.222526 0.000000 -0.974927
vn 0.222526 0.000000 -0.974927
vn -0.623484 0.000000 -0.781836
vn -0.623484 0.000000 -0.781836
vn -0.623484 0.000000 -0.781836
vn -0.623484 0.000000 -0.781836
vn -1.000000 0.000000 0.000000
vn -1.000000 0.000000 0.000000
vn -1.000000 0.000000 0.000000
vn -1.000000 0.000000 0.000000
vn -0.623484 0.000000 0.781836
vn -0.623484 0.000000 0.781836
vn -0.623484 0.000000 0.781836
vn -0.623484 0.000000 0.781836
vn 0.222499 0.000000 0.974933
vn 0.222499 0.000000 0.974933
vn 0.222499 0.000000 0.974933
vn 0.222499 0.000000 0.974933
vn 0.900967 0.000000 0.433889
vn 0.900967 0.000000 0.433889
vn 0.900966 0.000000 0.433889
vn 0.900967 0.000000 0.433889
vn 0.900972 0.000000 -0.433878
vn 0.900972 0.000000 -0.433878
vn 0.900972 0.000000 -0.433878
vn 0.900972 0.000000 -0.433878
vn 0.000001 -1.000000 -0.000000
vn 0.000001 -1.000000 -0.000001
vn 0.000001 -1.000000 0.000000
vn 0.000000 -1.000000 0.000000
vn 0.000000 -1.000000 0.000000
vn 0.000001 -1.000000 0.000000
vn 0.000001 -1.000000 0.000001
vn 0.000001 -1.000000 0.000000
vn -0.000000 1.000000 -0.000000
vn -0.000000 1.000000 -0.000000
vn -0.000000 1.000000 -0.000000
vn 0.000000 1.000000 -0.000000
vn 0.000000 1.000000 0.000000
vn -0.000000 1.000000 0.000000
vn -0.000000 1.000000 0.000000
vn 0.000000 1.000000 -0.000000
vn 0.222499 0.000000 -0.974933
vn 0.222499 0.000000 -0.974933
vn 0.222499 0.000000 -0.974933
vn 0.222499 0.000000 -0.974933
vn -0.623484 0.000000 -0.781836
vn -0.623484 0.000000 -0.781836
vn -0.623484 0.000000 -0.781836
vn -0.623484 0.000000 -0.781836
vn -1.000000 0.000000 0.000000
vn -1.000000 0.000000 0.000000
vn -1.000000 0.000000 0.000000
vn -1.000000 0.000000 0.000000
vn -0.623484 0.000000 0.781836
vn -0.623484 0.000000 0.781836
vn -0.623484 0.000000 0.781836
vn -0.623484 0.000000 0.781836
vn 0.222552 0.000000 0.974921
vn 0.222552 0.000000 0.974921
vn 0.222552 0.000000 0.974921
vn 0.222552 0.000000 0.974921
vn 0.900967 0.000000 0.433888
vn 0.900967 0.000000 0.433888
vn 0.900967 0.000000 0.433888
vn 0.900967 0.000000 0.433888
vn 0.900972 0.000000 -0.433877
vn 0.900972 0.000000 -0.433877
vn 0.900972 0.000000 -0.433877
vn 0.900972 0.000000 -0.433877
vn -0.000001 -1.000000 0.000000
vn -0.000001 -1.000000 0.000001
vn -0.000000 -1.000000 0.000000
vn 0.000000 -1.000000 0.000000
vn 0.000000 -1.000000 0.000000
vn -0.000001 -1.000000 0.000000
vn -0.000001 -1.000000 -0.000001
vn 0.000000 -1.000000 0.000000
vn -0.000000 1.000000 -0.000000
vn -0.000000 1.000000 -0.000000
vn -0.000000 1.000000 0.000000
vn 0.000000 1.000000 -0.000000
vn 0.000000 1.000000 0.000000
vn -0.000000 1.000000 0.000001
vn -0.000000 1.000000 0.000000
vn 0.000000 1.000000 0.000000
vn 0.000000 -0.222534 -0.974925
vn 0.000000 -0.222534 -0.974925
vn 0.000000 -0.222534 -0.974925
vn 0.000000 -0.222534 -0.974925
vn 0.000000 0.623515 -0.781811
vn 0.000000 0.623515 -0.781811
vn 0.000000 0.623515 -0.781811
vn 0.000000 0.623515 -0.781811
vn 0.000000 1.000000 0.000000
vn 0.000000 1.000000 0.000000
vn 0.000000 1.000000 0.000000
vn 0.000000 1.000000 0.000000
vn 0.000000 0.623515 0.781811
vn 0.000000 0.623515 0.781811
vn 0.000000 0.623515 0.781811
vn 0.000000 0.623515 0.781811
vn 0.000000 -0.222534 0.974925
vn 0.000000 -0.222534 0.974925
vn 0.000000 -0.222534 0.974925
vn 0.000000 -0.222534 0.974925
vn 0.000000 -0.900968 0.433885
vn 0.000000 -0.900968 0.433885
vn 0.000000 -0.900968 0.433885
vn 0.000000 -0.900968 0.433885
vn 0.000000 -0.900968 -0.433885
vn 0.000000 -0.900968 -0.433885
vn 0.000000 -0.900968 -0.433885
vn 0.000000 -0.900968 -0.433885
vn -1.000000 0.000000 0.000000
vn -1.000000 0.000000 0.000000
vn -1.000000 0.000000 0.000000
vn -1.000000 0.000000 0.000000
vn -1.000000 0.000000 0.000000
vn -1.000000 0.000000 0.000000
vn -1.000000 0.000000 0.000000
vn -1.000000 0.000000 0.000000
vn 1.000000 0.000000 0.000000
vn 1.000000 0.000000 0.000000
vn 1.000000 0.000000 0.000000
vn 1.000000 0.000000 0.000000
vn 1.000000 -0.000000 0.000000
vn 1.000000 0.000000 0.000000
vn 1.000000 0.000000 0.000000
vn 1.000000 0.000000 0.000000
vn 0.000000 -0.222534 -0.974925
vn 0.000000 -0.222534 -0.974925
vn 0.000000 -0.222534 -0.974925
vn 0.000000 -0.222534 -0.974925
vn 0.000000 0.623515 -0.781811
vn 0.000000 0.623515 -0.781811
vn 0.000000 0.623515 -0.781811
vn 0.000000 0.623515 -0.781811
vn 0.000000 1.000000 0.000000
vn 0.000000 1.000000 0.000000
vn 0.000000 1.000000 0.000000
vn 0.000000 1.000000 0.000000
vn 0.000000 0.623515 0.781811
vn 0.000000 0.623515 0.781811
vn 0.000000 0.623515 0.781811
vn 0.000000 0.623515 0.781811
vn 0.000000 -0.222534 0.974925
vn 0.000000 -0.222534 0.974925
vn 0.000000 -0.222534 0.974925
vn 0.000000 -0.222534 0.974925
vn 0.000000 -0.900968 0.433885
vn 0.000000 -0.900968 0.433885
vn 0.000000 -0.900968 0.433885
vn 0.000000 -0.900968 0.433885
vn 0.000000 -0.900968 -0.433885
vn 0.000000 -0.900968 -0.433885
vn 0.000000 -0.900968 -0.433885
vn 0.000000 -0.900968 -0.433885
vn -1.000000 0.000000 0.000000
vn -1.000000 0.000000 0.000000
vn -1.000000 0.000000 0.000000
vn -1.000000 0.000000 0.000000
vn -1.000000 0.000000 0.000000
vn -1.000000 0.000000 0.000000
vn -1.000000 0.000000 0.000000
vn -1.000000 0.000000 0.000000
vn 1.000000 0.000000 0.000000
vn 1.000000 0.000000 0.000000
vn 1.000000 0.000000 0.000000
vn 1.000000 0.000000 0.000000
vn 1.000000 -0.000000 0.000000
vn 1.000000 0.000000 0.000000
vn 1.000000 0.000000 0.000000
vn 1.000000 0.000000 0.000000
vn 0.000000 -0.222534 -0.974925
vn 0.000000 -0.222534 -0.974925
vn 0.000000 -0.222534 -0.974925
vn 0.000000 -0.222534 -0.974925
vn 0.000000 0.623515 -0.781811
vn 0.000000 0.623515 -0.781811
vn 0.000000 0.623515 -0.781811
vn 0.000000 0.623515 -0.781811
vn 0.000000 1.000000 0.000000
vn 0.000000 1.000000 0.000000
vn 0.000000 1.000000 0.000000
vn 0.000000 1.000000 0.000000
vn 0.000000 0.623515 0.781811
vn 0.000000 0.623515 0.781811
vn 0.000000 0.623515 0.781811
vn 0.000000 0.623515 0.781811
vn 0.000000 -0.222534 0.974925
vn 0.000000 -0.222534 0.974925
vn 0.000000 -0.222534 0.974925
vn 0.000000 -0.222534 0.974925
vn 0.000000 -0.900968 0.433885
vn 0.000000 -0.900968 0.433885
vn 0.000000 -0.900968 0.433885
vn 0.000000 -0.900968 0.433885
vn 0.000000 -0.900968 -0.433885
vn 0.000000 -0.900968 -0.433885
vn 0.000000 -0.900968 -0.433885
vn 0.000000 -0.900968 -0.433885
vn -1.000000 0.000000 0.000000
vn -1.000000 0.000000 0.000000
vn -1.000000 0.000000 0.000000
vn -1.000000 0.000000 0.000000
vn -1.000000 0.000000 0.000000
vn -1.000000 0.000000 0.000000
vn -1.000000 0.000000 0.000000
vn -1.000000 0.000000 0.000000
vn 1.000000 0.000000 0.000000
vn 1.000000 0.000000 0.000000
vn 1.000000 0.000000 0.000000
vn 1.000000 0.000000 0.000000
vn 1.000000 -0.000000 0.000000
vn 1.000000 0.000000 0.000000
vn 1.000000 0.000000 0.000000
vn 1.000000 0.000000 0.000000
vn 0.000000 -0.222520 -0.974928
vn 0.000000 -0.222520 -0.974928
vn 0.000000 -0.222520 -0.974928
vn 0.000000 -0.222520 -0.974928
vn 0.000000 0.623484 -0.781836
vn 0.000000 0.623484 -0.781836
vn 0.000000 0.623484 -0.781836
vn 0.000000 0.623484 -0.781836
vn 0.000000 1.000000 0.000000
vn 0.000000 1.000000 0.000000
vn 0.000000 1.000000 0.000000
vn 0.000000 1.000000 0.000000
vn 0.000000 0.623484 0.781836
vn 0.000000 0.623484 0.781836
vn 0.000000 0.623484 0.781836
vn 0.000000 0.623484 0.781836
vn 0.000000 -0.222520 0.974928
vn 0.000000 -0.222520 0.974928
vn 0.000000 -0.222520 0.974928
vn 0.000000 -0.222520 0.974928
vn 0.000000 -0.900969 0.433883
vn 0.000000 -0.900969 0.433883
vn 0.000000 -0.900969 0.433883
vn 0.000000 -0.900969 0.433883
vn 0.000000 -0.900969 -0.433883
vn 0.000000 -0.900969 -0.433883
vn 0.000000 -0.900969 -0.433883
vn 0.000000 -0.900969 -0.433883
vn -1.000000 0.000000 0.000000
vn -1.000000 0.000000 0.000000
vn -1.000000 -0.000000 0.000000
vn -1.000000 0.000000 0.000000
vn -1.000000 0.000000 0.000000
vn -1.000000 -0.000000 0.000000
vn -1.000000 -0.000000 0.000000
vn -1.000000 0.000000 0.000000
vn 1.000000 0.000000 0.000000
vn 1.000000 -0.000000 0.000000
vn 1.000000 -0.000000 0.000000
vn 1.000000 -0.000000 0.000000
vn 1.000000 -0.000000 0.000000
vn 1.000000 -0.000000 0.000000
vn 1.000000 0.000000 0.000000
vn 1.000000 0.000000 0.000000
vn 0.000000 -0.222520 -0.974928
vn 0.000000 -0.222520 -0.974928
vn 0.000000 -0.222520 -0.974928
vn 0.000000 -0.222520 -0.974928
vn 0.000000 0.623484 -0.781836
vn 0.000000 0.623484 -0.781836
vn 0.000000 0.623484 -0.781836
vn 0.000000 0.623484 -0.781836
vn 0.000000 1.000000 0.000000
vn 0.000000 1.000000 0.000000
vn 0.000000 1.000000 0.000000
vn 0.000000 1.000000 0.000000
vn 0.000000 0.623484 0.781836
vn 0.000000 0.623484 0.781836
vn 0.000000 0.623484 0.781836
vn 0.000000 0.623484 0.781836
vn 0.000000 -0.222520 0.974928
vn 0.000000 -0.222520 0.974928
vn 0.000000 -0.222520 0.974928
vn 0.000000 -0.222520 0.974928
vn 0.000000 -0.900968 0.433886
vn 0.000000 -0.900968 0.433886
vn 0.000000 -0.900968 0.433886
vn 0.000000 -0.900968 0.433886
vn 0.000000 -0.900968 -0.433886
vn 0.000000 -0.900968 -0.433886
vn 0.000000 -0.900968 -0.433886
vn 0.000000 -0.900968 -0.433886
vn -1.000000 0.000000 0.000000
vn -1.000000 0.000000 0.000000
vn -1.000000 -0.000000 0.000000
vn -1.000000 0.000000 0.000000
vn -1.000000 0.000000 0.000000
vn -1.000000 -0.000000 0.000000
vn -1.000000 -0.000000 0.000000
vn -1.000000 0.000000 0.000000
vn 1.000000 0.000000 0.000000
vn 1.000000 -0.000000 0.000000
vn 1.000000 -0.000000 0.000000
vn 1.000000 -0.000000 0.000000
vn 1.000000 -0.000000 0.000000
vn 1.000000 -0.000000 0.000000
vn 1.000000 0.000000 0.000000
vn 1.000000 0.000000 0.000000
vn 0.000000 -0.222520 -0.974928
vn 0.000000 -0.222520 -0.974928
vn 0.000000 -0.222520 -0.974928
vn 0.000000 -0.222520 -0.974928
vn 0.000000 0.623484 -0.781836
vn 0.000000 0.623484 -0.781836
vn 0.000000 0.623484 -0.781836
vn 0.000000 0.623484 -0.781836
vn 0.000000 1.000000 0.000000
vn 0.000000 1.000000 0.000000
vn 0.000000 1.000000 0.000000
vn 0.000000 1.000000 0.000000
vn 0.000000 0.623484 0.781836
vn 0.000000 0.623484 0.781836
vn 0.000000 0.623484 0.781836
vn 0.000000 0.623484 0.781836
vn 0.000000 -0.222520 0.974928
vn 0.000000 -0.222520 0.974928
vn 0.000000 -0.222520 0.974928
vn 0.000000 -0.222520 0.974928
vn 0.000000 -0.900968 0.433886
vn 0.000000 -0.900968 0.433886
vn 0.000000 -0.900968 0.433886
vn 0.000000 -0.900968 0.433886
vn 0.000000 -0.900968 -0.433886
vn 0.000000 -0.900968 -0.433886
vn 0.000000 -0.900968 -0.433886
vn 0.000000 -0.900968 -0.433886
vn -1.000000 0.000000 0.000000
vn -1.000000 0.000000 0.000000
vn -1.000000 -0.000000 0.000000
vn -1.000000 0.000000 0.000000
vn -1.000000 0.000000 0.000000
vn -1.000000 -0.000000 0.000000
vn -1.000000 -0.000000 0.000000
vn -1.000000 0.000000 0.000000
vn 1.000000 0.000000 0.000000
vn 1.000000 -0.000000 0.000000
vn 1.000000 -0.000000 0.000000
vn 1.000000 -0.000000 0.000000
vn 1.000000 -0.000000 0.000000
vn 1.000000 -0.000000 0.000000
vn 1.000000 0.000000 0.000000
vn 1.000000 0.000000 0.000000
vn 0.000000 -0.222519 -0.974928
vn 0.000000 -0.222519 -0.974928
vn 0.000000 -0.222519 -0.974928
vn 0.000000 -0.222519 -0.974928
vn 0.000000 0.623484 -0.781836
vn 0.000000 0.623484 -0.781836
vn 0.000000 0.623484 -0.781836
vn 0.000000 0.623484 -0.781836
vn 0.000000 1.000000 0.000000
vn 0.000000 1.000000 0.000000
vn 0.000000 1.000000 0.000000
vn 0.000000 1.000000 0.000000
vn 0.000000 0.623484 0.781836
vn 0.000000 0.623484 0.781836
vn 0.000000 0.623484 0.781836
vn 0.000000 0.623484 0.781836
vn 0.000000 -0.222519 0.974928
vn 0.000000 -0.222519 0.974928
vn 0.000000 -0.222519 0.974928
vn 0.000000 -0.222519 0.974928
vn 0.000000 -0.900970 0.433882
vn 0.000000 -0.900970 0.433882
vn 0.000000 -0.900970 0.433882
vn 0.000000 -0.900970 0.433882
vn 0.000000 -0.900970 -0.433882
vn 0.000000 -0.900970 -0.433882
vn 0.000000 -0.900970 -0.433882
vn 0.000000 -0.900970 -0.433882
vn -1.000000 0.000000 0.000000
vn -1.000000 0.000000 0.000000
vn -1.000000 -0.000000 0.000000
vn -1.000000 0.000000 0.000000
vn -1.000000 0.000000 0.000000
vn -1.000000 -0.000000 0.000000
vn -1.000000 -0.000000 0.000000
vn -1.000000 0.000000 0.000000
vn 1.000000 0.000000 0.000000
vn 1.000000 -0.000000 0.000000
vn 1.000000 -0.000000 0.000000
vn 1.000000 -0.000000 0.000000
vn 1.000000 -0.000000 0.000000
vn 1.000000 -0.000000 0.000000
vn 1.000000 0.000000 0.000000
vn 1.000000 0.000000 0.000000
vn -0.222493 0.000000 -0.974934
vn -0.222493 0.000000 -0.974934
vn -0.222493 0.000000 -0.974934
vn -0.222493 0.000000 -0.974934
vn 0.623488 0.000000 -0.781833
vn 0.623488 0.000000 -0.781833
vn 0.623488 0.000000 -0.781833
vn 0.623488 0.000000 -0.781833
vn 1.000000 0.000000 0.000000
vn 1.000000 0.000000 0.000000
vn 1.000000 0.000000 0.000000
vn 1.000000 0.000000 0.000000
vn 0.623546 0.000000 0.781787
vn 0.623546 0.000000 0.781787
vn 0.623546 0.000000 0.781787
vn 0.623546 0.000000 0.781787
vn -0.222493 0.000000 0.974934
vn -0.222493 0.000000 0.974934
vn -0.222493 0.000000 0.974934
vn -0.222493 0.000000 0.974934
vn -0.900977 0.000000 0.433866
vn -0.900977 0.000000 0.433866
vn -0.900977 0.000000 0.433866
vn -0.900977 0.000000 0.433866
vn -0.900977 0.000000 -0.433866
vn -0.900977 0.000000 -0.433866
vn -0.900977 0.000000 -0.433866
vn -0.900977 0.000000 -0.433866
vn 0.000000 1.000000 -0.000001
vn 0.000000 1.000000 -0.000001
vn 0.000000 1.000000 0.000000
vn 0.000000 1.000000 0.000000
vn 0.000000 1.000000 0.000000
vn 0.000000 1.000000 0.000001
vn 0.000000 1.000000 0.000001
vn 0.000000 1.000000 0.000000
vn 0.000000 -1.000000 0.000002
vn 0.000000 -1.000000 0.000000
vn 0.000000 -1.000000 0.000001
vn 0.000000 -1.000000 0.000000
vn 0.000000 -1.000000 0.000000
vn 0.000000 -1.000000 0.000000
vn 0.000000 -1.000000 0.000000
vn 0.000000 -1.000000 0.000002
vn -0.222582 0.000000 -0.974914
vn -0.222582 0.000000 -0.974914
vn -0.222582 0.000000 -0.974914
vn -0.222582 0.000000 -0.974914
vn 0.623546 0.000000 -0.781787
vn 0.623546 0.000000 -0.781787
vn 0.623546 0.000000 -0.781787
vn 0.623546 0.000000 -0.781787
vn 1.000000 0.000000 0.000000
vn 1.000000 0.000000 0.000000
vn 1.000000 0.000000 0.000000
vn 1.000000 0.000000 0.000000
vn 0.623546 0.000000 0.781787
vn 0.623546 0.000000 0.781787
vn 0.623546 0.000000 0.781787
vn 0.623546 0.000000 0.781787
vn -0.222582 0.000000 0.974914
vn -0.222582 0.000000 0.974914
vn -0.222582 0.000000 0.974914
vn -0.222582 0.000000 0.974914
vn -0.900977 0.000000 0.433866
vn -0.900977 0.000000 0.433866
vn -0.900977 0.000000 0.433866
vn -0.900977 0.000000 0.433866
vn -0.900960 0.000000 -0.433903
vn -0.900959 0.000000 -0.433903
vn -0.900960 0.000000 -0.433903
vn -0.900959 0.000000 -0.433903
vn 0.000000 1.000000 -0.000001
vn 0.000000 1.000000 -0.000001
vn 0.000000 1.000000 0.000000
vn 0.000000 1.000000 0.000000
vn 0.000000 1.000000 0.000000
vn 0.000000 1.000000 0.000001
vn 0.000000 1.000000 0.000001
vn 0.000000 1.000000 0.000000
vn 0.000000 -1.000000 0.000002
vn 0.000000 -1.000000 0.000000
vn 0.000000 -1.000000 0.000001
vn 0.000000 -1.000000 0.000000
vn 0.000000 -1.000000 0.000000
vn 0.000000 -1.000000 0.000000
vn 0.000000 -1.000000 0.000000
vn 0.000000 -1.000000 0.000002
vn -0.222493 0.000000 -0.974934
vn -0.222493 0.000000 -0.974934
vn -0.222493 0.000000 -0.974934
vn -0.222493 0.000000 -0.974934
vn 0.623488 0.000000 -0.781833
vn 0.623488 0.000000 -0.781833
vn 0.623488 0.000000 -0.781833
vn 0.623488 0.000000 -0.781833
vn 1.000000 0.000000 0.000000
vn 1.000000 0.000000 0.000000
vn 1.000000 0.000000 0.000000
vn 1.000000 0.000000 0.000000
vn 0.623488 0.000000 0.781833
vn 0.623488 0.000000 0.781833
vn 0.623488 0.000000 0.781833
vn 0.623488 0.000000 0.781833
vn -0.222493 0.000000 0.974934
vn -0.222493 0.000000 0.974934
vn -0.222493 0.000000 0.974934
vn -0.222493 0.000000 0.974934
vn -0.900977 0.000000 0.433866
vn -0.900977 0.000000 0.433866
vn -0.900977 0.000000 0.433866
vn -0.900977 0.000000 0.433866
vn -0.900977 0.000000 -0.433866
vn -0.900977 0.000000 -0.433866
vn -0.900977 0.000000 -0.433866
vn -0.900977 0.000000 -0.433866
vn 0.000000 1.000000 -0.000001
vn 0.000000 1.000000 -0.000001
vn 0.000000 1.000000 0.000000
vn 0.000000 1.000000 0.000000
vn 0.000000 1.000000 0.000000
vn 0.000000 1.000000 0.000001
vn 0.000000 1.000000 0.000001
vn 0.000000 1.000000 0.000000
vn 0.000000 -1.000000 0.000002
vn 0.000000 -1.000000 0.000000
vn 0.000000 -1.000000 0.000001
vn 0.000000 -1.000000 0.000000
vn 0.000000 -1.000000 0.000000
vn 0.000000 -1.000000 0.000000
vn 0.000000 -1.000000 0.000000
vn 0.000000 -1.000000 0.000002
vn -0.222525 0.000000 -0.974927
vn -0.222525 0.000000 -0.974927
vn -0.222525 0.000000 -0.974927
vn -0.222525 0.000000 -0.974927
vn 0.623484 0.000000 -0.781836
vn 0.623484 0.000000 -0.781836
vn 0.623484 0.000000 -0.781836
vn 0.623484 0.000000 -0.781836
vn 1.000000 0.000000 0.000000
vn 1.000000 0.000000 0.000000
vn 1.000000 0.000000 0.000000
vn 1.000000 0.000000 0.000000
vn 0.623484 0.000000 0.781836
vn 0.623484 0.000000 0.781836
vn 0.623484 0.000000 0.781836
vn 0.623484 0.000000 0.781836
vn -0.222525 0.000000 0.974927
vn -0.222525 0.000000 0.974927
vn -0.222525 0.000000 0.974927
vn -0.222525 0.000000 0.974927
vn -0.900967 0.000000 0.433888
vn -0.900967 0.000000 0.433888
vn -0.900967 0.000000 0.433888
vn -0.900967 0.000000 0.433888
vn -0.900967 0.000000 -0.433888
vn -0.900967 0.000000 -0.433888
vn -0.900967 0.000000 -0.433888
vn -0.900967 0.000000 -0.433888
vn 0.000000 1.000000 0.000001
vn 0.000000 1.000000 0.000000
vn 0.000000 1.000000 0.000000
vn 0.000000 1.000000 0.000000
vn 0.000000 1.000000 -0.000000
vn 0.000000 1.000000 -0.000000
vn 0.000000 1.000000 -0.000000
vn 0.000000 1.000000 0.000000
vn -0.000001 -1.000000 -0.000001
vn 0.000000 -1.000000 -0.000002
vn 0.000000 -1.000000 0.000000
vn 0.000001 -1.000000 -0.000001
vn 0.000001 -1.000000 0.000001
vn 0.000000 -1.000000 0.000002
vn -0.000001 -1.000000 0.000002
vn -0.000001 -1.000000 0.000000
vn -0.222526 0.000000 -0.974927
vn -0.222526 0.000000 -0.974927
vn -0.222526 0.000000 -0.974927
vn -0.222526 0.000000 -0.974927
vn 0.623484 0.000000 -0.781836
vn 0.623484 0.000000 -0.781836
vn 0.623484 0.000000 -0.781836
vn 0.623484 0.000000 -0.781836
vn 1.000000 0.000000 0.000000
vn 1.000000 0.000000 0.000000
vn 1.000000 0.000000 0.000000
vn 1.000000 0.000000 0.000000
vn 0.623484 0.000000 0.781836
vn 0.623484 0.000000 0.781836
vn 0.623484 0.000000 0.781836
vn 0.623484 0.000000 0.781836
vn -0.222526 0.000000 0.974927
vn -0.222526 0.000000 0.974927
vn -0.222526 0.000000 0.974927
vn -0.222526 0.000000 0.974927
vn -0.900966 0.000000 0.433889
vn -0.900966 0.000000 0.433889
vn -0.900967 0.000000 0.433889
vn -0.900967 0.000000 0.433889
vn -0.900966 0.000000 -0.433889
vn -0.900966 0.000000 -0.433889
vn -0.900967 0.000000 -0.433889
vn -0.900967 0.000000 -0.433889
vn 0.000000 1.000000 0.000000
vn 0.000000 1.000000 0.000000
vn 0.000000 1.000000 -0.000000
vn 0.000000 1.000000 0.000000
vn 0.000000 1.000000 -0.000000
vn 0.000000 1.000000 -0.000000
vn 0.000000 1.000000 -0.000000
vn 0.000000 1.000000 0.000000
vn 0.000001 -1.000000 0.000001
vn -0.000000 -1.000000 0.000001
vn -0.000000 -1.000000 0.000000
vn -0.000002 -1.000000 0.000001
vn -0.000002 -1.000000 -0.000001
vn -0.000000 -1.000000 -0.000001
vn 0.000001 -1.000000 -0.000001
vn 0.000002 -1.000000 0.000000
vn -0.222526 0.000000 -0.974927
vn -0.222526 0.000000 -0.974927
vn -0.222526 0.000000 -0.974927
vn -0.222526 0.000000 -0.974927
vn 0.623484 0.000000 -0.781836
vn 0.623484 0.000000 -0.781836
vn 0.623484 0.000000 -0.781836
vn 0.623484 0.000000 -0.781836
vn 1.000000 0.000000 0.000000
vn 1.000000 0.000000 0.000000
vn 1.000000 0.000000 0.000000
vn 1.000000 0.000000 0.000000
vn 0.623484 0.000000 0.781836
vn 0.623484 0.000000 0.781836
vn 0.623484 0.000000 0.781836
vn 0.623484 0.000000 0.781836
vn -0.222499 0.000000 0.974933
vn -0.222499 0.000000 0.974933
vn -0.222499 0.000000 0.974933
vn -0.222499 0.000000 0.974933
vn -0.900967 0.000000 0.433888
vn -0.900967 0.000000 0.433888
vn -0.900967 0.000000 0.433888
vn -0.900967 0.000000 0.433888
vn -0.900972 0.000000 -0.433877
vn -0.900972 0.000000 -0.433877
vn -0.900972 0.000000 -0.433877
vn -0.900972 0.000000 -0.433877
vn -0.000000 1.000000 0.000000
vn -0.000000 1.000000 0.000000
vn -0.000000 1.000000 0.000000
vn 0.000000 1.000000 0.000000
vn 0.000000 1.000000 -0.000000
vn -0.000000 1.000000 -0.000000
vn -0.000000 1.000000 0.000000
vn 0.000000 1.000000 0.000000
vn -0.000000 -1.000000 -0.000002
vn -0.000001 -1.000000 -0.000000
vn -0.000000 -1.000000 0.000000
vn 0.000000 -1.000000 0.000000
vn 0.000000 -1.000000 0.000000
vn -0.000001 -1.000000 0.000000
vn -0.000000 -1.000000 0.000002
vn 0.000001 -1.000000 0.000000
vn -0.222526 -0.000000 -0.974927
vn -0.222526 -0.000000 -0.974927
vn -0.222526 -0.000000 -0.974927
vn -0.222526 -0.000000 -0.974927
vn 0.623484 0.000000 -0.781836
vn 0.623484 0.000000 -0.781836
vn 0.623484 0.000000 -0.781836
vn 0.623484 0.000000 -0.781836
vn 1.000000 0.000000 0.000000
vn 1.000000 0.000000 0.000000
vn 1.000000 0.000000 0.000000
vn 1.000000 0.000000 0.000000
vn 0.623484 0.000000 0.781836
vn 0.623484 0.000000 0.781836
vn 0.623484 0.000000 0.781836
vn 0.623484 0.000000 0.781836
vn -0.222526 -0.000000 0.974927
vn -0.222526 -0.000000 0.974927
vn -0.222526 -0.000000 0.974927
vn -0.222526 -0.000000 0.974927
vn -0.900972 -0.000000 0.433877
vn -0.900972 -0.000000 0.433877
vn -0.900972 -0.000000 0.433877
vn -0.900972 -0.000000 0.433877
vn -0.900967 -0.000000 -0.433888
vn -0.900967 -0.000000 -0.433888
vn -0.900967 -0.000000 -0.433888
vn -0.900967 -0.000000 -0.433889
vn -0.000000 1.000000 0.000000
vn -0.000000 1.000000 0.000000
vn -0.000000 1.000000 -0.000000
vn 0.000000 1.000000 0.000000
vn 0.000000 1.000000 -0.000000
vn -0.000000 1.000000 -0.000000
vn -0.000000 1.000000 -0.000000
vn 0.000000 1.000000 -0.000000
vn 0.000001 -1.000000 0.000001
vn 0.000001 -1.000000 0.000000
vn 0.000000 -1.000000 0.000000
vn 0.000000 -1.000000 0.000000
vn 0.000000 -1.000000 0.000000
vn 0.000001 -1.000000 0.000000
vn 0.000001 -1.000000 -0.000001
vn 0.000000 -1.000000 0.000000
s off
g group1 bolts_low
usemtl standardSurface1SG
f 2489/2979/2909 2490/2980/2910 2497/2981/2911 2496/2982/2912
f 2490/2980/2913 2491/2983/2914 2498/2984/2915 2497/2981/2916
f 2491/2983/2917 2492/2985/2918 2499/2986/2919 2498/2984/2920
f 2492/2985/2921 2493/2987/2922 2500/2988/2923 2499/2986/2924
f 2493/2987/2925 2494/2989/2926 2501/2990/2927 2500/2988/2928
f 2494/2989/2929 2495/2991/2930 2502/2992/2931 2501/2990/2932
f 2495/2991/2933 2489/2993/2934 2496/2994/2935 2502/2992/2936
s 1
f 2490/2995/2937 2489/2996/2938 2503/2997/2939
f 2491/2998/2940 2490/2995/2937 2503/2997/2939
f 2492/2999/2941 2491/2998/2940 2503/2997/2939
f 2493/3000/2942 2492/2999/2941 2503/2997/2939
f 2494/3001/2943 2493/3000/2942 2503/2997/2939
f 2495/3002/2944 2494/3001/2943 2503/2997/2939
f 2489/2996/2938 2495/3002/2944 2503/2997/2939
s 2
f 2496/3003/2945 2497/3004/2946 2504/3005/2947
f 2497/3004/2946 2498/3006/2948 2504/3005/2947
f 2498/3006/2948 2499/3007/2949 2504/3005/2947
f 2499/3007/2949 2500/3008/2950 2504/3005/2947
f 2500/3008/2950 2501/3009/2951 2504/3005/2947
f 2501/3009/2951 2502/3010/2952 2504/3005/2947
f 2502/3010/2952 2496/3003/2945 2504/3005/2947
s off
f 2505/3011/2953 2506/3012/2954 2513/3013/2955 2512/3014/2956
f 2506/3012/2957 2507/3015/2958 2514/3016/2959 2513/3013/2960
f 2507/3015/2961 2508/3017/2962 2515/3018/2963 2514/3016/2964
f 2508/3017/2965 2509/3019/2966 2516/3020/2967 2515/3018/2968
f 2509/3019/2969 2510/3021/2970 2517/3022/2971 2516/3020/2972
f 2510/3021/2973 2511/3023/2974 2518/3024/2975 2517/3022/2976
f 2511/3023/2977 2505/3025/2978 2512/3026/2979 2518/3024/2980
s 3
f 2506/3027/2981 2505/3028/2982 2519/3029/2983
f 2507/3030/2984 2506/3027/2981 2519/3029/2983
f 2508/3031/2985 2507/3030/2984 2519/3029/2983
f 2509/3032/2986 2508/3031/2985 2519/3029/2983
f 2510/3033/2987 2509/3032/2986 2519/3029/2983
f 2511/3034/2988 2510/3033/2987 2519/3029/2983
f 2505/3028/2982 2511/3034/2988 2519/3029/2983
s 4
f 2512/3035/2989 2513/3036/2990 2520/3037/2991
f 2513/3036/2990 2514/3038/2992 2520/3037/2991
f 2514/3038/2992 2515/3039/2993 2520/3037/2991
f 2515/3039/2993 2516/3040/2994 2520/3037/2991
f 2516/3040/2994 2517/3041/2995 2520/3037/2991
f 2517/3041/2995 2518/3042/2996 2520/3037/2991
f 2518/3042/2996 2512/3035/2989 2520/3037/2991
s off
f 2521/3043/2997 2522/3044/2998 2529/3045/2999 2528/3046/3000
f 2522/3044/3001 2523/3047/3002 2530/3048/3003 2529/3045/3004
f 2523/3047/3005 2524/3049/3006 2531/3050/3007 2530/3048/3008
f 2524/3049/3009 2525/3051/3010 2532/3052/3011 2531/3050/3012
f 2525/3051/3013 2526/3053/3014 2533/3054/3015 2532/3052/3016
f 2526/3053/3017 2527/3055/3018 2534/3056/3019 2533/3054/3020
f 2527/3055/3021 2521/3057/3022 2528/3058/3023 2534/3056/3024
s 5
f 2522/3059/3025 2521/3060/3026 2535/3061/3027
f 2523/3062/3028 2522/3059/3025 2535/3061/3027
f 2524/3063/3029 2523/3062/3028 2535/3061/3027
f 2525/3064/3030 2524/3063/3029 2535/3061/3027
f 2526/3065/3031 2525/3064/3030 2535/3061/3027
f 2527/3066/3032 2526/3065/3031 2535/3061/3027
f 2521/3060/3026 2527/3066/3032 2535/3061/3027
s 6
f 2528/3067/3033 2529/3068/3034 2536/3069/3035
f 2529/3068/3034 2530/3070/3036 2536/3069/3035
f 2530/3070/3036 2531/3071/3037 2536/3069/3035
f 2531/3071/3037 2532/3072/3038 2536/3069/3035
f 2532/3072/3038 2533/3073/3039 2536/3069/3035
f 2533/3073/3039 2534/3074/3040 2536/3069/3035
f 2534/3074/3040 2528/3067/3033 2536/3069/3035
s off
f 2537/3075/3041 2538/3076/3042 2545/3077/3043 2544/3078/3044
f 2538/3076/3045 2539/3079/3046 2546/3080/3047 2545/3077/3048
f 2539/3079/3049 2540/3081/3050 2547/3082/3051 2546/3080/3052
f 2540/3081/3053 2541/3083/3054 2548/3084/3055 2547/3082/3056
f 2541/3083/3057 2542/3085/3058 2549/3086/3059 2548/3084/3060
f 2542/3085/3061 2543/3087/3062 2550/3088/3063 2549/3086/3064
f 2543/3087/3065 2537/3089/3066 2544/3090/3067 2550/3088/3068
s 7
f 2538/3091/3069 2537/3092/3070 2551/3093/3071
f 2539/3094/3072 2538/3091/3069 2551/3093/3071
f 2540/3095/3073 2539/3094/3072 2551/3093/3071
f 2541/3096/3074 2540/3095/3073 2551/3093/3071
f 2542/3097/3075 2541/3096/3074 2551/3093/3071
f 2543/3098/3076 2542/3097/3075 2551/3093/3071
f 2537/3092/3070 2543/3098/3076 2551/3093/3071
s 8
f 2544/3099/3077 2545/3100/3078 2552/3101/3079
f 2545/3100/3078 2546/3102/3080 2552/3101/3079
f 2546/3102/3080 2547/3103/3081 2552/3101/3079
f 2547/3103/3081 2548/3104/3082 2552/3101/3079
f 2548/3104/3082 2549/3105/3083 2552/3101/3079
f 2549/3105/3083 2550/3106/3084 2552/3101/3079
f 2550/3106/3084 2544/3099/3077 2552/3101/3079
s off
f 2553/3107/3085 2554/3108/3086 2561/3109/3087 2560/3110/3088
f 2554/3108/3089 2555/3111/3090 2562/3112/3091 2561/3109/3092
f 2555/3111/3093 2556/3113/3094 2563/3114/3095 2562/3112/3096
f 2556/3113/3097 2557/3115/3098 2564/3116/3099 2563/3114/3100
f 2557/3115/3101 2558/3117/3102 2565/3118/3103 2564/3116/3104
f 2558/3117/3105 2559/3119/3106 2566/3120/3107 2565/3118/3108
f 2559/3119/3109 2553/3121/3110 2560/3122/3111 2566/3120/3112
s 9
f 2554/3123/3113 2553/3124/3114 2567/3125/3115
f 2555/3126/3116 2554/3123/3113 2567/3125/3115
f 2556/3127/3117 2555/3126/3116 2567/3125/3115
f 2557/3128/3118 2556/3127/3117 2567/3125/3115
f 2558/3129/3119 2557/3128/3118 2567/3125/3115
f 2559/3130/3120 2558/3129/3119 2567/3125/3115
f 2553/3124/3114 2559/3130/3120 2567/3125/3115
s 10
f 2560/3131/3121 2561/3132/3122 2568/3133/3123
f 2561/3132/3122 2562/3134/3124 2568/3133/3123
f 2562/3134/3124 2563/3135/3125 2568/3133/3123
f 2563/3135/3125 2564/3136/3126 2568/3133/3123
f 2564/3136/3126 2565/3137/3127 2568/3133/3123
f 2565/3137/3127 2566/3138/3128 2568/3133/3123
f 2566/3138/3128 2560/3131/3121 2568/3133/3123
s off
f 2569/3139/3129 2570/3140/3130 2577/3141/3131 2576/3142/3132
f 2570/3140/3133 2571/3143/3134 2578/3144/3135 2577/3141/3136
f 2571/3143/3137 2572/3145/3138 2579/3146/3139 2578/3144/3140
f 2572/3145/3141 2573/3147/3142 2580/3148/3143 2579/3146/3144
f 2573/3147/3145 2574/3149/3146 2581/3150/3147 2580/3148/3148
f 2574/3149/3149 2575/3151/3150 2582/3152/3151 2581/3150/3152
f 2575/3151/3153 2569/3153/3154 2576/3154/3155 2582/3152/3156
s 11
f 2570/3155/3157 2569/3156/3158 2583/3157/3159
f 2571/3158/3160 2570/3155/3157 2583/3157/3159
f 2572/3159/3161 2571/3158/3160 2583/3157/3159
f 2573/3160/3162 2572/3159/3161 2583/3157/3159
f 2574/3161/3163 2573/3160/3162 2583/3157/3159
f 2575/3162/3164 2574/3161/3163 2583/3157/3159
f 2569/3156/3158 2575/3162/3164 2583/3157/3159
s 12
f 2576/3163/3165 2577/3164/3166 2584/3165/3167
f 2577/3164/3166 2578/3166/3168 2584/3165/3167
f 2578/3166/3168 2579/3167/3169 2584/3165/3167
f 2579/3167/3169 2580/3168/3170 2584/3165/3167
f 2580/3168/3170 2581/3169/3171 2584/3165/3167
f 2581/3169/3171 2582/3170/3172 2584/3165/3167
f 2582/3170/3172 2576/3163/3165 2584/3165/3167
s off
f 2585/3171/3173 2586/3172/3174 2593/3173/3175 2592/3174/3176
f 2586/3172/3177 2587/3175/3178 2594/3176/3179 2593/3173/3180
f 2587/3175/3181 2588/3177/3182 2595/3178/3183 2594/3176/3184
f 2588/3177/3185 2589/3179/3186 2596/3180/3187 2595/3178/3188
f 2589/3179/3189 2590/3181/3190 2597/3182/3191 2596/3180/3192
f 2590/3181/3193 2591/3183/3194 2598/3184/3195 2597/3182/3196
f 2591/3183/3197 2585/3185/3198 2592/3186/3199 2598/3184/3200
s 13
f 2586/3187/3201 2585/3188/3202 2599/3189/3203
f 2587/3190/3204 2586/3187/3201 2599/3189/3203
f 2588/3191/3205 2587/3190/3204 2599/3189/3203
f 2589/3192/3206 2588/3191/3205 2599/3189/3203
f 2590/3193/3207 2589/3192/3206 2599/3189/3203
f 2591/3194/3208 2590/3193/3207 2599/3189/3203
f 2585/3188/3202 2591/3194/3208 2599/3189/3203
s 14
f 2592/3195/3209 2593/3196/3210 2600/3197/3211
f 2593/3196/3210 2594/3198/3212 2600/3197/3211
f 2594/3198/3212 2595/3199/3213 2600/3197/3211
f 2595/3199/3213 2596/3200/3214 2600/3197/3211
f 2596/3200/3214 2597/3201/3215 2600/3197/3211
f 2597/3201/3215 2598/3202/3216 2600/3197/3211
f 2598/3202/3216 2592/3195/3209 2600/3197/3211
s off
f 2601/3203/3217 2602/3204/3218 2609/3205/3219 2608/3206/3220
f 2602/3204/3221 2603/3207/3222 2610/3208/3223 2609/3205/3224
f 2603/3207/3225 2604/3209/3226 2611/3210/3227 2610/3208/3228
f 2604/3209/3229 2605/3211/3230 2612/3212/3231 2611/3210/3232
f 2605/3211/3233 2606/3213/3234 2613/3214/3235 2612/3212/3236
f 2606/3213/3237 2607/3215/3238 2614/3216/3239 2613/3214/3240
f 2607/3215/3241 2601/3217/3242 2608/3218/3243 2614/3216/3244
s 15
f 2602/3219/3245 2601/3220/3246 2615/3221/3247
f 2603/3222/3248 2602/3219/3245 2615/3221/3247
f 2604/3223/3249 2603/3222/3248 2615/3221/3247
f 2605/3224/3250 2604/3223/3249 2615/3221/3247
f 2606/3225/3251 2605/3224/3250 2615/3221/3247
f 2607/3226/3252 2606/3225/3251 2615/3221/3247
f 2601/3220/3246 2607/3226/3252 2615/3221/3247
s 16
f 2608/3227/3253 2609/3228/3254 2616/3229/3255
f 2609/3228/3254 2610/3230/3256 2616/3229/3255
f 2610/3230/3256 2611/3231/3257 2616/3229/3255
f 2611/3231/3257 2612/3232/3258 2616/3229/3255
f 2612/3232/3258 2613/3233/3259 2616/3229/3255
f 2613/3233/3259 2614/3234/3260 2616/3229/3255
f 2614/3234/3260 2608/3227/3253 2616/3229/3255
s off
f 2617/3235/3261 2618/3236/3262 2625/3237/3263 2624/3238/3264
f 2618/3236/3265 2619/3239/3266 2626/3240/3267 2625/3237/3268
f 2619/3239/3269 2620/3241/3270 2627/3242/3271 2626/3240/3272
f 2620/3241/3273 2621/3243/3274 2628/3244/3275 2627/3242/3276
f 2621/3243/3277 2622/3245/3278 2629/3246/3279 2628/3244/3280
f 2622/3245/3281 2623/3247/3282 2630/3248/3283 2629/3246/3284
f 2623/3247/3285 2617/3249/3286 2624/3250/3287 2630/3248/3288
s 17
f 2618/3251/3289 2617/3252/3290 2631/3253/3291
f 2619/3254/3292 2618/3251/3289 2631/3253/3291
f 2620/3255/3293 2619/3254/3292 2631/3253/3291
f 2621/3256/3294 2620/3255/3293 2631/3253/3291
f 2622/3257/3295 2621/3256/3294 2631/3253/3291
f 2623/3258/3296 2622/3257/3295 2631/3253/3291
f 2617/3252/3290 2623/3258/3296 2631/3253/3291
s 18
f 2624/3259/3297 2625/3260/3298 2632/3261/3299
f 2625/3260/3298 2626/3262/3300 2632/3261/3299
f 2626/3262/3300 2627/3263/3301 2632/3261/3299
f 2627/3263/3301 2628/3264/3302 2632/3261/3299
f 2628/3264/3302 2629/3265/3303 2632/3261/3299
f 2629/3265/3303 2630/3266/3304 2632/3261/3299
f 2630/3266/3304 2624/3259/3297 2632/3261/3299
s off
f 2633/3267/3305 2634/3268/3306 2641/3269/3307 2640/3270/3308
f 2634/3268/3309 2635/3271/3310 2642/3272/3311 2641/3269/3312
f 2635/3271/3313 2636/3273/3314 2643/3274/3315 2642/3272/3316
f 2636/3273/3317 2637/3275/3318 2644/3276/3319 2643/3274/3320
f 2637/3275/3321 2638/3277/3322 2645/3278/3323 2644/3276/3324
f 2638/3277/3325 2639/3279/3326 2646/3280/3327 2645/3278/3328
f 2639/3279/3329 2633/3281/3330 2640/3282/3331 2646/3280/3332
s 19
f 2634/3283/3333 2633/3284/3334 2647/3285/3335
f 2635/3286/3336 2634/3283/3333 2647/3285/3335
f 2636/3287/3337 2635/3286/3336 2647/3285/3335
f 2637/3288/3338 2636/3287/3337 2647/3285/3335
f 2638/3289/3339 2637/3288/3338 2647/3285/3335
f 2639/3290/3340 2638/3289/3339 2647/3285/3335
f 2633/3284/3334 2639/3290/3340 2647/3285/3335
s 20
f 2640/3291/3341 2641/3292/3342 2648/3293/3343
f 2641/3292/3342 2642/3294/3344 2648/3293/3343
f 2642/3294/3344 2643/3295/3345 2648/3293/3343
f 2643/3295/3345 2644/3296/3346 2648/3293/3343
f 2644/3296/3346 2645/3297/3347 2648/3293/3343
f 2645/3297/3347 2646/3298/3348 2648/3293/3343
f 2646/3298/3348 2640/3291/3341 2648/3293/3343
s off
f 2649/3299/3349 2650/3300/3350 2657/3301/3351 2656/3302/3352
f 2650/3300/3353 2651/3303/3354 2658/3304/3355 2657/3301/3356
f 2651/3303/3357 2652/3305/3358 2659/3306/3359 2658/3304/3360
f 2652/3305/3361 2653/3307/3362 2660/3308/3363 2659/3306/3364
f 2653/3307/3365 2654/3309/3366 2661/3310/3367 2660/3308/3368
f 2654/3309/3369 2655/3311/3370 2662/3312/3371 2661/3310/3372
f 2655/3311/3373 2649/3313/3374 2656/3314/3375 2662/3312/3376
s 21
f 2650/3315/3377 2649/3316/3378 2663/3317/3379
f 2651/3318/3380 2650/3315/3377 2663/3317/3379
f 2652/3319/3381 2651/3318/3380 2663/3317/3379
f 2653/3320/3382 2652/3319/3381 2663/3317/3379
f 2654/3321/3383 2653/3320/3382 2663/3317/3379
f 2655/3322/3384 2654/3321/3383 2663/3317/3379
f 2649/3316/3378 2655/3322/3384 2663/3317/3379
s 22
f 2656/3323/3385 2657/3324/3386 2664/3325/3387
f 2657/3324/3386 2658/3326/3388 2664/3325/3387
f 2658/3326/3388 2659/3327/3389 2664/3325/3387
f 2659/3327/3389 2660/3328/3390 2664/3325/3387
f 2660/3328/3390 2661/3329/3391 2664/3325/3387
f 2661/3329/3391 2662/3330/3392 2664/3325/3387
f 2662/3330/3392 2656/3323/3385 2664/3325/3387
s off
f 2665/3331/3393 2666/3332/3394 2673/3333/3395 2672/3334/3396
f 2666/3332/3397 2667/3335/3398 2674/3336/3399 2673/3333/3400
f 2667/3335/3401 2668/3337/3402 2675/3338/3403 2674/3336/3404
f 2668/3337/3405 2669/3339/3406 2676/3340/3407 2675/3338/3408
f 2669/3339/3409 2670/3341/3410 2677/3342/3411 2676/3340/3412
f 2670/3341/3413 2671/3343/3414 2678/3344/3415 2677/3342/3416
f 2671/3343/3417 2665/3345/3418 2672/3346/3419 2678/3344/3420
s 23
f 2666/3347/3421 2665/3348/3422 2679/3349/3423
f 2667/3350/3424 2666/3347/3421 2679/3349/3423
f 2668/3351/3425 2667/3350/3424 2679/3349/3423
f 2669/3352/3426 2668/3351/3425 2679/3349/3423
f 2670/3353/3427 2669/3352/3426 2679/3349/3423
f 2671/3354/3428 2670/3353/3427 2679/3349/3423
f 2665/3348/3422 2671/3354/3428 2679/3349/3423
s 24
f 2672/3355/3429 2673/3356/3430 2680/3357/3431
f 2673/3356/3430 2674/3358/3432 2680/3357/3431
f 2674/3358/3432 2675/3359/3433 2680/3357/3431
f 2675/3359/3433 2676/3360/3434 2680/3357/3431
f 2676/3360/3434 2677/3361/3435 2680/3357/3431
f 2677/3361/3435 2678/3362/3436 2680/3357/3431
f 2678/3362/3436 2672/3355/3429 2680/3357/3431
s off
f 2681/3363/3437 2682/3364/3438 2689/3365/3439 2688/3366/3440
f 2682/3364/3441 2683/3367/3442 2690/3368/3443 2689/3365/3444
f 2683/3367/3445 2684/3369/3446 2691/3370/3447 2690/3368/3448
f 2684/3369/3449 2685/3371/3450 2692/3372/3451 2691/3370/3452
f 2685/3371/3453 2686/3373/3454 2693/3374/3455 2692/3372/3456
f 2686/3373/3457 2687/3375/3458 2694/3376/3459 2693/3374/3460
f 2687/3375/3461 2681/3377/3462 2688/3378/3463 2694/3376/3464
s 25
f 2682/3379/3465 2681/3380/3466 2695/3381/3467
f 2683/3382/3468 2682/3379/3465 2695/3381/3467
f 2684/3383/3469 2683/3382/3468 2695/3381/3467
f 2685/3384/3470 2684/3383/3469 2695/3381/3467
f 2686/3385/3471 2685/3384/3470 2695/3381/3467
f 2687/3386/3472 2686/3385/3471 2695/3381/3467
f 2681/3380/3466 2687/3386/3472 2695/3381/3467
s 26
f 2688/3387/3473 2689/3388/3474 2696/3389/3475
f 2689/3388/3474 2690/3390/3476 2696/3389/3475
f 2690/3390/3476 2691/3391/3477 2696/3389/3475
f 2691/3391/3477 2692/3392/3478 2696/3389/3475
f 2692/3392/3478 2693/3393/3479 2696/3389/3475
f 2693/3393/3479 2694/3394/3480 2696/3389/3475
f 2694/3394/3480 2688/3387/3473 2696/3389/3475
s off
f 2697/3395/3481 2698/3396/3482 2705/3397/3483 2704/3398/3484
f 2698/3396/3485 2699/3399/3486 2706/3400/3487 2705/3397/3488
f 2699/3399/3489 2700/3401/3490 2707/3402/3491 2706/3400/3492
f 2700/3401/3493 2701/3403/3494 2708/3404/3495 2707/3402/3496
f 2701/3403/3497 2702/3405/3498 2709/3406/3499 2708/3404/3500
f 2702/3405/3501 2703/3407/3502 2710/3408/3503 2709/3406/3504
f 2703/3407/3505 2697/3409/3506 2704/3410/3507 2710/3408/3508
s 27
f 2698/3411/3509 2697/3412/3510 2711/3413/3511
f 2699/3414/3512 2698/3411/3509 2711/3413/3511
f 2700/3415/3513 2699/3414/3512 2711/3413/3511
f 2701/3416/3514 2700/3415/3513 2711/3413/3511
f 2702/3417/3515 2701/3416/3514 2711/3413/3511
f 2703/3418/3516 2702/3417/3515 2711/3413/3511
f 2697/3412/3510 2703/3418/3516 2711/3413/3511
s 28
f 2704/3419/3517 2705/3420/3518 2712/3421/3519
f 2705/3420/3518 2706/3422/3520 2712/3421/3519
f 2706/3422/3520 2707/3423/3521 2712/3421/3519
f 2707/3423/3521 2708/3424/3522 2712/3421/3519
f 2708/3424/3522 2709/3425/3523 2712/3421/3519
f 2709/3425/3523 2710/3426/3524 2712/3421/3519
f 2710/3426/3524 2704/3419/3517 2712/3421/3519
s off
f 2713/3427/3525 2714/3428/3526 2721/3429/3527 2720/3430/3528
f 2714/3428/3529 2715/3431/3530 2722/3432/3531 2721/3429/3532
f 2715/3431/3533 2716/3433/3534 2723/3434/3535 2722/3432/3536
f 2716/3433/3537 2717/3435/3538 2724/3436/3539 2723/3434/3540
f 2717/3435/3541 2718/3437/3542 2725/3438/3543 2724/3436/3544
f 2718/3437/3545 2719/3439/3546 2726/3440/3547 2725/3438/3548
f 2719/3439/3549 2713/3441/3550 2720/3442/3551 2726/3440/3552
s 29
f 2714/3443/3553 2713/3444/3554 2727/3445/3555
f 2715/3446/3556 2714/3443/3553 2727/3445/3555
f 2716/3447/3557 2715/3446/3556 2727/3445/3555
f 2717/3448/3558 2716/3447/3557 2727/3445/3555
f 2718/3449/3559 2717/3448/3558 2727/3445/3555
f 2719/3450/3560 2718/3449/3559 2727/3445/3555
f 2713/3444/3554 2719/3450/3560 2727/3445/3555
s 30
f 2720/3451/3561 2721/3452/3562 2728/3453/3563
f 2721/3452/3562 2722/3454/3564 2728/3453/3563
f 2722/3454/3564 2723/3455/3565 2728/3453/3563
f 2723/3455/3565 2724/3456/3566 2728/3453/3563
f 2724/3456/3566 2725/3457/3567 2728/3453/3563
f 2725/3457/3567 2726/3458/3568 2728/3453/3563
f 2726/3458/3568 2720/3451/3561 2728/3453/3563
s off
f 2729/3459/3569 2730/3460/3570 2737/3461/3571 2736/3462/3572
f 2730/3460/3573 2731/3463/3574 2738/3464/3575 2737/3461/3576
f 2731/3463/3577 2732/3465/3578 2739/3466/3579 2738/3464/3580
f 2732/3465/3581 2733/3467/3582 2740/3468/3583 2739/3466/3584
f 2733/3467/3585 2734/3469/3586 2741/3470/3587 2740/3468/3588
f 2734/3469/3589 2735/3471/3590 2742/3472/3591 2741/3470/3592
f 2735/3471/3593 2729/3473/3594 2736/3474/3595 2742/3472/3596
s 31
f 2730/3475/3597 2729/3476/3598 2743/3477/3599
f 2731/3478/3600 2730/3475/3597 2743/3477/3599
f 2732/3479/3601 2731/3478/3600 2743/3477/3599
f 2733/3480/3602 2732/3479/3601 2743/3477/3599
f 2734/3481/3603 2733/3480/3602 2743/3477/3599
f 2735/3482/3604 2734/3481/3603 2743/3477/3599
f 2729/3476/3598 2735/3482/3604 2743/3477/3599
s 32
f 2736/3483/3605 2737/3484/3606 2744/3485/3607
f 2737/3484/3606 2738/3486/3608 2744/3485/3607
f 2738/3486/3608 2739/3487/3609 2744/3485/3607
f 2739/3487/3609 2740/3488/3610 2744/3485/3607
f 2740/3488/3610 2741/3489/3611 2744/3485/3607
f 2741/3489/3611 2742/3490/3612 2744/3485/3607
f 2742/3490/3612 2736/3483/3605 2744/3485/3607
s off
f 2745/3491/3613 2746/3492/3614 2753/3493/3615 2752/3494/3616
f 2746/3492/3617 2747/3495/3618 2754/3496/3619 2753/3493/3620
f 2747/3495/3621 2748/3497/3622 2755/3498/3623 2754/3496/3624
f 2748/3497/3625 2749/3499/3626 2756/3500/3627 2755/3498/3628
f 2749/3499/3629 2750/3501/3630 2757/3502/3631 2756/3500/3632
f 2750/3501/3633 2751/3503/3634 2758/3504/3635 2757/3502/3636
f 2751/3503/3637 2745/3505/3638 2752/3506/3639 2758/3504/3640
s 33
f 2746/3507/3641 2745/3508/3642 2759/3509/3643
f 2747/3510/3644 2746/3507/3641 2759/3509/3643
f 2748/3511/3645 2747/3510/3644 2759/3509/3643
f 2749/3512/3646 2748/3511/3645 2759/3509/3643
f 2750/3513/3647 2749/3512/3646 2759/3509/3643
f 2751/3514/3648 2750/3513/3647 2759/3509/3643
f 2745/3508/3642 2751/3514/3648 2759/3509/3643
s 34
f 2752/3515/3649 2753/3516/3650 2760/3517/3651
f 2753/3516/3650 2754/3518/3652 2760/3517/3651
f 2754/3518/3652 2755/3519/3653 2760/3517/3651
f 2755/3519/3653 2756/3520/3654 2760/3517/3651
f 2756/3520/3654 2757/3521/3655 2760/3517/3651
f 2757/3521/3655 2758/3522/3656 2760/3517/3651
f 2758/3522/3656 2752/3515/3649 2760/3517/3651
s off
f 2761/3523/3657 2762/3524/3658 2769/3525/3659 2768/3526/3660
f 2762/3524/3661 2763/3527/3662 2770/3528/3663 2769/3525/3664
f 2763/3527/3665 2764/3529/3666 2771/3530/3667 2770/3528/3668
f 2764/3529/3669 2765/3531/3670 2772/3532/3671 2771/3530/3672
f 2765/3531/3673 2766/3533/3674 2773/3534/3675 2772/3532/3676
f 2766/3533/3677 2767/3535/3678 2774/3536/3679 2773/3534/3680
f 2767/3535/3681 2761/3537/3682 2768/3538/3683 2774/3536/3684
s 35
f 2762/3539/3685 2761/3540/3686 2775/3541/3687
f 2763/3542/3688 2762/3539/3685 2775/3541/3687
f 2764/3543/3689 2763/3542/3688 2775/3541/3687
f 2765/3544/3690 2764/3543/3689 2775/3541/3687
f 2766/3545/3691 2765/3544/3690 2775/3541/3687
f 2767/3546/3692 2766/3545/3691 2775/3541/3687
f 2761/3540/3686 2767/3546/3692 2775/3541/3687
s 36
f 2768/3547/3693 2769/3548/3694 2776/3549/3695
f 2769/3548/3694 2770/3550/3696 2776/3549/3695
f 2770/3550/3696 2771/3551/3697 2776/3549/3695
f 2771/3551/3697 2772/3552/3698 2776/3549/3695
f 2772/3552/3698 2773/3553/3699 2776/3549/3695
f 2773/3553/3699 2774/3554/3700 2776/3549/3695
f 2774/3554/3700 2768/3547/3693 2776/3549/3695
s off
f 2777/3555/3701 2778/3556/3702 2785/3557/3703 2784/3558/3704
f 2778/3556/3705 2779/3559/3706 2786/3560/3707 2785/3557/3708
f 2779/3559/3709 2780/3561/3710 2787/3562/3711 2786/3560/3712
f 2780/3561/3713 2781/3563/3714 2788/3564/3715 2787/3562/3716
f 2781/3563/3717 2782/3565/3718 2789/3566/3719 2788/3564/3720
f 2782/3565/3721 2783/3567/3722 2790/3568/3723 2789/3566/3724
f 2783/3567/3725 2777/3569/3726 2784/3570/3727 2790/3568/3728
s 37
f 2778/3571/3729 2777/3572/3730 2791/3573/3731
f 2779/3574/3732 2778/3571/3729 2791/3573/3731
f 2780/3575/3733 2779/3574/3732 2791/3573/3731
f 2781/3576/3734 2780/3575/3733 2791/3573/3731
f 2782/3577/3735 2781/3576/3734 2791/3573/3731
f 2783/3578/3736 2782/3577/3735 2791/3573/3731
f 2777/3572/3730 2783/3578/3736 2791/3573/3731
s 38
f 2784/3579/3737 2785/3580/3738 2792/3581/3739
f 2785/3580/3738 2786/3582/3740 2792/3581/3739
f 2786/3582/3740 2787/3583/3741 2792/3581/3739
f 2787/3583/3741 2788/3584/3742 2792/3581/3739
f 2788/3584/3742 2789/3585/3743 2792/3581/3739
f 2789/3585/3743 2790/3586/3744 2792/3581/3739
f 2790/3586/3744 2784/3579/3737 2792/3581/3739
s off
f 2793/3587/3745 2794/3588/3746 2801/3589/3747 2800/3590/3748
f 2794/3588/3749 2795/3591/3750 2802/3592/3751 2801/3589/3752
f 2795/3591/3753 2796/3593/3754 2803/3594/3755 2802/3592/3756
f 2796/3593/3757 2797/3595/3758 2804/3596/3759 2803/3594/3760
f 2797/3595/3761 2798/3597/3762 2805/3598/3763 2804/3596/3764
f 2798/3597/3765 2799/3599/3766 2806/3600/3767 2805/3598/3768
f 2799/3599/3769 2793/3601/3770 2800/3602/3771 2806/3600/3772
s 39
f 2794/3603/3773 2793/3604/3774 2807/3605/3775
f 2795/3606/3776 2794/3603/3773 2807/3605/3775
f 2796/3607/3777 2795/3606/3776 2807/3605/3775
f 2797/3608/3778 2796/3607/3777 2807/3605/3775
f 2798/3609/3779 2797/3608/3778 2807/3605/3775
f 2799/3610/3780 2798/3609/3779 2807/3605/3775
f 2793/3604/3774 2799/3610/3780 2807/3605/3775
s 40
f 2800/3611/3781 2801/3612/3782 2808/3613/3783
f 2801/3612/3782 2802/3614/3784 2808/3613/3783
f 2802/3614/3784 2803/3615/3785 2808/3613/3783
f 2803/3615/3785 2804/3616/3786 2808/3613/3783
f 2804/3616/3786 2805/3617/3787 2808/3613/3783
f 2805/3617/3787 2806/3618/3788 2808/3613/3783
f 2806/3618/3788 2800/3611/3781 2808/3613/3783
s off
f 2809/3619/3789 2810/3620/3790 2817/3621/3791 2816/3622/3792
f 2810/3620/3793 2811/3623/3794 2818/3624/3795 2817/3621/3796
f 2811/3623/3797 2812/3625/3798 2819/3626/3799 2818/3624/3800
f 2812/3625/3801 2813/3627/3802 2820/3628/3803 2819/3626/3804
f 2813/3627/3805 2814/3629/3806 2821/3630/3807 2820/3628/3808
f 2814/3629/3809 2815/3631/3810 2822/3632/3811 2821/3630/3812
f 2815/3631/3813 2809/3633/3814 2816/3634/3815 2822/3632/3816
s 41
f 2810/3635/3817 2809/3636/3818 2823/3637/3819
f 2811/3638/3820 2810/3635/3817 2823/3637/3819
f 2812/3639/3821 2811/3638/3820 2823/3637/3819
f 2813/3640/3822 2812/3639/3821 2823/3637/3819
f 2814/3641/3823 2813/3640/3822 2823/3637/3819
f 2815/3642/3824 2814/3641/3823 2823/3637/3819
f 2809/3636/3818 2815/3642/3824 2823/3637/3819
s 42
f 2816/3643/3825 2817/3644/3826 2824/3645/3827
f 2817/3644/3826 2818/3646/3828 2824/3645/3827
f 2818/3646/3828 2819/3647/3829 2824/3645/3827
f 2819/3647/3829 2820/3648/3830 2824/3645/3827
f 2820/3648/3830 2821/3649/3831 2824/3645/3827
f 2821/3649/3831 2822/3650/3832 2824/3645/3827
f 2822/3650/3832 2816/3643/3825 2824/3645/3827
s off
f 2825/3651/3833 2826/3652/3834 2833/3653/3835 2832/3654/3836
f 2826/3652/3837 2827/3655/3838 2834/3656/3839 2833/3653/3840
f 2827/3655/3841 2828/3657/3842 2835/3658/3843 2834/3656/3844
f 2828/3657/3845 2829/3659/3846 2836/3660/3847 2835/3658/3848
f 2829/3659/3849 2830/3661/3850 2837/3662/3851 2836/3660/3852
f 2830/3661/3853 2831/3663/3854 2838/3664/3855 2837/3662/3856
f 2831/3663/3857 2825/3665/3858 2832/3666/3859 2838/3664/3860
s 43
f 2826/3667/3861 2825/3668/3862 2839/3669/3863
f 2827/3670/3864 2826/3667/3861 2839/3669/3863
f 2828/3671/3865 2827/3670/3864 2839/3669/3863
f 2829/3672/3866 2828/3671/3865 2839/3669/3863
f 2830/3673/3867 2829/3672/3866 2839/3669/3863
f 2831/3674/3868 2830/3673/3867 2839/3669/3863
f 2825/3668/3862 2831/3674/3868 2839/3669/3863
s 44
f 2832/3675/3869 2833/3676/3870 2840/3677/3871
f 2833/3676/3870 2834/3678/3872 2840/3677/3871
f 2834/3678/3872 2835/3679/3873 2840/3677/3871
f 2835/3679/3873 2836/3680/3874 2840/3677/3871
f 2836/3680/3874 2837/3681/3875 2840/3677/3871
f 2837/3681/3875 2838/3682/3876 2840/3677/3871
f 2838/3682/3876 2832/3675/3869 2840/3677/3871
s off
f 2841/3683/3877 2842/3684/3878 2849/3685/3879 2848/3686/3880
f 2842/3684/3881 2843/3687/3882 2850/3688/3883 2849/3685/3884
f 2843/3687/3885 2844/3689/3886 2851/3690/3887 2850/3688/3888
f 2844/3689/3889 2845/3691/3890 2852/3692/3891 2851/3690/3892
f 2845/3691/3893 2846/3693/3894 2853/3694/3895 2852/3692/3896
f 2846/3693/3897 2847/3695/3898 2854/3696/3899 2853/3694/3900
f 2847/3695/3901 2841/3697/3902 2848/3698/3903 2854/3696/3904
s 45
f 2842/3699/3905 2841/3700/3906 2855/3701/3907
f 2843/3702/3908 2842/3699/3905 2855/3701/3907
f 2844/3703/3909 2843/3702/3908 2855/3701/3907
f 2845/3704/3910 2844/3703/3909 2855/3701/3907
f 2846/3705/3911 2845/3704/3910 2855/3701/3907
f 2847/3706/3912 2846/3705/3911 2855/3701/3907
f 2841/3700/3906 2847/3706/3912 2855/3701/3907
s 46
f 2848/3707/3913 2849/3708/3914 2856/3709/3915
f 2849/3708/3914 2850/3710/3916 2856/3709/3915
f 2850/3710/3916 2851/3711/3917 2856/3709/3915
f 2851/3711/3917 2852/3712/3918 2856/3709/3915
f 2852/3712/3918 2853/3713/3919 2856/3709/3915
f 2853/3713/3919 2854/3714/3920 2856/3709/3915
f 2854/3714/3920 2848/3707/3913 2856/3709/3915
s off
f 2857/3715/3921 2858/3716/3922 2865/3717/3923 2864/3718/3924
f 2858/3716/3925 2859/3719/3926 2866/3720/3927 2865/3717/3928
f 2859/3719/3929 2860/3721/3930 2867/3722/3931 2866/3720/3932
f 2860/3721/3933 2861/3723/3934 2868/3724/3935 2867/3722/3936
f 2861/3723/3937 2862/3725/3938 2869/3726/3939 2868/3724/3940
f 2862/3725/3941 2863/3727/3942 2870/3728/3943 2869/3726/3944
f 2863/3727/3945 2857/3729/3946 2864/3730/3947 2870/3728/3948
s 47
f 2858/3731/3949 2857/3732/3950 2871/3733/3951
f 2859/3734/3952 2858/3731/3949 2871/3733/3951
f 2860/3735/3953 2859/3734/3952 2871/3733/3951
f 2861/3736/3954 2860/3735/3953 2871/3733/3951
f 2862/3737/3955 2861/3736/3954 2871/3733/3951
f 2863/3738/3956 2862/3737/3955 2871/3733/3951
f 2857/3732/3950 2863/3738/3956 2871/3733/3951
s 48
f 2864/3739/3957 2865/3740/3958 2872/3741/3959
f 2865/3740/3958 2866/3742/3960 2872/3741/3959
f 2866/3742/3960 2867/3743/3961 2872/3741/3959
f 2867/3743/3961 2868/3744/3962 2872/3741/3959
f 2868/3744/3962 2869/3745/3963 2872/3741/3959
f 2869/3745/3963 2870/3746/3964 2872/3741/3959
f 2870/3746/3964 2864/3739/3957 2872/3741/3959
s off
f 2873/3747/3965 2874/3748/3966 2881/3749/3967 2880/3750/3968
f 2874/3748/3969 2875/3751/3970 2882/3752/3971 2881/3749/3972
f 2875/3751/3973 2876/3753/3974 2883/3754/3975 2882/3752/3976
f 2876/3753/3977 2877/3755/3978 2884/3756/3979 2883/3754/3980
f 2877/3755/3981 2878/3757/3982 2885/3758/3983 2884/3756/3984
f 2878/3757/3985 2879/3759/3986 2886/3760/3987 2885/3758/3988
f 2879/3759/3989 2873/3761/3990 2880/3762/3991 2886/3760/3992
s 49
f 2874/3763/3993 2873/3764/3994 2887/3765/3995
f 2875/3766/3996 2874/3763/3993 2887/3765/3995
f 2876/3767/3997 2875/3766/3996 2887/3765/3995
f 2877/3768/3998 2876/3767/3997 2887/3765/3995
f 2878/3769/3999 2877/3768/3998 2887/3765/3995
f 2879/3770/4000 2878/3769/3999 2887/3765/3995
f 2873/3764/3994 2879/3770/4000 2887/3765/3995
s 50
f 2880/3771/4001 2881/3772/4002 2888/3773/4003
f 2881/3772/4002 2882/3774/4004 2888/3773/4003
f 2882/3774/4004 2883/3775/4005 2888/3773/4003
f 2883/3775/4005 2884/3776/4006 2888/3773/4003
f 2884/3776/4006 2885/3777/4007 2888/3773/4003
f 2885/3777/4007 2886/3778/4008 2888/3773/4003
f 2886/3778/4008 2880/3771/4001 2888/3773/4003
s off
f 2889/3779/4009 2890/3780/4010 2897/3781/4011 2896/3782/4012
f 2890/3780/4013 2891/3783/4014 2898/3784/4015 2897/3781/4016
f 2891/3783/4017 2892/3785/4018 2899/3786/4019 2898/3784/4020
f 2892/3785/4021 2893/3787/4022 2900/3788/4023 2899/3786/4024
f 2893/3787/4025 2894/3789/4026 2901/3790/4027 2900/3788/4028
f 2894/3789/4029 2895/3791/4030 2902/3792/4031 2901/3790/4032
f 2895/3791/4033 2889/3793/4034 2896/3794/4035 2902/3792/4036
s 51
f 2890/3795/4037 2889/3796/4038 2903/3797/4039
f 2891/3798/4040 2890/3795/4037 2903/3797/4039
f 2892/3799/4041 2891/3798/4040 2903/3797/4039
f 2893/3800/4042 2892/3799/4041 2903/3797/4039
f 2894/3801/4043 2893/3800/4042 2903/3797/4039
f 2895/3802/4044 2894/3801/4043 2903/3797/4039
f 2889/3796/4038 2895/3802/4044 2903/3797/4039
s 52
f 2896/3803/4045 2897/3804/4046 2904/3805/4047
f 2897/3804/4046 2898/3806/4048 2904/3805/4047
f 2898/3806/4048 2899/3807/4049 2904/3805/4047
f 2899/3807/4049 2900/3808/4050 2904/3805/4047
f 2900/3808/4050 2901/3809/4051 2904/3805/4047
f 2901/3809/4051 2902/3810/4052 2904/3805/4047
f 2902/3810/4052 2896/3803/4045 2904/3805/4047
s off
f 2905/3811/4053 2906/3812/4054 2913/3813/4055 2912/3814/4056
f 2906/3812/4057 2907/3815/4058 2914/3816/4059 2913/3813/4060
f 2907/3815/4061 2908/3817/4062 2915/3818/4063 2914/3816/4064
f 2908/3817/4065 2909/3819/4066 2916/3820/4067 2915/3818/4068
f 2909/3819/4069 2910/3821/4070 2917/3822/4071 2916/3820/4072
f 2910/3821/4073 2911/3823/4074 2918/3824/4075 2917/3822/4076
f 2911/3823/4077 2905/3825/4078 2912/3826/4079 2918/3824/4080
s 53
f 2906/3827/4081 2905/3828/4082 2919/3829/4083
f 2907/3830/4084 2906/3827/4081 2919/3829/4083
f 2908/3831/4085 2907/3830/4084 2919/3829/4083
f 2909/3832/4086 2908/3831/4085 2919/3829/4083
f 2910/3833/4087 2909/3832/4086 2919/3829/4083
f 2911/3834/4088 2910/3833/4087 2919/3829/4083
f 2905/3828/4082 2911/3834/4088 2919/3829/4083
s 54
f 2912/3835/4089 2913/3836/4090 2920/3837/4091
f 2913/3836/4090 2914/3838/4092 2920/3837/4091
f 2914/3838/4092 2915/3839/4093 2920/3837/4091
f 2915/3839/4093 2916/3840/4094 2920/3837/4091
f 2916/3840/4094 2917/3841/4095 2920/3837/4091
f 2917/3841/4095 2918/3842/4096 2920/3837/4091
f 2918/3842/4096 2912/3835/4089 2920/3837/4091
s off
f 2921/3843/4097 2922/3844/4098 2929/3845/4099 2928/3846/4100
f 2922/3844/4101 2923/3847/4102 2930/3848/4103 2929/3845/4104
f 2923/3847/4105 2924/3849/4106 2931/3850/4107 2930/3848/4108
f 2924/3849/4109 2925/3851/4110 2932/3852/4111 2931/3850/4112
f 2925/3851/4113 2926/3853/4114 2933/3854/4115 2932/3852/4116
f 2926/3853/4117 2927/3855/4118 2934/3856/4119 2933/3854/4120
f 2927/3855/4121 2921/3857/4122 2928/3858/4123 2934/3856/4124
s 55
f 2922/3859/4125 2921/3860/4126 2935/3861/4127
f 2923/3862/4128 2922/3859/4125 2935/3861/4127
f 2924/3863/4129 2923/3862/4128 2935/3861/4127
f 2925/3864/4130 2924/3863/4129 2935/3861/4127
f 2926/3865/4131 2925/3864/4130 2935/3861/4127
f 2927/3866/4132 2926/3865/4131 2935/3861/4127
f 2921/3860/4126 2927/3866/4132 2935/3861/4127
s 56
f 2928/3867/4133 2929/3868/4134 2936/3869/4135
f 2929/3868/4134 2930/3870/4136 2936/3869/4135
f 2930/3870/4136 2931/3871/4137 2936/3869/4135
f 2931/3871/4137 2932/3872/4138 2936/3869/4135
f 2932/3872/4138 2933/3873/4139 2936/3869/4135
f 2933/3873/4139 2934/3874/4140 2936/3869/4135
f 2934/3874/4140 2928/3867/4133 2936/3869/4135
g default
v 0.921885 -0.218047 -9.548540
v 0.921885 -0.268789 -9.548540
v 1.041593 -0.218047 -9.550209
v 1.041593 -0.268790 -9.550209
v 1.041593 -0.218047 -9.835242
v 1.041593 -0.268790 -9.835242
v 0.905596 -0.218047 -9.833108
v 0.905596 -0.268789 -9.833108
v 1.009343 -0.180451 -9.561395
v 1.009343 -0.168947 -9.589170
v 1.009343 -0.208223 -9.549891
v 1.041593 -0.168947 -9.589488
v 1.041593 -0.180451 -9.561713
v 1.041593 -0.208223 -9.550209
v 1.009343 -0.180451 -9.823421
v 1.009343 -0.208223 -9.834925
v 1.009343 -0.168947 -9.795647
v 1.041593 -0.180451 -9.823738
v 1.041593 -0.168947 -9.795964
v 1.041593 -0.208223 -9.835242
v 1.009343 -0.306386 -9.823421
v 1.009343 -0.317890 -9.795647
v 1.009343 -0.278614 -9.834925
v 1.041593 -0.317890 -9.795964
v 1.041593 -0.306386 -9.823738
v 1.041593 -0.278614 -9.835242
v 1.009343 -0.306386 -9.561395
v 1.009343 -0.278614 -9.549891
v 1.009343 -0.317890 -9.589170
v 1.041593 -0.306386 -9.561713
v 1.041593 -0.317890 -9.589488
v 1.041593 -0.278614 -9.550209
v 1.009343 -0.218047 -9.855357
v 1.009343 -0.268790 -9.855357
v 0.905596 -0.268789 -9.853540
v 0.905596 -0.218047 -9.853540
v 0.921885 -0.218047 -9.503142
v 0.921885 -0.268789 -9.503142
v 1.009343 -0.268790 -9.504493
v 1.009343 -0.218047 -9.504493
v 1.009343 -0.218047 -9.542978
v 1.016255 -0.218047 -9.549959
v 1.009343 -0.213136 -9.549891
v 1.004432 -0.218047 -9.549847
v 1.009343 -0.268790 -9.542978
v 1.004432 -0.268789 -9.549847
v 1.009343 -0.273701 -9.549891
v 1.016255 -0.268789 -9.549959
v 1.009343 -0.210896 -9.834925
v 1.019506 -0.218047 -9.835025
v 1.009343 -0.218047 -9.845088
v 1.002192 -0.218047 -9.834847
v 1.009343 -0.268790 -9.845088
v 1.019506 -0.268789 -9.835025
v 1.009343 -0.275941 -9.834925
v 1.002192 -0.268790 -9.834847
v 1.004834 -0.218047 -9.504453
v 1.004834 -0.268789 -9.504453
v 1.001972 -0.268789 -9.855277
v 1.001972 -0.218047 -9.855277
v 1.009343 -0.218047 -9.589170
v 0.919559 -0.218047 -9.589170
v 0.919559 -0.268789 -9.589170
v 1.004123 -0.268789 -9.589170
v 1.009343 -0.268790 -9.591161
v 1.009343 -0.268790 -9.560604
v 1.004347 -0.268789 -9.560565
v 0.921263 -0.268789 -9.559403
v 0.921263 -0.218047 -9.559403
v 1.009343 -0.218047 -9.559402
v 1.004123 -0.218047 -9.589170
v 1.004357 -0.218047 -9.559402
v 1.009343 -0.218047 -9.824210
v 1.002276 -0.218047 -9.824156
v 0.906181 -0.218047 -9.822891
v 0.906181 -0.268789 -9.822891
v 1.002276 -0.268789 -9.824156
v 1.009343 -0.268790 -9.824210
v 1.009343 -0.268790 -9.795647
v 1.002500 -0.268789 -9.795647
v 0.907740 -0.268789 -9.795647
v 0.907741 -0.218047 -9.795647
v 1.002500 -0.218047 -9.795647
v 1.009343 -0.218047 -9.795647
v 1.041593 -0.218047 -9.795964
v 1.041593 -0.268790 -9.795964
v 1.041593 -0.218047 -9.589488
v 1.041593 -0.268790 -9.589488
v 1.041593 -0.208223 -9.589488
v 1.041593 -0.208223 -9.795964
v 1.041593 -0.278614 -9.795964
v 1.041593 -0.278614 -9.589488
v 0.372162 -0.231827 -8.701746
v 0.372162 -0.255010 -8.701746
v 0.999692 -0.231827 -9.870296
v 0.999692 -0.255010 -9.870296
v 0.208778 -0.231827 -9.870296
v 0.208778 -0.255010 -9.870296
v 1.017145 -0.231827 -9.032384
v 0.698079 -0.231827 -8.704170
v 0.821927 -0.231827 -8.729980
v 0.926232 -0.231827 -8.801570
v 0.994845 -0.231827 -8.907856
v 1.017145 -0.255010 -9.032384
v 0.994845 -0.255010 -8.907856
v 0.926232 -0.255010 -8.801570
v 0.821927 -0.255010 -8.729980
v 0.698079 -0.255010 -8.704170
v 0.604235 -0.255010 -9.870296
v 0.604235 -0.231827 -9.870296
v 0.727562 -0.231827 -9.870296
v 0.727562 -0.255010 -9.870296
v 0.844268 -0.255010 -9.870296
v 0.844268 -0.231827 -9.870296
v 0.903429 -0.231827 -9.016484
v 0.793873 -0.231827 -9.001166
v 0.675510 -0.231827 -8.984617
v 0.339187 -0.231827 -8.937593
v 0.339187 -0.255010 -8.937593
v 0.675510 -0.255010 -8.984617
v 0.793873 -0.255010 -9.001166
v 0.903429 -0.255010 -9.016484
v 0.916122 -0.255010 -8.896850
v 0.806254 -0.255010 -8.881488
v 0.685172 -0.255010 -8.864558
v 0.355836 -0.255010 -8.818511
v 0.355836 -0.231827 -8.818511
v 0.685172 -0.231827 -8.864558
v 0.806254 -0.231827 -8.881488
v 0.916122 -0.231827 -8.896849
v 0.399059 -0.188979 -9.061251
v 0.399059 -0.297858 -9.061251
v 0.599433 -0.188979 -9.164295
v 0.599433 -0.297858 -9.164295
v 0.488243 -0.188979 -9.879283
v 0.488243 -0.297858 -9.879283
v 0.235211 -0.188979 -9.879283
v 0.235211 -0.297858 -9.879283
v -0.054440 0.155640 -9.061251
v 0.054440 0.155640 -9.061251
v -0.054440 0.356015 -9.164295
v 0.054440 0.356015 -9.164295
v -0.054440 0.244825 -9.879283
v 0.054440 0.244825 -9.879283
v -0.054440 -0.008207 -9.879283
v 0.054440 -0.008207 -9.879283
v -0.011591 0.128744 -8.701746
v 0.011591 0.128744 -8.701746
v -0.011591 0.756274 -9.870296
v 0.011591 0.756274 -9.870296
v -0.011591 -0.034640 -9.870296
v 0.011591 -0.034640 -9.870296
v -0.011591 0.773726 -9.032384
v -0.011591 0.454661 -8.704170
v -0.011591 0.578509 -8.729980
v -0.011591 0.682813 -8.801570
v -0.011591 0.751427 -8.907856
v 0.011591 0.773726 -9.032384
v 0.011591 0.751427 -8.907856
v 0.011591 0.682813 -8.801570
v 0.011591 0.578509 -8.729980
v 0.011591 0.454661 -8.704170
v 0.011591 0.360817 -9.870296
v -0.011591 0.360817 -9.870296
v -0.011591 0.484143 -9.870296
v 0.011591 0.484143 -9.870296
v 0.011591 0.600850 -9.870296
v -0.011591 0.600850 -9.870296
v -0.011591 0.660010 -9.016484
v -0.011591 0.550455 -9.001166
v -0.011591 0.432092 -8.984617
v -0.011591 0.095768 -8.937593
v 0.011591 0.095768 -8.937593
v 0.011591 0.432092 -8.984617
v 0.011591 0.550455 -9.001166
v 0.011591 0.660010 -9.016484
v 0.011591 0.672704 -8.896850
v 0.011591 0.562836 -8.881488
v 0.011591 0.441753 -8.864558
v 0.011591 0.112418 -8.818511
v -0.011591 0.112418 -8.818511
v -0.011591 0.441754 -8.864558
v -0.011591 0.562836 -8.881488
v -0.011591 0.672704 -8.896849
v -0.025371 0.678466 -9.548540
v 0.025371 0.678466 -9.548540
v -0.025371 0.798175 -9.550209
v 0.025371 0.798175 -9.550209
v -0.025371 0.798175 -9.835242
v 0.025371 0.798175 -9.835242
v -0.025371 0.662178 -9.833108
v 0.025371 0.662178 -9.833108
v -0.062968 0.765925 -9.561395
v -0.074472 0.765925 -9.589170
v -0.035195 0.765925 -9.549891
v -0.074472 0.798175 -9.589488
v -0.062968 0.798175 -9.561713
v -0.035195 0.798175 -9.550209
v -0.062968 0.765925 -9.823421
v -0.035195 0.765925 -9.834925
v -0.074472 0.765925 -9.795647
v -0.062968 0.798175 -9.823738
v -0.074472 0.798175 -9.795964
v -0.035195 0.798175 -9.835242
v 0.062968 0.765925 -9.823421
v 0.074472 0.765925 -9.795647
v 0.035195 0.765925 -9.834925
v 0.074472 0.798175 -9.795964
v 0.062968 0.798175 -9.823738
v 0.035195 0.798175 -9.835242
v 0.062968 0.765925 -9.561395
v 0.035195 0.765925 -9.549891
v 0.074472 0.765925 -9.589170
v 0.062968 0.798175 -9.561713
v 0.074472 0.798175 -9.589488
v 0.035195 0.798175 -9.550209
v -0.025371 0.765925 -9.855357
v 0.025371 0.765925 -9.855357
v 0.025371 0.662178 -9.853540
v -0.025371 0.662178 -9.853540
v -0.025371 0.678466 -9.503142
v 0.025371 0.678466 -9.503142
v 0.025371 0.765925 -9.504493
v -0.025371 0.765925 -9.504493
v -0.025371 0.765925 -9.542978
v -0.025371 0.772836 -9.549959
v -0.030283 0.765925 -9.549891
v -0.025371 0.761013 -9.549847
v 0.025371 0.765925 -9.542978
v 0.025371 0.761013 -9.549847
v 0.030283 0.765925 -9.549891
v 0.025371 0.772836 -9.549959
v -0.032522 0.765925 -9.834925
v -0.025371 0.776088 -9.835025
v -0.025371 0.765925 -9.845088
v -0.025371 0.758774 -9.834847
v 0.025371 0.765925 -9.845088
v 0.025371 0.776088 -9.835025
v 0.032522 0.765925 -9.834925
v 0.025371 0.758774 -9.834847
v -0.025371 0.761416 -9.504453
v 0.025371 0.761416 -9.504453
v 0.025371 0.758554 -9.855277
v -0.025371 0.758554 -9.855277
v -0.025371 0.765925 -9.589170
v -0.025371 0.676141 -9.589170
v 0.025371 0.676141 -9.589170
v 0.025371 0.760704 -9.589170
v 0.025371 0.765925 -9.591161
v 0.025371 0.765925 -9.560604
v 0.025371 0.760929 -9.560565
v 0.025371 0.677845 -9.559403
v -0.025371 0.677845 -9.559403
v -0.025371 0.765925 -9.559402
v -0.025371 0.760704 -9.589170
v -0.025371 0.760938 -9.559402
v -0.025371 0.765925 -9.824210
v -0.025371 0.758858 -9.824156
v -0.025371 0.662763 -9.822891
v 0.025371 0.662763 -9.822891
v 0.025371 0.758858 -9.824156
v 0.025371 0.765925 -9.824210
v 0.025371 0.765925 -9.795647
v 0.025371 0.759082 -9.795647
v 0.025371 0.664322 -9.795647
v -0.025371 0.664322 -9.795647
v -0.025371 0.759082 -9.795647
v -0.025371 0.765925 -9.795647
v -0.025371 0.798175 -9.795964
v 0.025371 0.798175 -9.795964
v -0.025371 0.798175 -9.589488
v 0.025371 0.798175 -9.589488
v -0.035195 0.798175 -9.589488
v -0.035195 0.798175 -9.795964
v 0.035195 0.798175 -9.795964
v 0.035195 0.798175 -9.589488
v -0.921885 -0.268789 -9.548540
v -0.921885 -0.218047 -9.548540
v -1.041594 -0.268789 -9.550209
v -1.041594 -0.218047 -9.550209
v -1.041594 -0.268789 -9.835242
v -1.041594 -0.218047 -9.835242
v -0.905596 -0.268789 -9.833108
v -0.905596 -0.218047 -9.833108
v -1.009343 -0.306386 -9.561395
v -1.009343 -0.317890 -9.589170
v -1.009343 -0.278613 -9.549891
v -1.041594 -0.317890 -9.589488
v -1.041594 -0.306386 -9.561713
v -1.041594 -0.278613 -9.550209
v -1.009343 -0.306386 -9.823421
v -1.009343 -0.278613 -9.834925
v -1.009343 -0.317890 -9.795647
v -1.041594 -0.306386 -9.823738
v -1.041594 -0.317890 -9.795964
v -1.041594 -0.278613 -9.835242
v -1.009343 -0.180450 -9.823421
v -1.009343 -0.168947 -9.795647
v -1.009343 -0.208223 -9.834925
v -1.041594 -0.168947 -9.795964
v -1.041594 -0.180450 -9.823738
v -1.041594 -0.208223 -9.835242
v -1.009343 -0.180450 -9.561395
v -1.009343 -0.208223 -9.549891
v -1.009343 -0.168947 -9.589170
v -1.041594 -0.180450 -9.561713
v -1.041594 -0.168947 -9.589488
v -1.041594 -0.208223 -9.550209
v -1.009343 -0.268789 -9.855357
v -1.009343 -0.218047 -9.855357
v -0.905596 -0.218047 -9.853540
v -0.905596 -0.268789 -9.853540
v -0.921885 -0.268789 -9.503142
v -0.921885 -0.218047 -9.503142
v -1.009343 -0.218047 -9.504493
v -1.009343 -0.268789 -9.504493
v -1.009343 -0.268789 -9.542978
v -1.016255 -0.268789 -9.549959
v -1.009343 -0.273701 -9.549891
v -1.004432 -0.268789 -9.549847
v -1.009343 -0.218047 -9.542978
v -1.004432 -0.218047 -9.549847
v -1.009343 -0.213136 -9.549891
v -1.016255 -0.218047 -9.549959
v -1.009343 -0.275941 -9.834925
v -1.019506 -0.268789 -9.835025
v -1.009343 -0.268789 -9.845088
v -1.002192 -0.268789 -9.834847
v -1.009343 -0.218047 -9.845088
v -1.019506 -0.218047 -9.835025
v -1.009343 -0.210896 -9.834925
v -1.002192 -0.218047 -9.834847
v -1.004834 -0.268789 -9.504453
v -1.004834 -0.218047 -9.504453
v -1.001972 -0.218047 -9.855277
v -1.001972 -0.268789 -9.855277
v -1.009343 -0.268789 -9.589170
v -0.919559 -0.268789 -9.589170
v -0.919559 -0.218047 -9.589170
v -1.004123 -0.218047 -9.589170
v -1.009343 -0.218047 -9.591161
v -1.009343 -0.218047 -9.560604
v -1.004347 -0.218047 -9.560565
v -0.921263 -0.218047 -9.559403
v -0.921263 -0.268789 -9.559403
v -1.009343 -0.268789 -9.559402
v -1.004123 -0.268789 -9.589170
v -1.004357 -0.268789 -9.559402
v -1.009343 -0.268789 -9.824210
v -1.002276 -0.268789 -9.824156
v -0.906181 -0.268789 -9.822891
v -0.906181 -0.218047 -9.822891
v -1.002276 -0.218047 -9.824156
v -1.009343 -0.218047 -9.824210
v -1.009343 -0.218047 -9.795647
v -1.002500 -0.218047 -9.795647
v -0.907741 -0.218047 -9.795647
v -0.907741 -0.268789 -9.795647
v -1.002500 -0.268789 -9.795647
v -1.009343 -0.268789 -9.795647
v -1.041594 -0.268789 -9.795964
v -1.041594 -0.218047 -9.795964
v -1.041594 -0.268789 -9.589488
v -1.041594 -0.218047 -9.589488
v -1.041594 -0.278613 -9.589488
v -1.041594 -0.278613 -9.795964
v -1.041594 -0.208223 -9.795964
v -1.041594 -0.208223 -9.589488
v -0.372162 -0.255010 -8.701746
v -0.372162 -0.231827 -8.701746
v -0.999692 -0.255010 -9.870296
v -0.999692 -0.231827 -9.870296
v -0.208778 -0.255010 -9.870296
v -0.208778 -0.231827 -9.870296
v -1.017145 -0.255010 -9.032384
v -0.698079 -0.255010 -8.704170
v -0.821927 -0.255010 -8.729980
v -0.926232 -0.255010 -8.801570
v -0.994845 -0.255010 -8.907856
v -1.017145 -0.231827 -9.032384
v -0.994845 -0.231827 -8.907856
v -0.926232 -0.231827 -8.801570
v -0.821927 -0.231827 -8.729980
v -0.698079 -0.231827 -8.704170
v -0.604235 -0.231827 -9.870296
v -0.604235 -0.255010 -9.870296
v -0.727562 -0.255010 -9.870296
v -0.727562 -0.231827 -9.870296
v -0.844268 -0.231827 -9.870296
v -0.844268 -0.255010 -9.870296
v -0.903429 -0.255010 -9.016484
v -0.793873 -0.255010 -9.001166
v -0.675510 -0.255010 -8.984617
v -0.339187 -0.255010 -8.937593
v -0.339187 -0.231827 -8.937593
v -0.675510 -0.231827 -8.984617
v -0.793873 -0.231827 -9.001166
v -0.903429 -0.231827 -9.016484
v -0.916122 -0.231827 -8.896850
v -0.806254 -0.231827 -8.881488
v -0.685172 -0.231827 -8.864558
v -0.355837 -0.231827 -8.818511
v -0.355837 -0.255010 -8.818511
v -0.685172 -0.255010 -8.864558
v -0.806254 -0.255010 -8.881488
v -0.916122 -0.255010 -8.896849
v -0.399059 -0.297858 -9.061251
v -0.399059 -0.188979 -9.061251
v -0.599433 -0.297858 -9.164295
v -0.599433 -0.188979 -9.164295
v -0.488243 -0.297858 -9.879283
v -0.488243 -0.188979 -9.879283
v -0.235211 -0.297858 -9.879283
v -0.235211 -0.188979 -9.879283
v 0.025371 -1.165303 -9.548540
v -0.025371 -1.165303 -9.548540
v 0.025371 -1.285012 -9.550209
v -0.025371 -1.285012 -9.550209
v 0.025371 -1.285012 -9.835242
v -0.025371 -1.285012 -9.835242
v 0.025371 -1.149015 -9.833108
v -0.025371 -1.149015 -9.833108
v 0.062968 -1.252761 -9.561395
v 0.074472 -1.252761 -9.589170
v 0.035195 -1.252761 -9.549891
v 0.074472 -1.285012 -9.589488
v 0.062968 -1.285012 -9.561713
v 0.035195 -1.285012 -9.550209
v 0.062968 -1.252761 -9.823421
v 0.035195 -1.252761 -9.834925
v 0.074472 -1.252761 -9.795647
v 0.062968 -1.285012 -9.823738
v 0.074472 -1.285012 -9.795964
v 0.035195 -1.285012 -9.835242
v -0.062968 -1.252761 -9.823421
v -0.074472 -1.252761 -9.795647
v -0.035195 -1.252761 -9.834925
v -0.074472 -1.285012 -9.795964
v -0.062968 -1.285012 -9.823738
v -0.035195 -1.285012 -9.835242
v -0.062968 -1.252761 -9.561395
v -0.035195 -1.252761 -9.549891
v -0.074472 -1.252761 -9.589170
v -0.062968 -1.285012 -9.561713
v -0.074472 -1.285012 -9.589488
v -0.035195 -1.285012 -9.550209
v 0.025371 -1.252761 -9.855357
v -0.025371 -1.252761 -9.855357
v -0.025371 -1.149015 -9.853540
v 0.025371 -1.149015 -9.853540
v 0.025371 -1.165303 -9.503142
v -0.025371 -1.165303 -9.503142
v -0.025371 -1.252761 -9.504493
v 0.025371 -1.252761 -9.504493
v 0.025371 -1.252761 -9.542978
v 0.025371 -1.259673 -9.549959
v 0.030282 -1.252761 -9.549891
v 0.025371 -1.247850 -9.549847
v -0.025371 -1.252761 -9.542978
v -0.025371 -1.247850 -9.549847
v -0.030283 -1.252761 -9.549891
v -0.025371 -1.259673 -9.549959
v 0.032522 -1.252761 -9.834925
v 0.025371 -1.262924 -9.835025
v 0.025371 -1.252761 -9.845088
v 0.025371 -1.245611 -9.834847
v -0.025371 -1.252761 -9.845088
v -0.025371 -1.262924 -9.835025
v -0.032522 -1.252761 -9.834925
v -0.025371 -1.245611 -9.834847
v 0.025371 -1.248253 -9.504453
v -0.025371 -1.248253 -9.504453
v -0.025371 -1.245390 -9.855277
v 0.025371 -1.245390 -9.855277
v 0.025371 -1.252761 -9.589170
v 0.025371 -1.162978 -9.589170
v -0.025371 -1.162978 -9.589170
v -0.025371 -1.247541 -9.589170
v -0.025371 -1.252761 -9.591161
v -0.025371 -1.252761 -9.560604
v -0.025371 -1.247766 -9.560565
v -0.025371 -1.164681 -9.559403
v 0.025371 -1.164681 -9.559403
v 0.025371 -1.252761 -9.559402
v 0.025371 -1.247541 -9.589170
v 0.025371 -1.247775 -9.559402
v 0.025371 -1.252761 -9.824210
v 0.025371 -1.245695 -9.824156
v 0.025371 -1.149600 -9.822891
v -0.025371 -1.149600 -9.822891
v -0.025371 -1.245695 -9.824156
v -0.025371 -1.252761 -9.824210
v -0.025371 -1.252761 -9.795647
v -0.025371 -1.245919 -9.795647
v -0.025371 -1.151159 -9.795647
v 0.025371 -1.151159 -9.795647
v 0.025371 -1.245919 -9.795647
v 0.025371 -1.252761 -9.795647
v 0.025371 -1.285012 -9.795964
v -0.025371 -1.285012 -9.795964
v 0.025371 -1.285012 -9.589488
v -0.025371 -1.285012 -9.589488
v 0.035195 -1.285012 -9.589488
v 0.035195 -1.285012 -9.795964
v -0.035195 -1.285012 -9.795964
v -0.035195 -1.285012 -9.589488
v 0.011591 -0.615581 -8.701746
v -0.011592 -0.615581 -8.701746
v 0.011591 -1.243110 -9.870296
v -0.011592 -1.243110 -9.870296
v 0.011591 -0.452197 -9.870296
v -0.011592 -0.452197 -9.870296
v 0.011591 -1.260563 -9.032384
v 0.011591 -0.941497 -8.704170
v 0.011591 -1.065345 -8.729980
v 0.011591 -1.169650 -8.801570
v 0.011591 -1.238263 -8.907856
v -0.011592 -1.260563 -9.032384
v -0.011592 -1.238263 -8.907856
v -0.011592 -1.169650 -8.801570
v -0.011592 -1.065345 -8.729980
v -0.011592 -0.941497 -8.704170
v -0.011592 -0.847654 -9.870296
v 0.011591 -0.847654 -9.870296
v 0.011591 -0.970980 -9.870296
v -0.011592 -0.970980 -9.870296
v -0.011592 -1.087686 -9.870296
v 0.011591 -1.087686 -9.870296
v 0.011591 -1.146847 -9.016484
v 0.011591 -1.037292 -9.001166
v 0.011591 -0.918928 -8.984617
v 0.011591 -0.582605 -8.937593
v -0.011592 -0.582605 -8.937593
v -0.011592 -0.918928 -8.984617
v -0.011592 -1.037292 -9.001166
v -0.011592 -1.146847 -9.016484
v -0.011592 -1.159541 -8.896850
v -0.011592 -1.049672 -8.881488
v -0.011592 -0.928590 -8.864558
v -0.011592 -0.599255 -8.818511
v 0.011591 -0.599255 -8.818511
v 0.011591 -0.928590 -8.864558
v 0.011591 -1.049672 -8.881488
v 0.011591 -1.159541 -8.896849
v 0.054440 -0.642477 -9.061251
v -0.054440 -0.642477 -9.061251
v 0.054440 -0.842852 -9.164295
v -0.054440 -0.842852 -9.164295
v 0.054440 -0.731661 -9.879283
v -0.054440 -0.731661 -9.879283
v 0.054440 -0.478630 -9.879283
v -0.054440 -0.478630 -9.879283
vt 0.294510 0.621006
vt 0.298715 0.621006
vt 0.298715 0.621380
vt 0.294510 0.621379
vt 0.254948 0.634524
vt 0.259152 0.634524
vt 0.259152 0.637779
vt 0.254947 0.637778
vt 0.910801 0.555239
vt 0.915006 0.555239
vt 0.915006 0.555850
vt 0.910801 0.555850
vt 0.992613 0.487924
vt 0.996817 0.487923
vt 0.996818 0.490394
vt 0.992613 0.490394
vt 0.520937 0.700134
vt 0.520523 0.700132
vt 0.520539 0.697761
vt 0.520974 0.697603
vt 0.008289 0.772491
vt 0.007856 0.772498
vt 0.007838 0.770031
vt 0.008251 0.770025
vt 0.002672 0.685557
vt 0.000000 0.685530
vt 0.000000 0.668421
vt 0.002672 0.668448
vt 0.550843 0.565248
vt 0.550844 0.561043
vt 0.552674 0.561043
vt 0.552674 0.565248
vt 0.073573 0.671614
vt 0.070901 0.671641
vt 0.070901 0.654532
vt 0.073573 0.654505
vt 0.497447 0.581680
vt 0.497447 0.577476
vt 0.499546 0.577476
vt 0.499546 0.581680
vt 0.553516 0.565840
vt 0.553516 0.566062
vt 0.550843 0.566062
vt 0.496874 0.577069
vt 0.496874 0.576662
vt 0.499546 0.576662
vt 0.496906 0.587476
vt 0.496884 0.584985
vt 0.499556 0.584985
vt 0.499579 0.587476
vt 0.496874 0.582494
vt 0.499547 0.582494
vt 0.553525 0.568553
vt 0.550853 0.568552
vt 0.553548 0.571043
vt 0.550875 0.571043
vt 0.553549 0.555247
vt 0.553526 0.557738
vt 0.550853 0.557738
vt 0.550876 0.555247
vt 0.553516 0.560229
vt 0.550844 0.560229
vt 0.496883 0.574171
vt 0.499556 0.574171
vt 0.496906 0.571680
vt 0.499578 0.571680
vt 0.854986 0.550816
vt 0.854959 0.546747
vt 0.857426 0.546731
vt 0.857281 0.549847
vt 0.251832 0.636825
vt 0.250879 0.634523
vt 0.254134 0.634524
vt 0.254133 0.637778
vt 0.955450 0.567687
vt 0.955496 0.570803
vt 0.952964 0.570787
vt 0.953155 0.566719
vt 0.259966 0.637779
vt 0.259966 0.634524
vt 0.263221 0.634524
vt 0.262267 0.636826
vt 0.666560 0.550567
vt 0.666560 0.546363
vt 0.667411 0.546363
vt 0.667411 0.550567
vt 0.996814 0.467677
vt 0.992609 0.467678
vt 0.992609 0.465985
vt 0.996813 0.465984
vt 0.008013 0.794548
vt 0.008005 0.792855
vt 0.008611 0.793694
vt 0.008624 0.794545
vt 0.992613 0.491296
vt 0.996818 0.491295
vt 0.996818 0.495057
vt 0.992614 0.495058
vt 0.520497 0.704781
vt 0.520517 0.701020
vt 0.520916 0.701595
vt 0.520870 0.704783
vt 0.963075 0.546104
vt 0.963075 0.550309
vt 0.959886 0.550309
vt 0.959886 0.546104
vt 0.008231 0.768664
vt 0.007833 0.769240
vt 0.007809 0.765478
vt 0.008182 0.765476
vt 0.496874 0.582087
vt 0.963888 0.550309
vt 0.963888 0.546104
vt 0.496678 0.581412
vt 0.496305 0.582004
vt 0.496678 0.577743
vt 0.496304 0.577152
vt 0.521276 0.676564
vt 0.520671 0.677404
vt 0.520678 0.675711
vt 0.521288 0.675713
vt 0.553516 0.560451
vt 0.665375 0.550567
vt 0.665375 0.546363
vt 0.553789 0.564847
vt 0.554345 0.565720
vt 0.553789 0.561443
vt 0.554345 0.560571
vt 0.000992 0.769235
vt 0.000935 0.765474
vt 0.294511 0.614132
vt 0.298716 0.614132
vt 0.513677 0.701030
vt 0.513623 0.704791
vt 0.513638 0.700129
vt 0.513532 0.697661
vt 0.512666 0.677433
vt 0.512690 0.675740
vt 0.915005 0.563837
vt 0.910801 0.563837
vt 0.000000 0.792832
vt 0.000026 0.794525
vt 0.835570 0.549992
vt 0.835484 0.546878
vt 0.837851 0.546862
vt 0.837878 0.550930
vt 0.008584 0.791965
vt 0.007999 0.791969
vt 0.007982 0.789607
vt 0.008548 0.789598
vt 0.992609 0.468526
vt 0.996814 0.468525
vt 0.996814 0.470786
vt 0.992610 0.470787
vt 0.520650 0.680652
vt 0.512799 0.680539
vt 0.512702 0.678280
vt 0.520666 0.678290
vt 0.521217 0.680660
vt 0.521251 0.678294
vt 0.936047 0.566610
vt 0.936021 0.570678
vt 0.933654 0.570663
vt 0.933739 0.567548
vt 0.956389 0.569995
vt 0.956386 0.570402
vt 0.956461 0.570972
vt 0.955603 0.571203
vt 0.857542 0.546334
vt 0.858300 0.546563
vt 0.858216 0.547132
vt 0.858219 0.547539
vt 0.000131 0.789726
vt 0.000036 0.791985
vt 0.000850 0.772604
vt 0.000954 0.770136
vt 0.834602 0.547698
vt 0.834600 0.547476
vt 0.834446 0.546652
vt 0.835272 0.546332
vt 0.932770 0.570065
vt 0.933442 0.571209
vt 0.932616 0.570889
vt 0.932771 0.569843
vt 0.254135 0.617415
vt 0.250881 0.617414
vt 0.254949 0.617415
vt 0.259154 0.617415
vt 0.259968 0.617415
vt 0.263222 0.617415
vt 0.251834 0.615113
vt 0.254135 0.614160
vt 0.254949 0.614160
vt 0.259154 0.614160
vt 0.259968 0.614160
vt 0.262269 0.615114
vt 0.998063 0.203918
vt 0.999984 0.203918
vt 0.999986 0.230924
vt 0.998065 0.230924
vt 0.998068 0.272855
vt 0.999989 0.272854
vt 0.999994 0.342299
vt 0.998073 0.342299
vt 0.998075 0.364848
vt 0.999996 0.364848
vt 0.999997 0.375067
vt 0.998076 0.375067
vt 0.166988 0.893731
vt 0.166988 0.895652
vt 0.157025 0.895652
vt 0.157025 0.893732
vt 0.998067 0.262372
vt 0.999988 0.262372
vt 0.998066 0.251889
vt 0.999987 0.251889
vt 0.998066 0.241407
vt 0.999987 0.241407
vt 0.964898 0.772461
vt 0.974958 0.773656
vt 0.974138 0.783591
vt 0.964304 0.782424
vt 0.472628 0.817190
vt 0.471437 0.807130
vt 0.481399 0.806539
vt 0.482564 0.816373
vt 0.468197 0.779766
vt 0.478091 0.778595
vt 1.000000 0.407835
vt 0.998079 0.407835
vt 0.937536 0.769213
vt 0.936361 0.779107
vt 0.992688 0.785793
vt 0.983240 0.784672
vt 0.984086 0.774739
vt 0.990627 0.775516
vt 0.999995 0.355178
vt 0.998075 0.355178
vt 0.474483 0.832859
vt 0.473709 0.826318
vt 0.483642 0.825476
vt 0.484760 0.834924
vt 0.992684 0.855239
vt 0.979808 0.855506
vt 0.970140 0.855707
vt 0.959923 0.855919
vt 0.927162 0.856599
vt 0.245024 0.893728
vt 0.245024 0.895649
vt 0.555586 0.769420
vt 0.554896 0.802180
vt 0.554680 0.812397
vt 0.554477 0.822065
vt 0.554205 0.834941
vt 0.465798 0.826989
vt 0.460049 0.818224
vt 0.458127 0.807919
vt 0.458495 0.780915
vt 0.147255 0.895653
vt 0.147255 0.893732
vt 0.965691 0.759152
vt 0.938687 0.759512
vt 0.975996 0.761077
vt 0.984760 0.766829
vt 0.463582 0.939343
vt 0.463581 0.930321
vt 0.482251 0.930319
vt 0.482252 0.939341
vt 0.542208 0.930315
vt 0.542208 0.939337
vt 0.563174 0.930313
vt 0.563175 0.939335
vt 0.074583 0.698763
vt 0.074583 0.707785
vt 0.005454 0.707786
vt 0.005454 0.698764
vt 0.476364 0.912602
vt 0.545428 0.909597
vt 0.545432 0.960054
vt 0.476368 0.957060
vt 0.130894 0.928177
vt 0.130893 0.919155
vt 0.149564 0.919153
vt 0.149564 0.928175
vt 0.209520 0.919149
vt 0.209521 0.928171
vt 0.230486 0.919147
vt 0.230487 0.928169
vt 0.609065 0.546225
vt 0.609065 0.555246
vt 0.539936 0.555247
vt 0.539936 0.546226
vt 0.143677 0.901436
vt 0.212740 0.898431
vt 0.212744 0.948888
vt 0.143680 0.945894
vt 0.992609 0.000000
vt 0.994530 0.000000
vt 0.994532 0.027007
vt 0.992611 0.027007
vt 0.992615 0.068938
vt 0.994536 0.068937
vt 0.994542 0.138383
vt 0.992621 0.138383
vt 0.992623 0.160932
vt 0.994544 0.160932
vt 0.994545 0.171151
vt 0.992624 0.171151
vt 0.516037 0.836864
vt 0.516037 0.838785
vt 0.506074 0.838785
vt 0.506074 0.836865
vt 0.992614 0.058455
vt 0.994535 0.058455
vt 0.992613 0.047972
vt 0.994534 0.047972
vt 0.992612 0.037490
vt 0.994533 0.037489
vt 0.354062 0.814715
vt 0.364121 0.815909
vt 0.363302 0.825845
vt 0.353468 0.824677
vt 0.063586 0.813259
vt 0.062395 0.803199
vt 0.072357 0.802608
vt 0.073522 0.812442
vt 0.059155 0.775835
vt 0.069049 0.774664
vt 0.994547 0.203919
vt 0.992626 0.203919
vt 0.326699 0.811466
vt 0.325525 0.821360
vt 0.381852 0.828047
vt 0.372404 0.826925
vt 0.373250 0.816992
vt 0.379790 0.817769
vt 0.994543 0.151261
vt 0.992622 0.151262
vt 0.065441 0.828928
vt 0.064666 0.822387
vt 0.074599 0.821545
vt 0.075718 0.830993
vt 0.381848 0.897492
vt 0.368972 0.897759
vt 0.359304 0.897960
vt 0.349087 0.898172
vt 0.316326 0.898852
vt 0.594073 0.836860
vt 0.594073 0.838781
vt 0.146544 0.765489
vt 0.145853 0.798249
vt 0.145638 0.808466
vt 0.145434 0.818134
vt 0.145163 0.831010
vt 0.056756 0.823058
vt 0.051007 0.814293
vt 0.049085 0.803988
vt 0.049453 0.776984
vt 0.496305 0.838786
vt 0.496304 0.836865
vt 0.354855 0.801405
vt 0.327851 0.801765
vt 0.365159 0.803331
vt 0.373923 0.809082
vt 0.294510 0.628254
vt 0.298715 0.628255
vt 0.298715 0.628628
vt 0.294510 0.628628
vt 0.991224 0.643435
vt 0.995428 0.643435
vt 0.995428 0.646690
vt 0.991223 0.646689
vt 0.578113 0.555247
vt 0.582318 0.555247
vt 0.582318 0.555858
vt 0.578113 0.555858
vt 0.992613 0.429777
vt 0.996817 0.429776
vt 0.996818 0.432247
vt 0.992613 0.432247
vt 0.542753 0.756866
vt 0.542339 0.756863
vt 0.542354 0.754493
vt 0.542789 0.754334
vt 0.019197 0.777250
vt 0.018764 0.777256
vt 0.018746 0.774790
vt 0.019159 0.774784
vt 0.248098 0.631296
vt 0.245425 0.631270
vt 0.245425 0.614161
vt 0.248098 0.614187
vt 0.992609 0.534131
vt 0.992609 0.529927
vt 0.994440 0.529927
vt 0.994439 0.534132
vt 0.509885 0.673951
vt 0.507212 0.673978
vt 0.507212 0.656869
vt 0.509885 0.656842
vt 0.546532 0.565248
vt 0.546532 0.561043
vt 0.548631 0.561043
vt 0.548632 0.565248
vt 0.995281 0.534724
vt 0.995281 0.534946
vt 0.992609 0.534945
vt 0.545959 0.560636
vt 0.545959 0.560229
vt 0.548631 0.560229
vt 0.545992 0.571044
vt 0.545969 0.568553
vt 0.548641 0.568553
vt 0.548664 0.571043
vt 0.545959 0.566062
vt 0.548632 0.566062
vt 0.995291 0.537437
vt 0.992618 0.537436
vt 0.995313 0.539927
vt 0.992641 0.539927
vt 0.995314 0.524131
vt 0.995291 0.526622
vt 0.992619 0.526622
vt 0.992642 0.524131
vt 0.995282 0.529113
vt 0.992609 0.529113
vt 0.545968 0.557738
vt 0.548641 0.557738
vt 0.545991 0.555247
vt 0.548663 0.555247
vt 0.876802 0.555253
vt 0.876775 0.551185
vt 0.879241 0.551168
vt 0.879097 0.554284
vt 0.988108 0.645736
vt 0.987155 0.643435
vt 0.990410 0.643435
vt 0.990409 0.646689
vt 0.115551 0.614982
vt 0.115596 0.618097
vt 0.113064 0.618081
vt 0.113256 0.614014
vt 0.996242 0.646690
vt 0.996242 0.643435
vt 0.999497 0.643436
vt 0.998543 0.645737
vt 0.884716 0.554404
vt 0.884716 0.550200
vt 0.885567 0.550200
vt 0.885567 0.554404
vt 0.996814 0.409530
vt 0.992609 0.409531
vt 0.992609 0.407838
vt 0.996813 0.407837
vt 0.018920 0.799306
vt 0.018913 0.797614
vt 0.019518 0.798453
vt 0.019531 0.799304
vt 0.992613 0.433149
vt 0.996818 0.433148
vt 0.996818 0.436910
vt 0.992614 0.436911
vt 0.542312 0.761513
vt 0.542333 0.757751
vt 0.542732 0.758326
vt 0.542686 0.761515
vt 0.832181 0.546349
vt 0.832181 0.550554
vt 0.828992 0.550554
vt 0.828992 0.546349
vt 0.019139 0.773423
vt 0.018740 0.773998
vt 0.018717 0.770237
vt 0.019090 0.770234
vt 0.545959 0.565655
vt 0.832995 0.550554
vt 0.832995 0.546349
vt 0.545763 0.564980
vt 0.545390 0.565572
vt 0.545763 0.561311
vt 0.545390 0.560719
vt 0.543092 0.733296
vt 0.542487 0.734136
vt 0.542493 0.732443
vt 0.543104 0.732445
vt 0.995282 0.529335
vt 0.883531 0.554404
vt 0.883531 0.550200
vt 0.995555 0.533731
vt 0.996111 0.534604
vt 0.995555 0.530327
vt 0.996111 0.529455
vt 0.011900 0.773994
vt 0.011843 0.770232
vt 0.294511 0.621380
vt 0.298716 0.621381
vt 0.535492 0.757761
vt 0.535438 0.761523
vt 0.535454 0.756860
vt 0.535348 0.754392
vt 0.534482 0.734165
vt 0.534506 0.732472
vt 0.582317 0.563845
vt 0.578113 0.563845
vt 0.010908 0.797591
vt 0.010933 0.799284
vt 0.857386 0.554430
vt 0.857299 0.551315
vt 0.859666 0.551299
vt 0.859693 0.555368
vt 0.019492 0.796723
vt 0.018907 0.796728
vt 0.018889 0.794365
vt 0.019456 0.794357
vt 0.992609 0.410379
vt 0.996814 0.410378
vt 0.996814 0.412639
vt 0.992610 0.412640
vt 0.542466 0.737384
vt 0.534615 0.737271
vt 0.534518 0.735012
vt 0.542481 0.735022
vt 0.543033 0.737392
vt 0.543067 0.735026
vt 0.096147 0.613904
vt 0.096121 0.617972
vt 0.093754 0.617957
vt 0.093840 0.614842
vt 0.116489 0.617289
vt 0.116487 0.617696
vt 0.116561 0.618267
vt 0.115704 0.618497
vt 0.879357 0.550772
vt 0.880115 0.551000
vt 0.880032 0.551570
vt 0.880035 0.551977
vt 0.011038 0.794484
vt 0.010943 0.796744
vt 0.011758 0.777363
vt 0.011862 0.774894
vt 0.856417 0.552135
vt 0.856416 0.551914
vt 0.856262 0.551090
vt 0.857087 0.550769
vt 0.092870 0.617359
vt 0.093542 0.618503
vt 0.092716 0.618182
vt 0.092872 0.617137
vt 0.990411 0.626326
vt 0.987156 0.626326
vt 0.991225 0.626326
vt 0.995430 0.626326
vt 0.996243 0.626327
vt 0.999498 0.626327
vt 0.988110 0.624024
vt 0.990411 0.623071
vt 0.991225 0.623071
vt 0.995430 0.623072
vt 0.996244 0.623072
vt 0.998545 0.624025
vt 0.981701 0.569683
vt 0.985906 0.569684
vt 0.985906 0.570057
vt 0.981701 0.570057
vt 0.462196 0.696000
vt 0.466400 0.696001
vt 0.466400 0.699255
vt 0.462196 0.699255
vt 0.965340 0.558786
vt 0.969544 0.558786
vt 0.969544 0.559397
vt 0.965340 0.559397
vt 0.992613 0.516997
vt 0.996817 0.516997
vt 0.996817 0.519467
vt 0.992613 0.519468
vt 0.117349 0.762525
vt 0.116935 0.762523
vt 0.116950 0.760153
vt 0.117385 0.759994
vt 0.390061 0.781728
vt 0.389629 0.781734
vt 0.389611 0.779268
vt 0.390024 0.779261
vt 0.471707 0.665460
vt 0.469035 0.665433
vt 0.469035 0.648325
vt 0.471707 0.648351
vt 0.518120 0.556064
vt 0.518120 0.551860
vt 0.519951 0.551860
vt 0.519950 0.556064
vt 0.973466 0.688154
vt 0.970793 0.688180
vt 0.970793 0.671071
vt 0.973466 0.671045
vt 0.541078 0.565248
vt 0.541078 0.561043
vt 0.543178 0.561043
vt 0.543178 0.565248
vt 0.520792 0.556657
vt 0.520792 0.556878
vt 0.518120 0.556878
vt 0.540505 0.560636
vt 0.540505 0.560229
vt 0.543178 0.560229
vt 0.540538 0.571044
vt 0.540515 0.568553
vt 0.543187 0.568553
vt 0.543210 0.571044
vt 0.540505 0.566062
vt 0.543178 0.566062
vt 0.520802 0.559369
vt 0.518129 0.559369
vt 0.520824 0.561860
vt 0.518152 0.561860
vt 0.520825 0.546064
vt 0.520802 0.548555
vt 0.518130 0.548555
vt 0.518153 0.546064
vt 0.520793 0.551046
vt 0.518120 0.551046
vt 0.540514 0.557738
vt 0.543187 0.557738
vt 0.540537 0.555247
vt 0.543210 0.555247
vt 0.882256 0.550756
vt 0.882229 0.546688
vt 0.884695 0.546671
vt 0.884551 0.549787
vt 0.459080 0.698301
vt 0.458127 0.696000
vt 0.461382 0.696000
vt 0.461381 0.699255
vt 0.906365 0.556304
vt 0.906411 0.559419
vt 0.903879 0.559403
vt 0.904070 0.555336
vt 0.467214 0.699255
vt 0.467214 0.696001
vt 0.470469 0.696001
vt 0.469515 0.698302
vt 0.633837 0.555102
vt 0.633837 0.550898
vt 0.634688 0.550898
vt 0.634688 0.555102
vt 0.996814 0.496751
vt 0.992609 0.496751
vt 0.992609 0.495058
vt 0.996813 0.495058
vt 0.389785 0.803784
vt 0.389778 0.802091
vt 0.390383 0.802931
vt 0.390396 0.803782
vt 0.992613 0.520370
vt 0.996818 0.520369
vt 0.996818 0.524131
vt 0.992614 0.524131
vt 0.116908 0.767172
vt 0.116929 0.763411
vt 0.117328 0.763986
vt 0.117282 0.767174
vt 0.826727 0.546360
vt 0.826727 0.550565
vt 0.823538 0.550565
vt 0.823538 0.546360
vt 0.390003 0.777901
vt 0.389605 0.778476
vt 0.389581 0.774714
vt 0.389955 0.774712
vt 0.540505 0.565655
vt 0.827541 0.550565
vt 0.827541 0.546360
vt 0.540309 0.564980
vt 0.539936 0.565572
vt 0.540309 0.561311
vt 0.539936 0.560720
vt 0.117688 0.738955
vt 0.117083 0.739795
vt 0.117089 0.738102
vt 0.117700 0.738105
vt 0.520793 0.551267
vt 0.632652 0.555102
vt 0.632652 0.550898
vt 0.521066 0.555664
vt 0.521622 0.556537
vt 0.521066 0.552260
vt 0.521622 0.551387
vt 0.382764 0.778471
vt 0.382707 0.774710
vt 0.981702 0.562809
vt 0.985907 0.562810
vt 0.110088 0.763421
vt 0.110034 0.767182
vt 0.110050 0.762520
vt 0.109944 0.760052
vt 0.109078 0.739824
vt 0.109102 0.738131
vt 0.969544 0.567384
vt 0.965339 0.567384
vt 0.381773 0.802069
vt 0.381798 0.803762
vt 0.862840 0.549933
vt 0.862753 0.546818
vt 0.865120 0.546802
vt 0.865147 0.550871
vt 0.390357 0.801201
vt 0.389771 0.801205
vt 0.389754 0.798843
vt 0.390321 0.798835
vt 0.992609 0.497599
vt 0.996814 0.497599
vt 0.996814 0.499860
vt 0.992610 0.499861
vt 0.117062 0.743044
vt 0.109211 0.742931
vt 0.109114 0.740671
vt 0.117077 0.740681
vt 0.117629 0.743052
vt 0.117663 0.740685
vt 0.886962 0.555226
vt 0.886936 0.559295
vt 0.884569 0.559280
vt 0.884654 0.556165
vt 0.907304 0.558611
vt 0.907301 0.559018
vt 0.907376 0.559588
vt 0.906518 0.559819
vt 0.884811 0.546275
vt 0.885569 0.546503
vt 0.885486 0.547073
vt 0.885489 0.547480
vt 0.381903 0.798962
vt 0.381808 0.801221
vt 0.382623 0.781841
vt 0.382726 0.779372
vt 0.861871 0.547638
vt 0.861870 0.547417
vt 0.861715 0.546593
vt 0.862541 0.546272
vt 0.883685 0.558681
vt 0.884357 0.559825
vt 0.883531 0.559505
vt 0.883686 0.558460
vt 0.461383 0.678891
vt 0.458129 0.678891
vt 0.462197 0.678891
vt 0.466402 0.678892
vt 0.467216 0.678892
vt 0.470470 0.678892
vt 0.459082 0.676590
vt 0.461383 0.675637
vt 0.462197 0.675637
vt 0.466402 0.675637
vt 0.467216 0.675637
vt 0.469517 0.676591
vt 0.998063 0.000000
vt 0.999984 0.000000
vt 0.999986 0.027006
vt 0.998065 0.027007
vt 0.998068 0.068937
vt 0.999989 0.068937
vt 0.999995 0.138382
vt 0.998074 0.138382
vt 0.998076 0.160931
vt 0.999997 0.160931
vt 0.999997 0.171150
vt 0.998076 0.171150
vt 0.166988 0.895652
vt 0.166988 0.897573
vt 0.157025 0.897574
vt 0.157025 0.895653
vt 0.998068 0.058455
vt 0.999988 0.058454
vt 0.998067 0.047972
vt 0.999988 0.047972
vt 0.998066 0.037489
vt 0.999987 0.037489
vt 0.424962 0.774479
vt 0.435022 0.775673
vt 0.434202 0.785609
vt 0.424368 0.784441
vt 0.014501 0.753460
vt 0.013309 0.743399
vt 0.023272 0.742809
vt 0.024437 0.752643
vt 0.010070 0.716036
vt 0.019964 0.714865
vt 1.000000 0.203918
vt 0.998079 0.203918
vt 0.397600 0.771231
vt 0.396425 0.781124
vt 0.452753 0.787811
vt 0.443305 0.786689
vt 0.444150 0.776756
vt 0.450691 0.777533
vt 0.999996 0.151261
vt 0.998075 0.151261
vt 0.016356 0.769129
vt 0.015581 0.762588
vt 0.025514 0.761746
vt 0.026633 0.771194
vt 0.452748 0.857256
vt 0.439872 0.857523
vt 0.430204 0.857724
vt 0.419987 0.857936
vt 0.387227 0.858616
vt 0.245024 0.895649
vt 0.245024 0.897570
vt 0.097459 0.705690
vt 0.096768 0.738450
vt 0.096553 0.748667
vt 0.096349 0.758335
vt 0.096078 0.771211
vt 0.007670 0.763259
vt 0.001922 0.754494
vt 0.000000 0.744189
vt 0.000368 0.717185
vt 0.147255 0.897574
vt 0.147255 0.895653
vt 0.425756 0.761169
vt 0.398751 0.761529
vt 0.436060 0.763095
vt 0.444824 0.768846
vt 0.234518 0.921409
vt 0.234518 0.912387
vt 0.253188 0.912385
vt 0.253188 0.921407
vt 0.313144 0.912381
vt 0.313145 0.921402
vt 0.334110 0.912379
vt 0.334111 0.921401
vt 0.958114 0.546217
vt 0.958114 0.555238
vt 0.888985 0.555239
vt 0.888985 0.546218
vt 0.247301 0.894668
vt 0.316364 0.891663
vt 0.316368 0.942119
vt 0.247304 0.939126
vt 0.452673 0.632751
vt 0.456878 0.632751
vt 0.456878 0.633125
vt 0.452673 0.633124
vt 0.991224 0.723419
vt 0.995428 0.723419
vt 0.995428 0.726674
vt 0.991223 0.726674
vt 0.992610 0.539927
vt 0.996814 0.539928
vt 0.996814 0.540539
vt 0.992610 0.540538
vt 0.992613 0.458850
vt 0.996817 0.458850
vt 0.996818 0.461320
vt 0.992613 0.461321
vt 0.106441 0.747518
vt 0.106027 0.747515
vt 0.106043 0.745145
vt 0.106478 0.744986
vt 0.564586 0.789777
vt 0.564153 0.789783
vt 0.564135 0.787317
vt 0.564549 0.787310
vt 0.068119 0.657775
vt 0.065447 0.657749
vt 0.065447 0.640640
vt 0.068119 0.640666
vt 0.512666 0.556060
vt 0.512666 0.551855
vt 0.514497 0.551855
vt 0.514496 0.556060
vt 0.019034 0.696089
vt 0.016362 0.696115
vt 0.016362 0.679007
vt 0.019034 0.678980
vt 0.993751 0.615151
vt 0.993751 0.610947
vt 0.995851 0.610947
vt 0.995851 0.615151
vt 0.515339 0.556653
vt 0.515339 0.556874
vt 0.512666 0.556874
vt 0.993178 0.610540
vt 0.993178 0.610133
vt 0.995851 0.610133
vt 0.993211 0.620947
vt 0.993188 0.618456
vt 0.995860 0.618456
vt 0.995883 0.620947
vt 0.993179 0.615965
vt 0.995851 0.615965
vt 0.515348 0.559365
vt 0.512675 0.559365
vt 0.515370 0.561856
vt 0.512698 0.561856
vt 0.515371 0.546060
vt 0.515348 0.548551
vt 0.512676 0.548550
vt 0.512699 0.546060
vt 0.515339 0.551041
vt 0.512667 0.551041
vt 0.993188 0.607642
vt 0.995860 0.607642
vt 0.993210 0.605151
vt 0.995883 0.605151
vt 0.647738 0.550797
vt 0.647711 0.546728
vt 0.650178 0.546712
vt 0.650033 0.549828
vt 0.988108 0.725720
vt 0.987155 0.723419
vt 0.990410 0.723419
vt 0.990409 0.726674
vt 0.606401 0.556324
vt 0.606447 0.559440
vt 0.603915 0.559423
vt 0.604106 0.555356
vt 0.996242 0.726674
vt 0.996242 0.723419
vt 0.999497 0.723420
vt 0.998543 0.725721
vt 0.993794 0.552730
vt 0.993794 0.548526
vt 0.994645 0.548526
vt 0.994645 0.552730
vt 0.996814 0.438604
vt 0.992609 0.438604
vt 0.992609 0.436911
vt 0.996814 0.436911
vt 0.564310 0.811833
vt 0.564303 0.810140
vt 0.564908 0.810980
vt 0.564921 0.811831
vt 0.992613 0.462222
vt 0.996818 0.462222
vt 0.996818 0.465983
vt 0.992614 0.465984
vt 0.106001 0.752164
vt 0.106021 0.748403
vt 0.106420 0.748978
vt 0.106374 0.752167
vt 0.510401 0.546057
vt 0.510401 0.550262
vt 0.507212 0.550262
vt 0.507212 0.546057
vt 0.564528 0.785950
vt 0.564130 0.786525
vt 0.564106 0.782763
vt 0.564479 0.782761
vt 0.993179 0.615558
vt 0.511215 0.550262
vt 0.511215 0.546057
vt 0.992983 0.614883
vt 0.992609 0.615475
vt 0.992983 0.611215
vt 0.992609 0.610623
vt 0.106780 0.723948
vt 0.106175 0.724787
vt 0.106182 0.723095
vt 0.106792 0.723097
vt 0.515339 0.551263
vt 0.992609 0.552730
vt 0.992609 0.548526
vt 0.515612 0.555660
vt 0.516168 0.556533
vt 0.515612 0.552256
vt 0.516168 0.551383
vt 0.557289 0.786520
vt 0.557232 0.782759
vt 0.452674 0.625876
vt 0.456878 0.625877
vt 0.099181 0.748413
vt 0.099127 0.752174
vt 0.099142 0.747512
vt 0.099036 0.745044
vt 0.098170 0.724817
vt 0.098194 0.723124
vt 0.996813 0.548526
vt 0.992609 0.548525
vt 0.556297 0.810118
vt 0.556323 0.811810
vt 0.628322 0.549974
vt 0.628236 0.546859
vt 0.630603 0.546843
vt 0.630630 0.550911
vt 0.564882 0.809250
vt 0.564296 0.809254
vt 0.564279 0.806892
vt 0.564846 0.806883
vt 0.992609 0.439452
vt 0.996814 0.439452
vt 0.996814 0.441713
vt 0.992610 0.441714
vt 0.106154 0.728036
vt 0.098303 0.727923
vt 0.098206 0.725664
vt 0.106170 0.725673
vt 0.106721 0.728044
vt 0.106755 0.725677
vt 0.586997 0.555247
vt 0.586971 0.559315
vt 0.584605 0.559300
vt 0.584690 0.556185
vt 0.607340 0.558631
vt 0.607337 0.559038
vt 0.607412 0.559609
vt 0.606554 0.559839
vt 0.650294 0.546315
vt 0.651052 0.546544
vt 0.650968 0.547113
vt 0.650971 0.547521
vt 0.556428 0.807011
vt 0.556333 0.809270
vt 0.557147 0.789889
vt 0.557251 0.787421
vt 0.627354 0.547679
vt 0.627352 0.547457
vt 0.627198 0.546634
vt 0.628024 0.546313
vt 0.583721 0.558702
vt 0.584393 0.559846
vt 0.583567 0.559525
vt 0.583722 0.558480
vt 0.990411 0.706310
vt 0.987156 0.706310
vt 0.991225 0.706310
vt 0.995429 0.706311
vt 0.996243 0.706311
vt 0.999498 0.706311
vt 0.988110 0.704009
vt 0.990411 0.703056
vt 0.991225 0.703056
vt 0.995430 0.703056
vt 0.996244 0.703056
vt 0.998545 0.704009
vt 0.992609 0.203919
vt 0.994530 0.203919
vt 0.994532 0.230925
vt 0.992611 0.230926
vt 0.992615 0.272856
vt 0.994535 0.272856
vt 0.994541 0.342301
vt 0.992620 0.342301
vt 0.992622 0.364850
vt 0.994543 0.364850
vt 0.994544 0.375069
vt 0.992623 0.375069
vt 0.510583 0.834943
vt 0.510583 0.836864
vt 0.500620 0.836864
vt 0.500620 0.834944
vt 0.992614 0.262374
vt 0.994535 0.262373
vt 0.992613 0.251891
vt 0.994534 0.251891
vt 0.992612 0.241408
vt 0.994533 0.241408
vt 0.179537 0.806207
vt 0.189597 0.807401
vt 0.188777 0.817337
vt 0.178943 0.816169
vt 0.450812 0.754162
vt 0.449621 0.744102
vt 0.459584 0.743511
vt 0.460748 0.753345
vt 0.446381 0.716739
vt 0.456276 0.715567
vt 0.994547 0.407837
vt 0.992626 0.407837
vt 0.152175 0.802958
vt 0.151000 0.812852
vt 0.207327 0.819539
vt 0.197879 0.818417
vt 0.198725 0.808484
vt 0.205266 0.809261
vt 0.994542 0.355180
vt 0.992621 0.355180
vt 0.452667 0.769832
vt 0.451893 0.763291
vt 0.461826 0.762448
vt 0.462945 0.771896
vt 0.207323 0.888984
vt 0.194447 0.889251
vt 0.184779 0.889452
vt 0.174562 0.889664
vt 0.141801 0.890344
vt 0.588619 0.834939
vt 0.588619 0.836860
vt 0.533771 0.706392
vt 0.533080 0.739153
vt 0.532865 0.749370
vt 0.532661 0.759038
vt 0.532390 0.771913
vt 0.443982 0.763962
vt 0.438234 0.755196
vt 0.436312 0.744891
vt 0.436680 0.717887
vt 0.490851 0.836865
vt 0.490851 0.834944
vt 0.180330 0.792897
vt 0.153326 0.793257
vt 0.190635 0.794823
vt 0.199399 0.800574
vt 0.000001 0.936839
vt 0.000000 0.927817
vt 0.018670 0.927816
vt 0.018671 0.936838
vt 0.078626 0.927811
vt 0.078627 0.936833
vt 0.099593 0.927809
vt 0.099594 0.936831
vt 0.499987 0.613862
vt 0.499987 0.622884
vt 0.430858 0.622885
vt 0.430858 0.613863
vt 0.012783 0.910098
vt 0.081847 0.907094
vt 0.081851 0.957550
vt 0.012787 0.954556
vn 0.015437 0.000000 0.999881
vn 0.015437 0.000000 0.999881
vn 0.008858 0.000000 0.999961
vn 0.008858 0.000000 0.999961
vn 1.000000 0.000002 0.000000
vn 1.000000 0.000002 0.000000
vn 1.000000 0.000002 0.000000
vn 1.000000 0.000002 0.000000
vn -0.010836 0.000000 -0.999941
vn -0.010836 0.000000 -0.999941
vn -0.017507 0.000000 -0.999847
vn -0.017507 0.000000 -0.999847
vn -0.998366 0.000002 0.057146
vn -0.998366 0.000002 0.057146
vn -0.998366 0.000002 0.057145
vn -0.998366 0.000002 0.057145
vn -0.127161 -0.990182 -0.058048
vn -0.007439 -0.999967 -0.003396
vn -0.000001 -1.000000 -0.000000
vn -0.000010 -1.000000 0.000000
vn 0.000000 1.000000 -0.000000
vn 0.000000 1.000000 -0.000000
vn -0.006610 0.999972 -0.003398
vn -0.116841 0.991333 -0.060054
vn -0.000487 0.998770 -0.049573
vn -0.000477 0.998822 -0.048533
vn 0.000490 0.998770 0.049574
vn 0.000480 0.998822 0.048531
vn -0.009838 -0.000000 -0.999952
vn -0.009838 -0.000000 -0.999952
vn -0.009838 -0.000000 -0.999952
vn -0.009838 -0.000000 -0.999952
vn 0.000480 -0.998822 0.048531
vn 0.000490 -0.998770 0.049574
vn -0.000476 -0.998822 -0.048532
vn -0.000486 -0.998770 -0.049573
vn 0.009851 0.000000 0.999951
vn 0.009851 0.000000 0.999952
vn 0.009851 0.000000 0.999952
vn 0.009851 0.000000 0.999952
vn -0.009854 0.000003 -0.999952
vn -0.009854 0.000003 -0.999951
vn -0.009854 0.000003 -0.999951
vn -0.009417 0.300976 -0.953585
vn -0.009418 0.300661 -0.953685
vn 0.009889 0.000021 0.999951
vn 0.009889 0.000021 0.999951
vn 0.009889 0.000021 0.999951
vn 0.009440 -0.296208 0.955077
vn 0.009439 -0.296533 0.954976
vn 0.003781 0.923883 0.382658
vn 0.003781 0.923883 0.382658
vn 0.009130 0.382677 0.923837
vn 0.009437 0.296207 0.955077
vn 0.009436 0.296533 0.954976
vn 0.009130 0.382677 0.923837
vn -0.009130 0.382677 -0.923837
vn -0.009130 0.382677 -0.923837
vn -0.003758 0.923878 -0.382668
vn -0.003758 0.923878 -0.382668
vn -0.003750 -0.923879 -0.382667
vn -0.003750 -0.923879 -0.382667
vn -0.009099 -0.382678 -0.923837
vn -0.009393 -0.300974 -0.953586
vn -0.009394 -0.300661 -0.953685
vn -0.009099 -0.382678 -0.923837
vn 0.009129 -0.382677 0.923837
vn 0.009129 -0.382677 0.923837
vn 0.003781 -0.923883 0.382656
vn 0.003781 -0.923883 0.382656
vn -1.000000 0.000000 0.000000
vn -1.000000 0.000000 0.000000
vn -1.000000 -0.000001 0.000000
vn -1.000000 -0.000000 0.000000
vn 1.000000 0.000000 0.000000
vn 1.000000 0.000000 0.000000
vn 1.000000 0.000000 0.000000
vn 1.000000 0.000000 0.000000
vn -1.000000 0.000002 0.000001
vn -1.000000 0.000002 0.000001
vn -1.000000 0.000003 0.000000
vn -1.000000 0.000003 0.000000
vn 1.000000 -0.000002 0.000001
vn 1.000000 -0.000003 0.000000
vn 1.000000 -0.000004 0.000000
vn 1.000000 -0.000003 0.000002
vn 1.000000 0.000002 0.000000
vn 1.000000 0.000002 0.000000
vn 1.000000 0.000002 0.000000
vn 1.000000 0.000002 0.000000
vn -1.000000 0.000002 0.000000
vn -1.000000 0.000002 0.000000
vn -1.000000 0.000002 0.000000
vn -1.000000 0.000002 0.000000
vn 0.000000 1.000000 -0.000001
vn -0.012173 0.999907 -0.006193
vn -0.002132 0.978049 -0.208364
vn 0.000000 1.000000 0.000000
vn -1.000000 0.000002 0.000000
vn -1.000000 0.000002 0.000000
vn -1.000000 0.000002 0.000000
vn -1.000000 0.000002 0.000000
vn -0.000001 -1.000000 0.000000
vn -0.005461 -0.999983 0.001928
vn 0.000687 -0.997309 0.073305
vn -0.000013 -1.000000 0.000000
vn 1.000000 0.000004 0.000000
vn 1.000000 0.000004 0.000000
vn 1.000000 0.000004 0.000000
vn 1.000000 0.000004 0.000000
vn 0.000696 0.997309 0.073306
vn -0.004901 0.999986 0.001949
vn 0.000000 1.000000 0.000000
vn 0.000000 1.000000 0.000000
vn 0.009876 -0.000021 0.999951
vn 0.009876 -0.000021 0.999951
vn 0.009876 -0.000021 0.999951
vn 0.710631 0.000000 0.703565
vn 0.710631 0.000000 0.703565
vn 0.710631 0.000000 0.703565
vn 0.710631 0.000000 0.703565
vn 0.005499 0.815166 0.579202
vn -0.209014 0.943399 0.257509
vn -0.226314 -0.944411 0.238473
vn 0.005519 -0.815155 0.579217
vn -0.002110 -0.978050 -0.208360
vn -0.012174 -0.999907 -0.006192
vn -0.000001 -1.000000 -0.000002
vn -0.000005 -1.000000 -0.000002
vn -0.009854 -0.000003 -0.999952
vn -0.009854 -0.000003 -0.999951
vn -0.009854 -0.000003 -0.999952
vn 0.703592 0.000001 -0.710605
vn 0.703592 0.000001 -0.710605
vn 0.703592 0.000001 -0.710605
vn 0.703592 0.000001 -0.710605
vn -0.175359 0.936641 -0.303236
vn -0.005887 0.817819 -0.575445
vn -0.005817 -0.817826 -0.575437
vn -0.175344 -0.936647 -0.303228
vn 0.000000 1.000000 0.000000
vn 0.000000 1.000000 0.000000
vn 0.015795 0.000000 0.999875
vn 0.015795 0.000000 0.999875
vn 0.000000 -1.000000 0.000000
vn 0.000000 -1.000000 0.000000
vn 0.000000 -1.000000 0.000000
vn 0.000000 -1.000000 -0.000000
vn -0.000000 -1.000000 -0.000002
vn -0.000000 -1.000000 -0.000002
vn -0.018018 0.000000 -0.999838
vn -0.018018 0.000000 -0.999838
vn 0.000000 1.000000 -0.000001
vn 0.000000 1.000000 -0.000001
vn -1.000000 -0.000000 -0.000000
vn -1.000000 -0.000000 -0.000000
vn -1.000000 0.000000 0.000000
vn -1.000000 0.000000 0.000000
vn -0.137510 0.986178 0.092438
vn -0.009660 0.999932 0.006494
vn 0.000000 1.000000 -0.000000
vn 0.000000 1.000000 -0.000000
vn -0.998366 0.000001 0.057147
vn -0.998366 0.000001 0.057147
vn -0.998366 0.000001 0.057146
vn -0.998366 0.000001 0.057146
vn -0.000001 -1.000000 -0.000000
vn 0.000000 -1.000000 -0.000000
vn -0.000000 -1.000000 0.000001
vn -0.009663 -0.999932 0.006495
vn -0.000010 -1.000000 0.000000
vn -0.137540 -0.986174 0.092436
vn -1.000000 0.000003 -0.000000
vn -1.000000 0.000003 -0.000000
vn -1.000000 0.000003 -0.000001
vn -1.000000 0.000003 -0.000001
vn -1.000000 0.000009 -0.000008
vn -1.000000 0.000009 -0.000008
vn 0.000000 -1.000000 0.000002
vn -0.998366 0.000002 0.057142
vn -0.998366 0.000002 0.057142
vn -1.000000 -0.000004 0.000000
vn -1.000000 -0.000004 0.000000
vn 0.000000 1.000000 -0.000000
vn 0.000000 1.000000 -0.000000
vn 0.000000 1.000000 0.000000
vn 0.000000 1.000000 -0.000001
vn 0.000000 1.000000 -0.000002
vn -1.000000 -0.000002 -0.000003
vn -1.000000 -0.000002 -0.000003
vn 0.000000 1.000000 0.000000
vn -0.998366 0.000002 0.057145
vn -0.998366 0.000002 0.057145
vn -0.000000 -1.000000 0.000004
vn -1.000000 0.000004 0.000011
vn -1.000000 0.000004 0.000011
vn 1.000000 0.000000 0.000000
vn 1.000000 0.000000 0.000000
vn 1.000000 0.000002 0.000000
vn 1.000000 0.000002 0.000000
vn 1.000000 -0.000003 -0.000000
vn 1.000000 -0.000004 -0.000000
vn 1.000000 0.000002 0.000000
vn 1.000000 0.000001 0.000000
vn 1.000000 0.000002 0.000000
vn 1.000000 0.000002 0.000000
vn 1.000000 -0.000002 -0.000001
vn 1.000000 -0.000003 -0.000002
vn 0.007439 0.000000 0.999972
vn 0.007439 0.000000 0.999972
vn 0.062651 0.000000 0.998035
vn 0.062651 0.000000 0.998035
vn 0.999987 -0.000005 0.005036
vn 0.999987 -0.000005 0.005036
vn 0.999783 -0.000006 -0.020824
vn 0.999783 -0.000006 -0.020824
vn -0.000002 0.000000 -1.000000
vn -0.000002 0.000000 -1.000000
vn 0.000000 0.000000 -1.000000
vn 0.000000 0.000000 -1.000000
vn -0.990367 -0.000000 0.138471
vn -0.990367 -0.000000 0.138471
vn -0.990367 -0.000002 0.138471
vn -0.990367 -0.000002 0.138471
vn 0.930428 0.000000 0.366476
vn 0.930427 0.000000 0.366476
vn 0.717030 0.000000 0.697042
vn 0.717030 0.000000 0.697042
vn 0.392621 0.000000 0.919700
vn 0.392621 0.000000 0.919700
vn 0.000000 1.000000 -0.000000
vn 0.000000 1.000000 -0.000000
vn 0.000000 1.000000 -0.000000
vn 0.000000 1.000000 0.000000
vn 0.000000 -1.000000 0.000000
vn -0.000000 -1.000000 0.000000
vn -0.000000 -1.000000 -0.000000
vn 0.000000 -1.000000 -0.000000
vn -0.000000 -1.000000 0.000000
vn -0.000000 -1.000000 -0.000000
vn 0.000002 0.000000 -1.000000
vn 0.000002 0.000000 -1.000000
vn 0.000000 1.000000 -0.000000
vn 0.000000 1.000000 0.000000
vn 0.000000 1.000000 -0.000000
vn 0.000000 1.000000 -0.000000
vn 0.000000 1.000000 0.000000
vn 0.000000 1.000000 0.000000
vn 0.000000 0.000000 -1.000000
vn 0.000000 0.000000 -1.000000
vn 0.000000 0.000000 -1.000000
vn 0.000000 0.000000 -1.000000
vn -0.000000 -1.000000 -0.000000
vn -0.000000 -1.000000 -0.000000
vn -0.000000 -1.000000 -0.000000
vn -0.000000 -1.000000 -0.000000
vn 0.000000 1.000000 -0.000000
vn 0.000000 1.000000 -0.000000
vn 0.000000 1.000000 0.000000
vn 0.000000 1.000000 0.000000
vn 0.000000 1.000000 0.000000
vn -0.990367 0.000000 0.138471
vn -0.990367 0.000000 0.138471
vn -0.000000 -1.000000 -0.000000
vn -0.000000 -1.000000 -0.000000
vn 0.000000 -1.000000 -0.000000
vn 0.000000 -1.000000 -0.000000
vn 0.000000 -1.000000 0.000000
vn -0.000000 -1.000000 0.000000
vn 0.000000 -1.000000 0.000000
vn 0.000000 -1.000000 0.000000
vn -0.000000 -1.000000 0.000000
vn -0.990366 -0.000003 0.138472
vn -0.990366 -0.000003 0.138472
vn 0.000000 1.000000 -0.000000
vn 0.000000 1.000000 -0.000000
vn 0.000000 1.000000 -0.000000
vn 0.000000 1.000000 0.000000
vn 0.457331 0.000000 0.889296
vn 0.457331 0.000000 0.889296
vn 0.457331 0.000000 0.889296
vn 0.457331 0.000000 0.889296
vn 0.988123 0.000000 -0.153666
vn 0.988123 0.000000 -0.153666
vn 0.988123 0.000000 -0.153666
vn 0.988123 0.000000 -0.153666
vn 0.000000 0.000000 -1.000000
vn 0.000000 0.000000 -1.000000
vn 0.000000 0.000000 -1.000000
vn 0.000000 0.000000 -1.000000
vn -0.980525 0.000000 0.196394
vn -0.980525 0.000000 0.196394
vn -0.980525 0.000000 0.196394
vn -0.980525 0.000000 0.196394
vn 0.000000 -1.000000 -0.000000
vn 0.000000 -1.000000 -0.000000
vn 0.000000 -1.000000 -0.000000
vn 0.000000 -1.000000 -0.000000
vn 0.000000 1.000000 0.000000
vn 0.000000 1.000000 0.000000
vn 0.000000 1.000000 0.000000
vn 0.000000 1.000000 0.000000
vn 0.000000 0.457330 0.889297
vn 0.000000 0.457330 0.889297
vn 0.000000 0.457330 0.889297
vn 0.000000 0.457330 0.889297
vn 0.000000 0.988123 -0.153666
vn 0.000000 0.988123 -0.153666
vn 0.000000 0.988123 -0.153666
vn 0.000000 0.988123 -0.153666
vn 0.000000 0.000000 -1.000000
vn 0.000000 0.000000 -1.000000
vn 0.000000 0.000000 -1.000000
vn 0.000000 0.000000 -1.000000
vn 0.000000 -0.980525 0.196394
vn 0.000000 -0.980525 0.196394
vn 0.000000 -0.980525 0.196394
vn 0.000000 -0.980525 0.196394
vn 1.000000 -0.000000 0.000000
vn 1.000000 -0.000000 0.000000
vn 1.000000 -0.000000 0.000000
vn 1.000000 -0.000000 0.000000
vn -1.000000 0.000000 0.000000
vn -1.000000 0.000000 0.000000
vn -1.000000 0.000000 0.000000
vn -1.000000 0.000000 0.000000
vn 0.000000 0.007438 0.999972
vn 0.000000 0.007438 0.999972
vn 0.000000 0.062653 0.998035
vn 0.000000 0.062653 0.998035
vn 0.000000 0.999987 0.005036
vn 0.000000 0.999987 0.005036
vn 0.000000 0.999783 -0.020824
vn 0.000000 0.999783 -0.020824
vn 0.000000 0.000000 -1.000000
vn 0.000000 0.000000 -1.000000
vn 0.000000 0.000000 -1.000000
vn 0.000000 0.000000 -1.000000
vn 0.000000 -0.990367 0.138471
vn 0.000000 -0.990367 0.138471
vn 0.000000 -0.990367 0.138471
vn 0.000000 -0.990367 0.138471
vn 0.000000 0.930427 0.366478
vn 0.000000 0.930427 0.366478
vn 0.000000 0.717029 0.697044
vn 0.000000 0.717029 0.697044
vn 0.000000 0.392625 0.919699
vn 0.000000 0.392625 0.919699
vn -1.000000 0.000000 0.000000
vn -1.000000 0.000000 0.000000
vn -1.000000 -0.000000 0.000000
vn -1.000000 -0.000000 0.000000
vn 1.000000 0.000000 0.000000
vn 1.000000 0.000000 0.000000
vn 1.000000 -0.000000 0.000000
vn 1.000000 -0.000000 0.000000
vn 1.000000 0.000000 0.000000
vn 1.000000 0.000000 0.000000
vn 0.000000 0.000000 -1.000000
vn 0.000000 0.000000 -1.000000
vn -1.000000 0.000000 0.000000
vn -1.000000 0.000000 0.000000
vn -1.000000 0.000000 0.000000
vn -1.000000 0.000000 0.000000
vn -1.000000 0.000000 0.000000
vn -1.000000 -0.000000 0.000000
vn 0.000000 0.000000 -1.000000
vn 0.000000 0.000000 -1.000000
vn 0.000000 0.000000 -1.000000
vn 0.000000 0.000000 -1.000000
vn 1.000000 -0.000000 0.000000
vn 1.000000 0.000000 0.000000
vn 1.000000 0.000000 0.000000
vn 1.000000 -0.000000 0.000000
vn -1.000000 0.000000 0.000000
vn -1.000000 0.000000 0.000000
vn -1.000000 -0.000000 0.000000
vn -1.000000 -0.000000 0.000000
vn -1.000000 0.000000 0.000000
vn 0.000000 -0.990367 0.138471
vn 0.000000 -0.990367 0.138471
vn 1.000000 0.000000 0.000000
vn 1.000000 -0.000000 0.000000
vn 1.000000 -0.000000 0.000000
vn 1.000000 0.000000 0.000000
vn 1.000000 0.000000 0.000000
vn 1.000000 0.000000 0.000000
vn 1.000000 0.000000 0.000000
vn 1.000000 0.000000 0.000000
vn 1.000000 0.000000 0.000000
vn 0.000000 -0.990367 0.138471
vn 0.000000 -0.990367 0.138471
vn -1.000000 0.000000 0.000000
vn -1.000000 0.000000 0.000000
vn -1.000000 0.000000 0.000000
vn -1.000000 0.000000 0.000000
vn 0.000000 0.015439 0.999881
vn 0.000000 0.015439 0.999881
vn 0.000000 0.008883 0.999961
vn 0.000000 0.008883 0.999961
vn 0.000000 1.000000 0.000000
vn 0.000000 1.000000 0.000000
vn 0.000000 1.000000 0.000000
vn 0.000000 1.000000 0.000000
vn 0.000000 -0.010867 -0.999941
vn 0.000000 -0.010867 -0.999941
vn 0.000000 -0.017509 -0.999847
vn 0.000000 -0.017509 -0.999847
vn 0.000000 -0.998366 0.057146
vn 0.000000 -0.998366 0.057146
vn 0.000000 -0.998366 0.057146
vn 0.000000 -0.998366 0.057146
vn 0.990184 -0.127144 -0.058049
vn 0.999967 -0.007438 -0.003396
vn 1.000000 0.000000 0.000000
vn 1.000000 0.000000 0.000000
vn -1.000000 0.000000 0.000000
vn -1.000000 -0.000000 0.000000
vn -0.999972 -0.006610 -0.003397
vn -0.991333 -0.116845 -0.060055
vn -0.998770 -0.000488 -0.049573
vn -0.998821 -0.000478 -0.048532
vn -0.998770 0.000490 0.049574
vn -0.998822 0.000479 0.048531
vn 0.000000 -0.009844 -0.999952
vn 0.000000 -0.009844 -0.999952
vn 0.000000 -0.009844 -0.999952
vn 0.000000 -0.009844 -0.999952
vn 0.998822 0.000479 0.048531
vn 0.998770 0.000490 0.049574
vn 0.998821 -0.000478 -0.048532
vn 0.998770 -0.000488 -0.049573
vn 0.000000 0.009860 0.999951
vn 0.000000 0.009860 0.999951
vn 0.000000 0.009860 0.999951
vn 0.000000 0.009860 0.999951
vn 0.000000 -0.009846 -0.999952
vn 0.000000 -0.009846 -0.999952
vn 0.000000 -0.009846 -0.999952
vn -0.300947 -0.009390 -0.953595
vn -0.300634 -0.009391 -0.953693
vn 0.000000 0.009873 0.999951
vn 0.000000 0.009873 0.999951
vn 0.000000 0.009873 0.999951
vn 0.296208 0.009432 0.955077
vn 0.296534 0.009431 0.954976
vn -0.923886 0.003779 0.382650
vn -0.923886 0.003779 0.382650
vn -0.382672 0.009124 0.923839
vn -0.296208 0.009432 0.955077
vn -0.296534 0.009431 0.954976
vn -0.382672 0.009124 0.923839
vn -0.382646 -0.009097 -0.923850
vn -0.382646 -0.009097 -0.923850
vn -0.923881 -0.003768 -0.382661
vn -0.923881 -0.003768 -0.382661
vn 0.923881 -0.003768 -0.382661
vn 0.923881 -0.003768 -0.382661
vn 0.382646 -0.009097 -0.923850
vn 0.300947 -0.009390 -0.953595
vn 0.300634 -0.009391 -0.953693
vn 0.382646 -0.009097 -0.923850
vn 0.382672 0.009124 0.923839
vn 0.382672 0.009124 0.923839
vn 0.923886 0.003779 0.382650
vn 0.923886 0.003779 0.382650
vn -0.000000 -1.000000 0.000000
vn -0.000000 -1.000000 0.000000
vn -0.000001 -1.000000 -0.000001
vn -0.000001 -1.000000 -0.000000
vn 0.000000 1.000000 0.000000
vn 0.000000 1.000000 0.000000
vn 0.000000 1.000000 0.000000
vn 0.000000 1.000000 0.000000
vn 0.000000 -1.000000 -0.000000
vn 0.000000 -1.000000 -0.000001
vn 0.000000 -1.000000 0.000000
vn 0.000000 -1.000000 0.000000
vn 0.000000 1.000000 0.000000
vn 0.000000 1.000000 0.000000
vn 0.000000 1.000000 0.000000
vn 0.000000 1.000000 0.000000
vn 0.000000 1.000000 0.000000
vn 0.000000 1.000000 0.000000
vn 0.000000 1.000000 0.000000
vn 0.000000 1.000000 0.000000
vn 0.000000 -1.000000 0.000000
vn 0.000000 -1.000000 0.000000
vn 0.000000 -1.000000 0.000000
vn 0.000000 -1.000000 0.000000
vn -1.000000 0.000000 0.000000
vn -0.999907 -0.012173 -0.006191
vn -0.978050 -0.002135 -0.208358
vn -1.000000 0.000000 0.000000
vn 0.000000 -1.000000 0.000000
vn 0.000000 -1.000000 0.000000
vn 0.000000 -1.000000 0.000000
vn 0.000000 -1.000000 0.000000
vn 1.000000 -0.000000 0.000000
vn 0.999983 -0.005461 0.001927
vn 0.997310 0.000698 0.073296
vn 1.000000 -0.000000 0.000000
vn 0.000000 1.000000 0.000000
vn 0.000000 1.000000 0.000000
vn 0.000000 1.000000 0.000000
vn 0.000000 1.000000 0.000000
vn -0.997310 0.000697 0.073301
vn -0.999986 -0.004902 0.001949
vn -1.000000 -0.000000 0.000000
vn -1.000000 -0.000000 0.000000
vn 0.000000 0.009873 0.999951
vn 0.000000 0.009873 0.999951
vn 0.000000 0.009873 0.999951
vn 0.000000 0.710628 0.703568
vn 0.000000 0.710628 0.703568
vn 0.000000 0.710628 0.703568
vn 0.000000 0.710628 0.703568
vn -0.815164 0.005513 0.579204
vn -0.943403 -0.209021 0.257492
vn 0.944425 -0.226300 0.238431
vn 0.815189 0.005513 0.579169
vn 0.978047 -0.002135 -0.208373
vn 0.999907 -0.012173 -0.006193
vn 1.000000 -0.000000 0.000000
vn 1.000000 0.000000 0.000000
vn 0.000000 -0.009846 -0.999952
vn 0.000000 -0.009846 -0.999952
vn 0.000000 -0.009846 -0.999952
vn 0.000000 0.703608 -0.710588
vn 0.000000 0.703608 -0.710588
vn 0.000000 0.703608 -0.710588
vn 0.000000 0.703608 -0.710588
vn -0.936646 -0.175367 -0.303219
vn -0.817801 -0.005896 -0.575471
vn 0.817801 -0.005896 -0.575471
vn 0.936640 -0.175352 -0.303245
vn -1.000000 -0.000000 0.000000
vn -1.000000 -0.000000 0.000000
vn 0.000000 0.015795 0.999875
vn 0.000000 0.015795 0.999875
vn 1.000000 -0.000000 0.000000
vn 1.000000 -0.000000 0.000000
vn 1.000000 -0.000000 0.000000
vn 1.000000 0.000000 0.000000
vn 1.000000 -0.000000 0.000000
vn 1.000000 -0.000000 0.000000
vn 0.000000 -0.018017 -0.999838
vn 0.000000 -0.018017 -0.999838
vn -1.000000 0.000000 0.000000
vn -1.000000 0.000000 0.000000
vn 0.000000 -1.000000 0.000000
vn 0.000000 -1.000000 0.000000
vn 0.000000 -1.000000 0.000000
vn 0.000000 -1.000000 0.000000
vn -0.986179 -0.137502 0.092435
vn -0.999932 -0.009660 0.006494
vn -1.000000 0.000000 0.000000
vn -1.000000 0.000000 0.000000
vn 0.000000 -0.998366 0.057146
vn 0.000000 -0.998366 0.057146
vn 0.000000 -0.998366 0.057146
vn 0.000000 -0.998366 0.057146
vn 1.000000 0.000000 0.000000
vn 1.000000 0.000000 0.000000
vn 1.000000 0.000000 0.000000
vn 0.999932 -0.009660 0.006494
vn 1.000000 0.000000 0.000000
vn 0.986179 -0.137501 0.092434
vn 0.000000 -1.000000 0.000000
vn 0.000000 -1.000000 0.000000
vn 0.000000 -1.000000 0.000001
vn 0.000000 -1.000000 0.000000
vn 0.000000 -1.000000 -0.000008
vn 0.000000 -1.000000 -0.000008
vn 1.000000 -0.000000 0.000000
vn 0.000000 -0.998366 0.057142
vn 0.000000 -0.998366 0.057142
vn -0.000002 -1.000000 -0.000009
vn -0.000002 -1.000000 -0.000009
vn -1.000000 0.000000 0.000000
vn -1.000000 0.000000 0.000000
vn -1.000000 -0.000000 0.000000
vn -1.000000 -0.000000 0.000000
vn -1.000000 -0.000000 0.000000
vn 0.000000 -1.000000 0.000000
vn 0.000000 -1.000000 0.000000
vn -1.000000 0.000000 0.000000
vn 0.000000 -0.998366 0.057142
vn 0.000000 -0.998366 0.057142
vn 1.000000 0.000000 0.000000
vn 0.000000 -1.000000 0.000008
vn 0.000000 -1.000000 0.000008
vn 0.000000 1.000000 0.000000
vn 0.000000 1.000000 0.000000
vn 0.000000 1.000000 0.000000
vn 0.000000 1.000000 0.000000
vn 0.000000 1.000000 0.000000
vn 0.000000 1.000000 0.000000
vn 0.000000 1.000000 0.000001
vn 0.000000 1.000000 0.000001
vn 0.000000 1.000000 0.000000
vn 0.000000 1.000000 0.000000
vn 0.000000 1.000000 0.000000
vn 0.000000 1.000000 0.000000
vn -0.015437 0.000000 0.999881
vn -0.015437 0.000000 0.999881
vn -0.008859 0.000000 0.999961
vn -0.008859 0.000000 0.999961
vn -1.000000 0.000000 0.000000
vn -1.000000 0.000000 0.000000
vn -1.000000 0.000000 0.000000
vn -1.000000 0.000000 0.000000
vn 0.010813 0.000000 -0.999942
vn 0.010813 0.000000 -0.999942
vn 0.017506 0.000000 -0.999847
vn 0.017506 0.000000 -0.999847
vn 0.998366 0.000000 0.057146
vn 0.998366 0.000000 0.057146
vn 0.998366 0.000002 0.057145
vn 0.998366 0.000002 0.057145
vn 0.127149 0.990184 -0.058047
vn 0.007439 0.999967 -0.003396
vn 0.000000 1.000000 -0.000000
vn 0.000000 1.000000 0.000000
vn -0.000009 -1.000000 -0.000000
vn -0.000001 -1.000000 0.000000
vn 0.006609 -0.999972 -0.003397
vn 0.116842 -0.991333 -0.060055
vn 0.000486 -0.998770 -0.049573
vn 0.000476 -0.998822 -0.048532
vn -0.000490 -0.998770 0.049574
vn -0.000480 -0.998822 0.048531
vn 0.009829 0.000000 -0.999952
vn 0.009829 0.000000 -0.999952
vn 0.009829 0.000000 -0.999952
vn 0.009829 0.000000 -0.999952
vn -0.000480 0.998822 0.048531
vn -0.000490 0.998770 0.049574
vn 0.000477 0.998821 -0.048533
vn 0.000487 0.998770 -0.049573
vn -0.009853 0.000000 0.999951
vn -0.009853 0.000000 0.999951
vn -0.009853 0.000000 0.999951
vn -0.009853 0.000000 0.999952
vn 0.009854 -0.000004 -0.999952
vn 0.009854 -0.000004 -0.999952
vn 0.009854 -0.000004 -0.999952
vn 0.009393 -0.300974 -0.953586
vn 0.009394 -0.300661 -0.953685
vn -0.009864 -0.000022 0.999951
vn -0.009864 -0.000022 0.999951
vn -0.009864 -0.000022 0.999951
vn -0.009432 0.296207 0.955077
vn -0.009431 0.296533 0.954976
vn -0.003781 -0.923883 0.382655
vn -0.003781 -0.923883 0.382655
vn -0.009130 -0.382677 0.923837
vn -0.009437 -0.296207 0.955077
vn -0.009436 -0.296534 0.954976
vn -0.009130 -0.382677 0.923837
vn 0.009099 -0.382677 -0.923837
vn 0.009099 -0.382677 -0.923837
vn 0.003750 -0.923879 -0.382667
vn 0.003750 -0.923879 -0.382667
vn 0.003758 0.923878 -0.382668
vn 0.003758 0.923878 -0.382668
vn 0.009099 0.382677 -0.923838
vn 0.009396 0.300974 -0.953586
vn 0.009397 0.300660 -0.953685
vn 0.009099 0.382677 -0.923838
vn -0.009126 0.382677 0.923837
vn -0.009126 0.382677 0.923837
vn -0.003781 0.923883 0.382657
vn -0.003781 0.923883 0.382656
vn 1.000000 0.000000 -0.000000
vn 1.000000 0.000000 -0.000000
vn 1.000000 0.000000 -0.000001
vn 1.000000 0.000000 -0.000001
vn -1.000000 0.000001 0.000000
vn -1.000000 0.000000 0.000000
vn -1.000000 0.000000 0.000000
vn -1.000000 0.000001 0.000000
vn 1.000000 -0.000000 0.000000
vn 1.000000 -0.000000 0.000000
vn 1.000000 0.000000 0.000000
vn 1.000000 0.000000 0.000000
vn -1.000000 -0.000001 0.000000
vn -1.000000 -0.000000 0.000000
vn -1.000000 -0.000000 0.000000
vn -1.000000 -0.000001 0.000000
vn -1.000000 0.000000 0.000000
vn -1.000000 0.000000 0.000000
vn -1.000000 0.000000 0.000000
vn -1.000000 0.000000 0.000000
vn 1.000000 0.000002 0.000000
vn 1.000000 0.000002 0.000000
vn 1.000000 0.000002 0.000000
vn 1.000000 0.000002 0.000000
vn -0.000001 -1.000000 0.000001
vn 0.012175 -0.999907 -0.006192
vn 0.002128 -0.978050 -0.208358
vn -0.000005 -1.000000 0.000004
vn 1.000000 0.000002 0.000000
vn 1.000000 0.000002 0.000000
vn 1.000000 0.000002 0.000000
vn 1.000000 0.000002 0.000000
vn 0.000000 1.000000 0.000000
vn 0.005460 0.999983 0.001927
vn -0.000705 0.997309 0.073304
vn 0.000000 1.000000 0.000000
vn -1.000000 0.000000 0.000000
vn -1.000000 0.000000 0.000000
vn -1.000000 0.000000 0.000000
vn -1.000000 0.000000 0.000000
vn -0.000710 -0.997310 0.073302
vn 0.004901 -0.999986 0.001949
vn -0.000001 -1.000000 -0.000000
vn -0.000013 -1.000000 -0.000001
vn -0.009876 0.000022 0.999951
vn -0.009876 0.000022 0.999951
vn -0.009876 0.000022 0.999951
vn -0.710635 0.000000 0.703561
vn -0.710635 0.000000 0.703561
vn -0.710635 0.000000 0.703561
vn -0.710635 0.000000 0.703561
vn -0.005519 -0.815155 0.579217
vn 0.209006 -0.943398 0.257519
vn 0.226281 0.944419 0.238473
vn -0.005574 0.815154 0.579217
vn 0.002106 0.978050 -0.208362
vn 0.012174 0.999907 -0.006192
vn 0.000000 1.000000 0.000000
vn 0.000000 1.000000 0.000000
vn 0.009868 0.000004 -0.999951
vn 0.009868 0.000004 -0.999951
vn 0.009868 0.000004 -0.999951
vn -0.703615 0.000000 -0.710582
vn -0.703615 0.000000 -0.710582
vn -0.703615 0.000000 -0.710582
vn -0.703615 0.000000 -0.710582
vn 0.175393 -0.936635 -0.303235
vn 0.005887 -0.817817 -0.575449
vn 0.005817 0.817815 -0.575452
vn 0.175343 0.936644 -0.303237
vn 0.000000 -1.000000 0.000000
vn 0.000000 -1.000000 0.000000
vn -0.015795 0.000000 0.999875
vn -0.015795 0.000000 0.999875
vn 0.000000 1.000000 0.000000
vn 0.000000 1.000000 0.000000
vn 0.000000 1.000000 -0.000000
vn 0.000000 1.000000 -0.000000
vn 0.000000 1.000000 0.000000
vn 0.000000 1.000000 0.000000
vn 0.018018 0.000000 -0.999838
vn 0.018018 0.000000 -0.999838
vn -0.000000 -1.000000 0.000001
vn -0.000000 -1.000000 0.000001
vn 1.000000 0.000000 0.000000
vn 1.000000 0.000000 0.000000
vn 1.000000 0.000000 0.000000
vn 1.000000 0.000000 0.000000
vn 0.137530 -0.986175 0.092437
vn 0.009662 -0.999932 0.006493
vn -0.000001 -1.000000 -0.000000
vn -0.000010 -1.000000 -0.000000
vn 0.998366 0.000002 0.057147
vn 0.998366 0.000002 0.057147
vn 0.998366 0.000000 0.057146
vn 0.998366 0.000000 0.057146
vn 0.000000 1.000000 0.000000
vn 0.000000 1.000000 0.000000
vn 0.000000 1.000000 0.000000
vn 0.009662 0.999932 0.006494
vn 0.000000 1.000000 0.000000
vn 0.137532 0.986175 0.092435
vn 1.000000 0.000000 0.000000
vn 1.000000 0.000000 0.000000
vn 1.000000 -0.000000 0.000000
vn 1.000000 -0.000000 0.000000
vn 1.000000 -0.000002 0.000000
vn 1.000000 -0.000002 0.000000
vn 0.000000 1.000000 0.000000
vn 0.998366 0.000002 0.057142
vn 0.998366 0.000002 0.057142
vn 1.000000 0.000000 0.000009
vn 1.000000 0.000000 0.000009
vn 0.000000 -1.000000 -0.000000
vn -0.000000 -1.000000 -0.000001
vn -0.000000 -1.000000 0.000000
vn -0.000000 -1.000000 0.000001
vn -0.000000 -1.000000 -0.000002
vn 1.000000 0.000003 0.000000
vn 1.000000 0.000003 0.000000
vn -0.000000 -1.000000 -0.000002
vn 0.998366 0.000004 0.057145
vn 0.998366 0.000004 0.057145
vn 0.000000 1.000000 0.000000
vn 1.000000 -0.000004 0.000000
vn 1.000000 -0.000004 0.000000
vn -1.000000 0.000000 0.000000
vn -1.000000 0.000000 0.000000
vn -1.000000 0.000000 0.000000
vn -1.000000 0.000000 0.000000
vn -1.000000 0.000000 0.000000
vn -1.000000 0.000000 0.000000
vn -1.000000 0.000000 0.000000
vn -1.000000 0.000000 0.000000
vn -1.000000 0.000000 0.000000
vn -1.000000 0.000000 0.000000
vn -1.000000 0.000000 0.000000
vn -1.000000 0.000000 0.000000
vn -0.007439 0.000000 0.999972
vn -0.007439 0.000000 0.999972
vn -0.062651 -0.000000 0.998035
vn -0.062651 -0.000000 0.998035
vn -0.999987 -0.000001 0.005036
vn -0.999987 -0.000001 0.005036
vn -0.999783 0.000000 -0.020824
vn -0.999783 0.000000 -0.020824
vn 0.000002 0.000000 -1.000000
vn 0.000002 0.000000 -1.000000
vn -0.000000 0.000000 -1.000000
vn -0.000000 0.000000 -1.000000
vn 0.990367 -0.000000 0.138471
vn 0.990367 -0.000000 0.138471
vn 0.990367 -0.000001 0.138471
vn 0.990367 -0.000001 0.138471
vn -0.930427 -0.000003 0.366477
vn -0.930427 -0.000003 0.366477
vn -0.717029 0.000000 0.697043
vn -0.717029 0.000000 0.697043
vn -0.392621 -0.000000 0.919700
vn -0.392621 -0.000000 0.919700
vn -0.000000 -1.000000 -0.000000
vn -0.000000 -1.000000 -0.000000
vn -0.000000 -1.000000 0.000000
vn -0.000000 -1.000000 0.000000
vn -0.000000 1.000000 -0.000000
vn -0.000000 1.000000 -0.000000
vn -0.000000 1.000000 0.000000
vn -0.000000 1.000000 -0.000000
vn 0.000000 1.000000 -0.000000
vn 0.000000 1.000000 0.000000
vn -0.000002 0.000000 -1.000000
vn -0.000002 0.000000 -1.000000
vn -0.000000 -1.000000 -0.000000
vn -0.000000 -1.000000 0.000000
vn 0.000000 -1.000000 0.000000
vn 0.000000 -1.000000 0.000000
vn 0.000000 -1.000000 0.000000
vn 0.000000 -1.000000 0.000000
vn -0.000002 0.000000 -1.000000
vn -0.000002 0.000000 -1.000000
vn -0.000001 0.000000 -1.000000
vn -0.000001 0.000000 -1.000000
vn 0.000000 1.000000 0.000000
vn 0.000000 1.000000 0.000000
vn 0.000000 1.000000 0.000000
vn 0.000000 1.000000 -0.000000
vn 0.000000 -1.000000 0.000000
vn 0.000000 -1.000000 0.000000
vn -0.000000 -1.000000 0.000000
vn -0.000000 -1.000000 0.000000
vn -0.000000 -1.000000 0.000000
vn 0.990367 0.000000 0.138471
vn 0.990367 0.000000 0.138471
vn -0.000000 1.000000 0.000000
vn -0.000000 1.000000 0.000000
vn -0.000000 1.000000 -0.000000
vn 0.000000 1.000000 -0.000000
vn 0.000000 1.000000 -0.000000
vn 0.000000 1.000000 0.000000
vn -0.000000 1.000000 -0.000000
vn -0.000000 1.000000 -0.000000
vn 0.000000 1.000000 0.000000
vn 0.990366 0.000000 0.138472
vn 0.990366 0.000000 0.138472
vn -0.000000 -1.000000 -0.000000
vn -0.000000 -1.000000 -0.000000
vn -0.000000 -1.000000 0.000000
vn 0.000000 -1.000000 0.000000
vn -0.457331 0.000000 0.889296
vn -0.457331 0.000000 0.889296
vn -0.457331 0.000000 0.889297
vn -0.457331 0.000000 0.889297
vn -0.988123 0.000000 -0.153666
vn -0.988123 0.000000 -0.153666
vn -0.988123 0.000000 -0.153666
vn -0.988123 0.000000 -0.153666
vn 0.000002 0.000000 -1.000000
vn 0.000002 0.000000 -1.000000
vn 0.000002 0.000000 -1.000000
vn 0.000002 0.000000 -1.000000
vn 0.980525 0.000000 0.196394
vn 0.980525 0.000000 0.196394
vn 0.980525 0.000000 0.196394
vn 0.980525 0.000000 0.196394
vn -0.000000 1.000000 0.000000
vn -0.000000 1.000000 0.000000
vn -0.000000 1.000000 0.000000
vn -0.000000 1.000000 0.000000
vn -0.000000 -1.000000 0.000000
vn -0.000000 -1.000000 0.000000
vn -0.000000 -1.000000 0.000000
vn -0.000000 -1.000000 0.000000
vn 0.000000 -0.015439 0.999881
vn 0.000000 -0.015439 0.999881
vn 0.000000 -0.008884 0.999961
vn 0.000000 -0.008884 0.999961
vn 0.000000 -1.000000 0.000000
vn 0.000000 -1.000000 0.000000
vn 0.000000 -1.000000 0.000000
vn 0.000000 -1.000000 0.000000
vn 0.000000 0.010868 -0.999941
vn 0.000000 0.010868 -0.999941
vn 0.000000 0.017509 -0.999847
vn 0.000000 0.017509 -0.999847
vn 0.000000 0.998366 0.057145
vn 0.000000 0.998366 0.057145
vn 0.000000 0.998366 0.057141
vn 0.000000 0.998366 0.057141
vn -0.990184 0.127148 -0.058047
vn -0.999967 0.007438 -0.003396
vn -1.000000 -0.000000 0.000000
vn -1.000000 -0.000000 0.000000
vn 1.000000 0.000000 0.000000
vn 1.000000 -0.000000 0.000000
vn 0.999972 0.006610 -0.003397
vn 0.991332 0.116851 -0.060055
vn 0.998770 0.000488 -0.049573
vn 0.998821 0.000478 -0.048532
vn 0.998770 -0.000490 0.049574
vn 0.998822 -0.000479 0.048531
vn 0.000000 0.009844 -0.999952
vn 0.000000 0.009844 -0.999952
vn 0.000000 0.009844 -0.999952
vn 0.000000 0.009844 -0.999952
vn -0.998822 -0.000479 0.048531
vn -0.998770 -0.000490 0.049574
vn -0.998821 0.000478 -0.048532
vn -0.998770 0.000488 -0.049573
vn 0.000000 -0.009860 0.999951
vn 0.000000 -0.009860 0.999951
vn 0.000000 -0.009860 0.999951
vn 0.000000 -0.009860 0.999951
vn 0.000000 0.009846 -0.999952
vn 0.000000 0.009846 -0.999952
vn 0.000000 0.009846 -0.999952
vn 0.300947 0.009390 -0.953595
vn 0.300634 0.009391 -0.953693
vn 0.000000 -0.009873 0.999951
vn 0.000000 -0.009873 0.999951
vn 0.000000 -0.009873 0.999951
vn -0.296208 -0.009432 0.955077
vn -0.296534 -0.009431 0.954976
vn 0.923886 -0.003779 0.382649
vn 0.923886 -0.003779 0.382649
vn 0.382672 -0.009124 0.923839
vn 0.296208 -0.009432 0.955077
vn 0.296534 -0.009431 0.954976
vn 0.382672 -0.009124 0.923839
vn 0.382646 0.009097 -0.923850
vn 0.382646 0.009097 -0.923850
vn 0.923882 0.003768 -0.382660
vn 0.923882 0.003768 -0.382660
vn -0.923882 0.003768 -0.382660
vn -0.923882 0.003768 -0.382660
vn -0.382646 0.009097 -0.923850
vn -0.300947 0.009390 -0.953595
vn -0.300634 0.009391 -0.953693
vn -0.382646 0.009097 -0.923850
vn -0.382672 -0.009124 0.923839
vn -0.382672 -0.009124 0.923839
vn -0.923886 -0.003779 0.382649
vn -0.923886 -0.003779 0.382649
vn 0.000000 1.000000 0.000000
vn 0.000000 1.000000 0.000000
vn 0.000000 1.000000 0.000001
vn 0.000000 1.000000 0.000001
vn 0.000000 -1.000000 0.000000
vn 0.000000 -1.000000 0.000000
vn 0.000000 -1.000000 0.000000
vn 0.000000 -1.000000 0.000000
vn 0.000000 1.000000 0.000001
vn 0.000000 1.000000 0.000001
vn 0.000000 1.000000 0.000000
vn 0.000000 1.000000 0.000000
vn 0.000000 -1.000000 0.000000
vn 0.000000 -1.000000 0.000000
vn 0.000000 -1.000000 0.000000
vn 0.000000 -1.000000 0.000000
vn 0.000000 -1.000000 0.000000
vn 0.000000 -1.000000 0.000000
vn 0.000000 -1.000000 0.000000
vn 0.000000 -1.000000 0.000000
vn 0.000000 1.000000 0.000000
vn 0.000000 1.000000 0.000000
vn 0.000000 1.000000 0.000000
vn 0.000000 1.000000 0.000000
vn 1.000000 0.000000 0.000000
vn 0.999907 0.012173 -0.006193
vn 0.978048 0.002135 -0.208370
vn 1.000000 0.000000 0.000000
vn 0.000000 1.000000 0.000000
vn 0.000000 1.000000 0.000000
vn 0.000000 1.000000 0.000000
vn 0.000000 1.000000 0.000000
vn -1.000000 -0.000000 0.000000
vn -0.999983 0.005461 0.001928
vn -0.997309 -0.000698 0.073306
vn -1.000000 -0.000000 0.000000
vn 0.000000 -1.000000 0.000000
vn 0.000000 -1.000000 0.000000
vn 0.000000 -1.000000 0.000000
vn 0.000000 -1.000000 0.000000
vn 0.997310 -0.000698 0.073301
vn 0.999986 0.004902 0.001949
vn 1.000000 0.000000 0.000000
vn 1.000000 0.000000 0.000000
vn 0.000000 -0.009873 0.999951
vn 0.000000 -0.009873 0.999951
vn 0.000000 -0.009873 0.999951
vn 0.000000 -0.710613 0.703583
vn 0.000000 -0.710613 0.703583
vn 0.000000 -0.710613 0.703583
vn 0.000000 -0.710613 0.703583
vn 0.815164 -0.005513 0.579204
vn 0.943398 0.209026 0.257506
vn -0.944408 0.226311 0.238490
vn -0.815139 -0.005513 0.579239
vn -0.978050 0.002135 -0.208359
vn -0.999907 0.012173 -0.006192
vn -1.000000 -0.000000 0.000000
vn -1.000000 -0.000000 0.000000
vn 0.000000 0.009846 -0.999952
vn 0.000000 0.009846 -0.999952
vn 0.000000 0.009846 -0.999952
vn 0.000000 -0.703603 -0.710593
vn 0.000000 -0.703603 -0.710593
vn 0.000000 -0.703603 -0.710593
vn 0.000000 -0.703603 -0.710593
vn 0.936646 0.175345 -0.303231
vn 0.817822 0.005895 -0.575441
vn -0.817826 0.005896 -0.575435
vn -0.936647 0.175360 -0.303220
vn 1.000000 0.000000 0.000000
vn 1.000000 0.000000 0.000000
vn 0.000000 -0.015795 0.999875
vn 0.000000 -0.015795 0.999875
vn -1.000000 -0.000000 0.000000
vn -1.000000 -0.000000 0.000000
vn -1.000000 0.000000 0.000000
vn -1.000000 0.000000 0.000000
vn -1.000000 0.000000 0.000000
vn -1.000000 0.000000 0.000000
vn 0.000000 0.018017 -0.999838
vn 0.000000 0.018017 -0.999838
vn 1.000000 0.000000 0.000000
vn 1.000000 0.000000 0.000000
vn 0.000000 1.000000 -0.000001
vn 0.000000 1.000000 -0.000001
vn 0.000000 1.000000 -0.000000
vn 0.000000 1.000000 -0.000000
vn 0.986178 0.137506 0.092437
vn 0.999932 0.009660 0.006494
vn 1.000000 0.000000 0.000000
vn 1.000000 0.000000 0.000000
vn 0.000000 0.998366 0.057150
vn 0.000000 0.998366 0.057150
vn 0.000000 0.998366 0.057146
vn 0.000000 0.998366 0.057146
vn -1.000000 0.000000 0.000000
vn -1.000000 0.000000 0.000000
vn -1.000000 0.000000 0.000000
vn -0.999932 0.009660 0.006494
vn -1.000000 0.000000 0.000000
vn -0.986178 0.137507 0.092438
vn 0.000000 1.000000 -0.000000
vn 0.000000 1.000000 -0.000000
vn 0.000000 1.000000 -0.000002
vn 0.000000 1.000000 -0.000001
vn 0.000000 1.000000 0.000000
vn 0.000000 1.000000 0.000000
vn -1.000000 0.000000 0.000000
vn 0.000000 0.998366 0.057142
vn 0.000000 0.998366 0.057142
vn 0.000000 1.000000 0.000000
vn 0.000000 1.000000 0.000000
vn 1.000000 0.000000 0.000000
vn 1.000000 -0.000000 0.000000
vn 1.000000 -0.000000 0.000000
vn 1.000000 -0.000000 0.000000
vn 1.000000 0.000000 0.000000
vn 0.000000 1.000000 0.000000
vn 0.000000 1.000000 0.000000
vn 1.000000 -0.000000 0.000000
vn 0.000000 0.998365 0.057156
vn 0.000000 0.998365 0.057156
vn -1.000000 0.000000 0.000000
vn 0.000000 1.000000 -0.000017
vn 0.000000 1.000000 -0.000017
vn 0.000000 -1.000000 0.000000
vn 0.000000 -1.000000 0.000000
vn 0.000000 -1.000000 0.000000
vn 0.000000 -1.000000 0.000000
vn 0.000000 -1.000000 0.000000
vn 0.000000 -1.000000 0.000000
vn 0.000000 -1.000000 0.000001
vn 0.000000 -1.000000 0.000001
vn 0.000000 -1.000000 0.000000
vn 0.000000 -1.000000 0.000000
vn 0.000000 -1.000000 0.000000
vn 0.000000 -1.000000 0.000000
vn 0.000000 -0.007438 0.999972
vn 0.000000 -0.007438 0.999972
vn 0.000000 -0.062653 0.998035
vn 0.000000 -0.062653 0.998035
vn 0.000000 -0.999987 0.005036
vn 0.000000 -0.999987 0.005036
vn 0.000000 -0.999783 -0.020824
vn 0.000000 -0.999783 -0.020824
vn 0.000000 0.000000 -1.000000
vn 0.000000 0.000000 -1.000000
vn 0.000000 0.000000 -1.000000
vn 0.000000 0.000000 -1.000000
vn 0.000000 0.990367 0.138471
vn 0.000000 0.990367 0.138471
vn 0.000000 0.990367 0.138471
vn 0.000000 0.990367 0.138471
vn 0.000000 -0.930427 0.366477
vn 0.000000 -0.930427 0.366477
vn 0.000000 -0.717028 0.697044
vn 0.000000 -0.717028 0.697044
vn 0.000000 -0.392625 0.919699
vn 0.000000 -0.392625 0.919699
vn 1.000000 0.000000 0.000000
vn 1.000000 0.000000 0.000000
vn 1.000000 0.000000 0.000000
vn 1.000000 0.000000 0.000000
vn -1.000000 -0.000000 0.000000
vn -1.000000 -0.000000 0.000000
vn -1.000000 0.000000 0.000000
vn -1.000000 0.000000 0.000000
vn -1.000000 0.000000 0.000000
vn -1.000000 0.000000 0.000000
vn 0.000000 0.000000 -1.000000
vn 0.000000 0.000000 -1.000000
vn 1.000000 -0.000000 0.000000
vn 1.000000 0.000000 0.000000
vn 1.000000 -0.000000 0.000000
vn 1.000000 0.000000 0.000000
vn 1.000000 -0.000000 0.000000
vn 1.000000 0.000000 0.000000
vn 0.000000 0.000000 -1.000000
vn 0.000000 0.000000 -1.000000
vn 0.000000 0.000000 -1.000000
vn 0.000000 0.000000 -1.000000
vn -1.000000 0.000000 0.000000
vn -1.000000 0.000000 0.000000
vn -1.000000 0.000000 0.000000
vn -1.000000 0.000000 0.000000
vn 1.000000 -0.000000 0.000000
vn 1.000000 0.000000 0.000000
vn 1.000000 0.000000 0.000000
vn 1.000000 0.000000 0.000000
vn 1.000000 0.000000 0.000000
vn 0.000000 0.990367 0.138471
vn 0.000000 0.990367 0.138471
vn -1.000000 0.000000 0.000000
vn -1.000000 0.000000 0.000000
vn -1.000000 0.000000 0.000000
vn -1.000000 0.000000 0.000000
vn -1.000000 0.000000 0.000000
vn -1.000000 0.000000 0.000000
vn -1.000000 -0.000000 0.000000
vn -1.000000 -0.000000 0.000000
vn -1.000000 0.000000 0.000000
vn 0.000000 0.990367 0.138471
vn 0.000000 0.990367 0.138471
vn 1.000000 -0.000000 0.000000
vn 1.000000 -0.000000 0.000000
vn 1.000000 0.000000 0.000000
vn 1.000000 -0.000000 0.000000
vn 0.000000 -0.457330 0.889297
vn 0.000000 -0.457330 0.889297
vn 0.000000 -0.457330 0.889297
vn 0.000000 -0.457330 0.889297
vn 0.000000 -0.988123 -0.153666
vn 0.000000 -0.988123 -0.153666
vn 0.000000 -0.988123 -0.153666
vn 0.000000 -0.988123 -0.153666
vn 0.000000 0.000000 -1.000000
vn 0.000000 0.000000 -1.000000
vn 0.000000 0.000000 -1.000000
vn 0.000000 0.000000 -1.000000
vn 0.000000 0.980525 0.196394
vn 0.000000 0.980525 0.196394
vn 0.000000 0.980525 0.196394
vn 0.000000 0.980525 0.196394
vn -1.000000 0.000000 0.000000
vn -1.000000 0.000000 0.000000
vn -1.000000 0.000000 0.000000
vn -1.000000 0.000000 0.000000
vn 1.000000 0.000000 0.000000
vn 1.000000 0.000000 0.000000
vn 1.000000 0.000000 0.000000
vn 1.000000 0.000000 0.000000
s 1
g group1 system_low
usemtl standardSurface1SG
f 2993/3875/4141 2994/3876/4142 2975/3877/4143 2976/3878/4144
s 2
f 3021/3879/4145 3022/3880/4146 2942/3881/4147 2941/3882/4148
s 3
f 2969/3883/4149 2970/3884/4150 2995/3885/4151 2996/3886/4152
s 4
f 2998/3887/4153 2999/3888/4154 3004/3889/4155 3005/3890/4156
s 5
f 3002/3891/4157 3003/3892/4158 3000/3893/4159 3001/3894/4160
s 6
f 2997/3895/4161 3007/3896/4162 3008/3897/4163 3006/3898/4164
s 7
f 2955/3899/4165 2953/3900/4166 2946/3901/4167 2948/3902/4168
s off
f 2941/3903/4169 2942/3904/4170 2990/3905/4171 2986/3906/4172
s 8
f 2967/3907/4173 2965/3908/4174 2958/3909/4175 2960/3910/4176
s off
f 2978/3911/4177 2984/3912/4178 2940/3913/4179 2939/3914/4180
s 9
f 2941/3903/4181 2986/3906/4182 2985/3915/4183 2952/3916/4184 2956/3917/4185
s 10
f 2940/3913/4186 2984/3912/4187 2983/3918/4188 2964/3919/4189 2968/3920/4190
s 7
f 2946/3921/4167 2945/3922/4191 2949/3923/4192 2948/3924/4168
s 11
f 2945/3922/4193 2947/3925/4194 2950/3926/4195 2949/3923/4196
s 9
f 2952/3916/4184 2951/3927/4197 2954/3928/4198 2956/3917/4185
s 7
f 2951/3927/4199 2953/3929/4166 2955/3930/4165 2954/3928/4200
s 8
f 2958/3931/4175 2957/3932/4201 2961/3933/4202 2960/3934/4176
s 12
f 2957/3932/4203 2959/3935/4204 2962/3936/4205 2961/3933/4206
s 10
f 2964/3919/4189 2963/3937/4207 2966/3938/4208 2968/3920/4190
s 8
f 2963/3937/4209 2965/3939/4174 2967/3940/4173 2966/3938/4210
s 13
f 2946/3941/4211 2997/3942/4212 3006/3943/4213 2945/3944/4214
s 2
f 2954/3945/4215 2955/3946/4216 3026/3947/4217 2956/3948/4218
s 15
f 2963/3949/4219 3002/3950/4220 3001/3951/4221 2965/3952/4222
s 2
f 2962/3953/4223 3027/3954/4224 2960/3955/4225 2961/3956/4226
s off
f 2987/3957/4227 2989/3958/4228 2970/3959/4229 2969/3960/4230
f 2944/3961/4231 2943/3962/4232 2972/3963/4233 2971/3964/4234
s 6
f 2996/3965/4235 2988/3966/4236 2987/3967/4237 2969/3968/4238
s off
f 2937/3969/4239 2938/3970/4240 2974/3971/4241 2973/3972/4242
s 5
f 2994/3973/4243 2982/3974/4244 2981/3975/4245 2975/3976/4246
s off
f 2981/3977/4247 2977/3978/4248 2976/3979/4249 2975/3980/4250
s 6
f 2977/3981/4251 2980/3982/4252 2993/3983/4253 2976/3984/4254
s 11
f 2979/3985/4255 2978/3911/4256 2939/3914/4257 2950/3926/4195 2947/3925/4194
s off
f 2978/3986/4258 2977/3978/4259 2981/3977/4260 2984/3987/4261
s 6
f 2977/3988/4251 2978/3911/4262 2979/3985/4263 2980/3989/4252
s 5
f 2981/3990/4245 2982/3991/4244 2983/3918/4264 2984/3912/4265
f 2989/3992/4266 2992/3993/4267 2995/3994/4268 2970/3995/4269
s 12
f 2991/3996/4270 2990/3905/4271 2942/3904/4272 2962/3936/4205 2959/3935/4204
s off
f 2987/3957/4273 2986/3997/4274 2990/3998/4275 2989/3958/4276
s 6
f 2985/3915/4277 2986/3906/4278 2987/3999/4237 2988/4000/4236
s 5
f 2989/4001/4266 2990/3905/4279 2991/3996/4280 2992/4002/4267
s 6
f 2993/3983/4253 2980/3982/4252 2937/4003/4281 2973/4004/4282
s 1
f 2973/4005/4283 2974/4006/4284 2994/3876/4142 2993/3875/4141
s 5
f 2938/4007/4285 2982/3974/4244 2994/3973/4243 2974/4008/4286
f 3003/3892/4158 3004/4009/4287 2999/4010/4288 3000/3893/4159
f 2995/3994/4268 2992/3993/4267 2944/4011/4289 2971/4012/4290
s 3
f 2996/3886/4152 2995/3885/4151 2971/4013/4291 2972/4014/4292
s 6
f 2943/4015/4293 2988/3966/4236 2996/3965/4235 2972/4016/4294
s 13
f 2951/4017/4295 3009/4018/4296 3020/4019/4297 2953/4020/4298
s 6
f 3009/4021/4299 3010/4022/4300 3019/4023/4301 3020/4024/4302
s 4
f 3011/4025/4303 3012/4026/4304 3017/4027/4305 3018/4028/4306
s 5
f 3016/4029/4307 3017/4030/4308 3012/4031/4309 3013/4032/4310
f 3015/4033/4311 3016/4029/4307 3013/4032/4310 3014/4034/4312
s 15
f 2958/4035/4313 3015/4036/4314 3014/4037/4315 2957/4038/4316
f 2963/3949/4219 2964/4039/4317 2983/4040/4318 3002/3950/4220
s 5
f 2982/4041/4244 3003/4042/4158 3002/3950/4157 2983/4040/4264
f 2938/4007/4319 3004/4009/4287 3003/3892/4158 2982/3974/4244
s 4
f 3005/3890/4156 3004/3889/4155 2938/3970/4320 2937/3969/4321
s 6
f 3006/3943/4164 3008/4043/4163 2980/4044/4252 2979/4045/4263
s 13
f 2945/3944/4214 3006/3943/4213 2979/4045/4322 2947/4046/4323
s 6
f 3018/4047/4324 3019/4023/4301 3010/4022/4300 3011/4048/4325
f 3008/3897/4163 3007/3896/4162 2998/4049/4326 3005/4050/4327
f 2980/3982/4252 3008/3897/4163 3005/4050/4327 2937/4003/4328
s 13
f 2951/4017/4295 2952/4051/4329 2985/4052/4330 3009/4018/4296
s 6
f 2988/4053/4236 3010/4054/4300 3009/4018/4299 2985/4052/4277
f 2943/4015/4331 3011/4048/4325 3010/4022/4300 2988/3966/4236
s 4
f 2944/3961/4332 3012/4026/4304 3011/4025/4303 2943/3962/4333
s 5
f 2992/3993/4267 3013/4032/4310 3012/4031/4309 2944/4011/4334
f 2991/4055/4280 3014/4037/4312 3013/4056/4310 2992/4057/4267
s 15
f 2957/4038/4316 3014/4037/4315 2991/4055/4335 2959/4058/4336
f 2965/3952/4222 3001/3951/4221 3015/4036/4314 2958/4035/4313
s 5
f 3001/3894/4160 3000/3893/4159 3016/4029/4307 3015/4033/4311
f 3000/3893/4159 2999/4010/4288 3017/4030/4308 3016/4029/4307
s 4
f 3018/4028/4306 3017/4027/4305 2999/3888/4154 2998/3887/4153
s 6
f 3007/3896/4162 3019/4023/4301 3018/4047/4324 2998/4049/4326
f 3020/4024/4302 3019/4023/4301 3007/3896/4162 2997/3895/4161
s 13
f 2953/4020/4298 3020/4019/4297 2997/3942/4212 2946/3941/4211
s 2
f 3025/4059/4337 3026/3947/4217 2955/3946/4216 2948/4060/4338
f 3023/4061/4339 3024/4062/4340 3022/3880/4146 3021/3879/4145
f 3027/3954/4224 3028/4063/4341 2967/4064/4342 2960/3955/4225
f 2949/4065/4343 2950/4066/4344 3025/4059/4337 2948/4060/4338
f 2939/4067/4345 2940/4068/4346 3024/4062/4340 3023/4061/4339
f 3028/4063/4341 2968/4069/4347 2966/4070/4348 2967/4064/4342
f 2950/4066/4344 2939/4067/4345 3023/4061/4339 3025/4059/4337
f 3021/3879/4145 3026/3947/4217 3025/4059/4337 3023/4061/4339
f 3026/3947/4217 3021/3879/4145 2941/3882/4148 2956/3948/4218
f 2942/3881/4147 3022/3880/4146 3027/3954/4224 2962/3953/4223
f 3024/4062/4340 3028/4063/4341 3027/3954/4224 3022/3880/4146
f 3024/4062/4340 2940/4068/4346 2968/4069/4347 3028/4063/4341
s 22
f 3029/4071/4349 3030/4072/4350 3044/4073/4351 3036/4074/4352
f 3035/4075/4353 3040/4076/4354 3032/4077/4355 3031/4078/4356
s 24
f 3047/4079/4357 3048/4080/4358 3045/4081/4359 3046/4082/4360
s 25
f 3054/4083/4361 3055/4084/4362 3062/4085/4363 3063/4086/4364
s 22
f 3035/4075/4353 3039/4087/4365 3041/4088/4366 3040/4076/4354
f 3039/4087/4365 3038/4089/4367 3042/4090/4368 3041/4088/4366
f 3038/4089/4367 3037/4091/4369 3043/4092/4370 3042/4090/4368
f 3037/4091/4369 3036/4074/4352 3044/4073/4351 3043/4092/4370
s 26
f 3064/4093/4371 3065/4094/4372 3052/4095/4373 3053/4096/4374
s 27
f 3060/4097/4375 3061/4098/4376 3056/4099/4377 3057/4100/4378
f 3061/4098/4376 3062/4101/4379 3055/4102/4380 3056/4099/4377
s 24
f 3046/4082/4360 3045/4081/4359 3034/4103/4381 3033/4104/4382
s 26
f 3063/4105/4383 3064/4093/4371 3053/4096/4374 3054/4106/4384
f 3035/4107/4385 3051/4108/4386 3066/4109/4387 3039/4110/4388
s 24
f 3031/4078/4389 3032/4077/4390 3049/4111/4391 3050/4112/4392
s 27
f 3041/4113/4393 3059/4114/4394 3058/4115/4395 3040/4116/4396
f 3059/4114/4394 3060/4097/4375 3057/4100/4378 3058/4115/4395
s 24
f 3050/4112/4392 3049/4111/4391 3048/4080/4358 3047/4079/4357
s 26
f 3065/4094/4372 3066/4109/4387 3051/4108/4386 3052/4095/4373
f 3035/4107/4385 3031/4117/4397 3050/4118/4398 3051/4108/4386
f 3052/4095/4373 3051/4108/4386 3050/4118/4398 3047/4119/4399
f 3053/4096/4374 3052/4095/4373 3047/4119/4399 3046/4120/4400
f 3054/4106/4384 3053/4096/4374 3046/4120/4400 3033/4121/4401
s 25
f 3033/4122/4402 3034/4123/4403 3055/4084/4362 3054/4083/4361
s 27
f 3056/4099/4377 3055/4102/4380 3034/4124/4404 3045/4125/4405
f 3057/4100/4378 3056/4099/4377 3045/4125/4405 3048/4126/4406
f 3058/4115/4395 3057/4100/4378 3048/4126/4406 3049/4127/4407
f 3040/4116/4396 3058/4115/4395 3049/4127/4407 3032/4128/4408
f 3042/4129/4409 3059/4114/4394 3041/4113/4393
f 3043/4130/4410 3060/4097/4375 3059/4114/4394 3042/4129/4409
f 3044/4131/4411 3061/4098/4376 3060/4097/4375 3043/4130/4410
f 3030/4132/4412 3062/4101/4379 3061/4098/4376 3044/4131/4411
s 25
f 3063/4086/4364 3062/4085/4363 3030/4133/4413 3029/4134/4414
s 26
f 3036/4135/4415 3064/4093/4371 3063/4105/4383 3029/4136/4416
f 3037/4137/4417 3065/4094/4372 3064/4093/4371 3036/4135/4415
f 3038/4138/4418 3066/4109/4387 3065/4094/4372 3037/4137/4417
f 3039/4110/4388 3066/4109/4387 3038/4138/4418
s off
f 3067/4139/4419 3068/4140/4420 3070/4141/4421 3069/4142/4422
f 3069/4142/4423 3070/4141/4424 3072/4143/4425 3071/4144/4426
f 3071/4144/4427 3072/4143/4428 3074/4145/4429 3073/4146/4430
f 3073/4147/4431 3074/4148/4432 3068/4149/4433 3067/4150/4434
f 3068/4151/4435 3074/4152/4436 3072/4143/4437 3070/4141/4438
f 3073/4153/4439 3067/4154/4440 3069/4142/4441 3071/4144/4442
f 3075/4155/4443 3076/4156/4444 3078/4157/4445 3077/4158/4446
f 3077/4158/4447 3078/4157/4448 3080/4159/4449 3079/4160/4450
f 3079/4160/4451 3080/4159/4452 3082/4161/4453 3081/4162/4454
f 3081/4163/4455 3082/4164/4456 3076/4165/4457 3075/4166/4458
f 3076/4167/4459 3082/4168/4460 3080/4159/4461 3078/4157/4462
f 3081/4169/4463 3075/4170/4464 3077/4158/4465 3079/4160/4466
s 30
f 3083/4171/4467 3084/4172/4468 3098/4173/4469 3090/4174/4470
f 3089/4175/4471 3094/4176/4472 3086/4177/4473 3085/4178/4474
s 32
f 3101/4179/4475 3102/4180/4476 3099/4181/4477 3100/4182/4478
s 33
f 3108/4183/4479 3109/4184/4480 3116/4185/4481 3117/4186/4482
s 30
f 3089/4175/4471 3093/4187/4483 3095/4188/4484 3094/4176/4472
f 3093/4187/4483 3092/4189/4485 3096/4190/4486 3095/4188/4484
f 3092/4189/4485 3091/4191/4487 3097/4192/4488 3096/4190/4486
f 3091/4191/4487 3090/4174/4470 3098/4173/4469 3097/4192/4488
s 34
f 3118/4193/4489 3119/4194/4490 3106/4195/4491 3107/4196/4492
s 35
f 3114/4197/4493 3115/4198/4494 3110/4199/4495 3111/4200/4496
f 3115/4198/4494 3116/4201/4497 3109/4202/4498 3110/4199/4495
s 32
f 3100/4182/4478 3099/4181/4477 3088/4203/4499 3087/4204/4500
s 34
f 3117/4205/4501 3118/4193/4489 3107/4196/4492 3108/4206/4502
f 3089/4207/4503 3105/4208/4504 3120/4209/4505 3093/4210/4506
s 32
f 3085/4178/4507 3086/4177/4508 3103/4211/4509 3104/4212/4510
s 35
f 3095/4213/4511 3113/4214/4512 3112/4215/4513 3094/4216/4514
f 3113/4214/4512 3114/4197/4493 3111/4200/4496 3112/4215/4513
s 32
f 3104/4212/4510 3103/4211/4509 3102/4180/4476 3101/4179/4475
s 34
f 3119/4194/4490 3120/4209/4505 3105/4208/4504 3106/4195/4491
f 3089/4207/4503 3085/4217/4515 3104/4218/4516 3105/4208/4504
f 3106/4195/4491 3105/4208/4504 3104/4218/4516 3101/4219/4517
f 3107/4196/4492 3106/4195/4491 3101/4219/4517 3100/4220/4518
f 3108/4206/4502 3107/4196/4492 3100/4220/4518 3087/4221/4519
s 33
f 3087/4222/4520 3088/4223/4521 3109/4184/4480 3108/4183/4479
s 35
f 3110/4199/4495 3109/4202/4498 3088/4224/4522 3099/4225/4523
f 3111/4200/4496 3110/4199/4495 3099/4225/4523 3102/4226/4524
f 3112/4215/4513 3111/4200/4496 3102/4226/4524 3103/4227/4525
f 3094/4216/4514 3112/4215/4513 3103/4227/4525 3086/4228/4526
f 3096/4229/4527 3113/4214/4512 3095/4213/4511
f 3097/4230/4528 3114/4197/4493 3113/4214/4512 3096/4229/4527
f 3098/4231/4529 3115/4198/4494 3114/4197/4493 3097/4230/4528
f 3084/4232/4530 3116/4201/4497 3115/4198/4494 3098/4231/4529
s 33
f 3117/4186/4482 3116/4185/4481 3084/4233/4531 3083/4234/4532
s 34
f 3090/4235/4533 3118/4193/4489 3117/4205/4501 3083/4236/4534
f 3091/4237/4535 3119/4194/4490 3118/4193/4489 3090/4235/4533
f 3092/4238/4536 3120/4209/4505 3119/4194/4490 3091/4237/4535
f 3093/4210/4506 3120/4209/4505 3092/4238/4536
s 38
f 3177/4239/4537 3178/4240/4538 3159/4241/4539 3160/4242/4540
s 39
f 3205/4243/4541 3206/4244/4542 3126/4245/4543 3125/4246/4544
s 40
f 3153/4247/4545 3154/4248/4546 3179/4249/4547 3180/4250/4548
s 41
f 3182/4251/4549 3183/4252/4550 3188/4253/4551 3189/4254/4552
s 42
f 3186/4255/4553 3187/4256/4554 3184/4257/4555 3185/4258/4556
s 43
f 3181/4259/4557 3191/4260/4558 3192/4261/4559 3190/4262/4560
s 44
f 3139/4263/4561 3137/4264/4562 3130/4265/4563 3132/4266/4564
s off
f 3125/4267/4565 3126/4268/4566 3174/4269/4567 3170/4270/4568
s 45
f 3151/4271/4569 3149/4272/4570 3142/4273/4571 3144/4274/4572
s off
f 3162/4275/4573 3168/4276/4574 3124/4277/4575 3123/4278/4576
s 46
f 3125/4267/4577 3170/4270/4578 3169/4279/4579 3136/4280/4580 3140/4281/4581
s 47
f 3124/4277/4582 3168/4276/4583 3167/4282/4584 3148/4283/4585 3152/4284/4586
s 44
f 3130/4285/4563 3129/4286/4587 3133/4287/4588 3132/4288/4564
s 48
f 3129/4286/4589 3131/4289/4590 3134/4290/4591 3133/4287/4592
s 46
f 3136/4280/4580 3135/4291/4593 3138/4292/4594 3140/4281/4581
s 44
f 3135/4291/4595 3137/4293/4562 3139/4294/4561 3138/4292/4596
s 45
f 3142/4295/4571 3141/4296/4597 3145/4297/4598 3144/4298/4572
s 49
f 3141/4296/4599 3143/4299/4600 3146/4300/4601 3145/4297/4602
s 47
f 3148/4283/4585 3147/4301/4603 3150/4302/4604 3152/4284/4586
s 45
f 3147/4301/4605 3149/4303/4570 3151/4304/4569 3150/4302/4606
s 50
f 3130/4305/4607 3181/4306/4608 3190/4307/4609 3129/4308/4610
s 39
f 3138/4309/4611 3139/4310/4612 3210/4311/4613 3140/4312/4614
s 52
f 3147/4313/4615 3186/4314/4616 3185/4315/4617 3149/4316/4618
s 39
f 3146/4317/4619 3211/4318/4620 3144/4319/4621 3145/4320/4622
s off
f 3171/4321/4623 3173/4322/4624 3154/4323/4625 3153/4324/4626
f 3128/4325/4627 3127/4326/4628 3156/4327/4629 3155/4328/4630
s 43
f 3180/4329/4631 3172/4330/4632 3171/4331/4633 3153/4332/4634
s off
f 3121/4333/4635 3122/4334/4636 3158/4335/4637 3157/4336/4638
s 42
f 3178/4337/4639 3166/4338/4640 3165/4339/4641 3159/4340/4642
s off
f 3165/4341/4643 3161/4342/4644 3160/4343/4645 3159/4344/4646
s 43
f 3161/4345/4647 3164/4346/4648 3177/4347/4649 3160/4348/4650
s 48
f 3163/4349/4651 3162/4275/4652 3123/4278/4653 3134/4290/4591 3131/4289/4590
s off
f 3162/4350/4654 3161/4342/4655 3165/4341/4656 3168/4351/4657
s 43
f 3161/4352/4647 3162/4275/4658 3163/4349/4659 3164/4353/4648
s 42
f 3165/4354/4641 3166/4355/4640 3167/4282/4660 3168/4276/4661
f 3173/4356/4662 3176/4357/4663 3179/4358/4664 3154/4359/4665
s 49
f 3175/4360/4666 3174/4269/4667 3126/4268/4668 3146/4300/4601 3143/4299/4600
s off
f 3171/4321/4669 3170/4361/4670 3174/4362/4671 3173/4322/4672
s 43
f 3169/4279/4673 3170/4270/4674 3171/4363/4633 3172/4364/4632
s 42
f 3173/4365/4662 3174/4269/4675 3175/4360/4676 3176/4366/4663
s 43
f 3177/4347/4649 3164/4346/4648 3121/4367/4677 3157/4368/4678
s 38
f 3157/4369/4679 3158/4370/4680 3178/4240/4538 3177/4239/4537
s 42
f 3122/4371/4681 3166/4338/4640 3178/4337/4639 3158/4372/4682
f 3187/4256/4554 3188/4373/4683 3183/4374/4684 3184/4257/4555
f 3179/4358/4664 3176/4357/4663 3128/4375/4685 3155/4376/4686
s 40
f 3180/4250/4548 3179/4249/4547 3155/4377/4687 3156/4378/4688
s 43
f 3127/4379/4689 3172/4330/4632 3180/4329/4631 3156/4380/4690
s 50
f 3135/4381/4691 3193/4382/4692 3204/4383/4693 3137/4384/4694
s 43
f 3193/4385/4695 3194/4386/4696 3203/4387/4697 3204/4388/4698
s 41
f 3195/4389/4699 3196/4390/4700 3201/4391/4701 3202/4392/4702
s 42
f 3200/4393/4703 3201/4394/4704 3196/4395/4705 3197/4396/4706
f 3199/4397/4707 3200/4393/4703 3197/4396/4706 3198/4398/4708
s 52
f 3142/4399/4709 3199/4400/4710 3198/4401/4711 3141/4402/4712
f 3147/4313/4615 3148/4403/4713 3167/4404/4714 3186/4314/4616
s 42
f 3166/4405/4640 3187/4406/4554 3186/4314/4553 3167/4404/4660
f 3122/4371/4715 3188/4373/4683 3187/4256/4554 3166/4338/4640
s 41
f 3189/4254/4552 3188/4253/4551 3122/4334/4716 3121/4333/4717
s 43
f 3190/4307/4560 3192/4407/4559 3164/4408/4648 3163/4409/4659
s 50
f 3129/4308/4610 3190/4307/4609 3163/4409/4718 3131/4410/4719
s 43
f 3202/4411/4720 3203/4387/4697 3194/4386/4696 3195/4412/4721
f 3192/4261/4559 3191/4260/4558 3182/4413/4722 3189/4414/4723
f 3164/4346/4648 3192/4261/4559 3189/4414/4723 3121/4367/4724
s 50
f 3135/4381/4691 3136/4415/4725 3169/4416/4726 3193/4382/4692
s 43
f 3172/4417/4632 3194/4418/4696 3193/4382/4695 3169/4416/4673
f 3127/4379/4727 3195/4412/4721 3194/4386/4696 3172/4330/4632
s 41
f 3128/4325/4728 3196/4390/4700 3195/4389/4699 3127/4326/4729
s 42
f 3176/4357/4663 3197/4396/4706 3196/4395/4705 3128/4375/4730
f 3175/4419/4676 3198/4401/4708 3197/4420/4706 3176/4421/4663
s 52
f 3141/4402/4712 3198/4401/4711 3175/4419/4731 3143/4422/4732
f 3149/4316/4618 3185/4315/4617 3199/4400/4710 3142/4399/4709
s 42
f 3185/4258/4556 3184/4257/4555 3200/4393/4703 3199/4397/4707
f 3184/4257/4555 3183/4374/4684 3201/4394/4704 3200/4393/4703
s 41
f 3202/4392/4702 3201/4391/4701 3183/4252/4550 3182/4251/4549
s 43
f 3191/4260/4558 3203/4387/4697 3202/4411/4720 3182/4413/4722
f 3204/4388/4698 3203/4387/4697 3191/4260/4558 3181/4259/4557
s 50
f 3137/4384/4694 3204/4383/4693 3181/4306/4608 3130/4305/4607
s 39
f 3209/4423/4733 3210/4311/4613 3139/4310/4612 3132/4424/4734
f 3207/4425/4735 3208/4426/4736 3206/4244/4542 3205/4243/4541
f 3211/4318/4620 3212/4427/4737 3151/4428/4738 3144/4319/4621
f 3133/4429/4739 3134/4430/4740 3209/4423/4733 3132/4424/4734
f 3123/4431/4741 3124/4432/4742 3208/4426/4736 3207/4425/4735
f 3212/4427/4737 3152/4433/4743 3150/4434/4744 3151/4428/4738
f 3134/4430/4740 3123/4431/4741 3207/4425/4735 3209/4423/4733
f 3205/4243/4541 3210/4311/4613 3209/4423/4733 3207/4425/4735
f 3210/4311/4613 3205/4243/4541 3125/4246/4544 3140/4312/4614
f 3126/4245/4543 3206/4244/4542 3211/4318/4620 3146/4317/4619
f 3208/4426/4736 3212/4427/4737 3211/4318/4620 3206/4244/4542
f 3208/4426/4736 3124/4432/4742 3152/4433/4743 3212/4427/4737
s 59
f 3269/4435/4745 3270/4436/4746 3251/4437/4747 3252/4438/4748
s 60
f 3297/4439/4749 3298/4440/4750 3218/4441/4751 3217/4442/4752
s 61
f 3245/4443/4753 3246/4444/4754 3271/4445/4755 3272/4446/4756
s 62
f 3274/4447/4757 3275/4448/4758 3280/4449/4759 3281/4450/4760
s 63
f 3278/4451/4761 3279/4452/4762 3276/4453/4763 3277/4454/4764
s 64
f 3273/4455/4765 3283/4456/4766 3284/4457/4767 3282/4458/4768
s 65
f 3231/4459/4769 3229/4460/4770 3222/4461/4771 3224/4462/4772
s off
f 3217/4463/4773 3218/4464/4774 3266/4465/4775 3262/4466/4776
s 66
f 3243/4467/4777 3241/4468/4778 3234/4469/4779 3236/4470/4780
s off
f 3254/4471/4781 3260/4472/4782 3216/4473/4783 3215/4474/4784
s 67
f 3217/4463/4785 3262/4466/4786 3261/4475/4787 3228/4476/4788 3232/4477/4789
s 68
f 3216/4473/4790 3260/4472/4791 3259/4478/4792 3240/4479/4793 3244/4480/4794
s 65
f 3222/4481/4771 3221/4482/4795 3225/4483/4796 3224/4484/4772
s 69
f 3221/4482/4797 3223/4485/4798 3226/4486/4799 3225/4483/4800
s 67
f 3228/4476/4788 3227/4487/4801 3230/4488/4802 3232/4477/4789
s 65
f 3227/4487/4803 3229/4489/4770 3231/4490/4769 3230/4488/4804
s 66
f 3234/4491/4779 3233/4492/4805 3237/4493/4806 3236/4494/4780
s 70
f 3233/4492/4807 3235/4495/4808 3238/4496/4809 3237/4493/4810
s 68
f 3240/4479/4793 3239/4497/4811 3242/4498/4812 3244/4480/4794
s 66
f 3239/4497/4813 3241/4499/4778 3243/4500/4777 3242/4498/4814
s 71
f 3222/4501/4815 3273/4502/4816 3282/4503/4817 3221/4504/4818
s 60
f 3230/4505/4819 3231/4506/4820 3302/4507/4821 3232/4508/4822
s 73
f 3239/4509/4823 3278/4510/4824 3277/4511/4825 3241/4512/4826
s 60
f 3238/4513/4827 3303/4514/4828 3236/4515/4829 3237/4516/4830
s off
f 3263/4517/4831 3265/4518/4832 3246/4519/4833 3245/4520/4834
f 3220/4521/4835 3219/4522/4836 3248/4523/4837 3247/4524/4838
s 64
f 3272/4525/4839 3264/4526/4840 3263/4527/4841 3245/4528/4842
s off
f 3213/4529/4843 3214/4530/4844 3250/4531/4845 3249/4532/4846
s 63
f 3270/4533/4847 3258/4534/4848 3257/4535/4849 3251/4536/4850
s off
f 3257/4537/4851 3253/4538/4852 3252/4539/4853 3251/4540/4854
s 64
f 3253/4541/4855 3256/4542/4856 3269/4543/4857 3252/4544/4858
s 69
f 3255/4545/4859 3254/4471/4860 3215/4474/4861 3226/4486/4799 3223/4485/4798
s off
f 3254/4546/4862 3253/4538/4863 3257/4537/4864 3260/4547/4865
s 64
f 3253/4548/4855 3254/4471/4866 3255/4545/4867 3256/4549/4856
s 63
f 3257/4550/4849 3258/4551/4848 3259/4478/4868 3260/4472/4869
f 3265/4552/4870 3268/4553/4871 3271/4554/4872 3246/4555/4873
s 70
f 3267/4556/4874 3266/4465/4875 3218/4464/4876 3238/4496/4809 3235/4495/4808
s off
f 3263/4517/4877 3262/4557/4878 3266/4558/4879 3265/4518/4880
s 64
f 3261/4475/4881 3262/4466/4882 3263/4559/4841 3264/4560/4840
s 63
f 3265/4561/4870 3266/4465/4883 3267/4556/4884 3268/4562/4871
s 64
f 3269/4543/4857 3256/4542/4856 3213/4563/4885 3249/4564/4886
s 59
f 3249/4565/4887 3250/4566/4888 3270/4436/4746 3269/4435/4745
s 63
f 3214/4567/4889 3258/4534/4848 3270/4533/4847 3250/4568/4890
f 3279/4452/4762 3280/4569/4891 3275/4570/4892 3276/4453/4763
f 3271/4554/4872 3268/4553/4871 3220/4571/4893 3247/4572/4894
s 61
f 3272/4446/4756 3271/4445/4755 3247/4573/4895 3248/4574/4896
s 64
f 3219/4575/4897 3264/4526/4840 3272/4525/4839 3248/4576/4898
s 71
f 3227/4577/4899 3285/4578/4900 3296/4579/4901 3229/4580/4902
s 64
f 3285/4581/4903 3286/4582/4904 3295/4583/4905 3296/4584/4906
s 62
f 3287/4585/4907 3288/4586/4908 3293/4587/4909 3294/4588/4910
s 63
f 3292/4589/4911 3293/4590/4912 3288/4591/4913 3289/4592/4914
f 3291/4593/4915 3292/4589/4911 3289/4592/4914 3290/4594/4916
s 73
f 3234/4595/4917 3291/4596/4918 3290/4597/4919 3233/4598/4920
f 3239/4509/4823 3240/4599/4921 3259/4600/4922 3278/4510/4824
s 63
f 3258/4601/4848 3279/4602/4762 3278/4510/4761 3259/4600/4868
f 3214/4567/4923 3280/4569/4891 3279/4452/4762 3258/4534/4848
s 62
f 3281/4450/4760 3280/4449/4759 3214/4530/4924 3213/4529/4925
s 64
f 3282/4503/4768 3284/4603/4767 3256/4604/4856 3255/4605/4867
s 71
f 3221/4504/4818 3282/4503/4817 3255/4605/4926 3223/4606/4927
s 64
f 3294/4607/4928 3295/4583/4905 3286/4582/4904 3287/4608/4929
f 3284/4457/4767 3283/4456/4766 3274/4609/4930 3281/4610/4931
f 3256/4542/4856 3284/4457/4767 3281/4610/4931 3213/4563/4932
s 71
f 3227/4577/4899 3228/4611/4933 3261/4612/4934 3285/4578/4900
s 64
f 3264/4613/4840 3286/4614/4904 3285/4578/4903 3261/4612/4881
f 3219/4575/4935 3287/4608/4929 3286/4582/4904 3264/4526/4840
s 62
f 3220/4521/4936 3288/4586/4908 3287/4585/4907 3219/4522/4937
s 63
f 3268/4553/4871 3289/4592/4914 3288/4591/4913 3220/4571/4938
f 3267/4615/4884 3290/4597/4916 3289/4616/4914 3268/4617/4871
s 73
f 3233/4598/4920 3290/4597/4919 3267/4615/4939 3235/4618/4940
f 3241/4512/4826 3277/4511/4825 3291/4596/4918 3234/4595/4917
s 63
f 3277/4454/4764 3276/4453/4763 3292/4589/4911 3291/4593/4915
f 3276/4453/4763 3275/4570/4892 3293/4590/4912 3292/4589/4911
s 62
f 3294/4588/4910 3293/4587/4909 3275/4448/4758 3274/4447/4757
s 64
f 3283/4456/4766 3295/4583/4905 3294/4607/4928 3274/4609/4930
f 3296/4584/4906 3295/4583/4905 3283/4456/4766 3273/4455/4765
s 71
f 3229/4580/4902 3296/4579/4901 3273/4502/4816 3222/4501/4815
s 60
f 3301/4619/4941 3302/4507/4821 3231/4506/4820 3224/4620/4942
f 3299/4621/4943 3300/4622/4944 3298/4440/4750 3297/4439/4749
f 3303/4514/4828 3304/4623/4945 3243/4624/4946 3236/4515/4829
f 3225/4625/4947 3226/4626/4948 3301/4619/4941 3224/4620/4942
f 3215/4627/4949 3216/4628/4950 3300/4622/4944 3299/4621/4943
f 3304/4623/4945 3244/4629/4951 3242/4630/4952 3243/4624/4946
f 3226/4626/4948 3215/4627/4949 3299/4621/4943 3301/4619/4941
f 3297/4439/4749 3302/4507/4821 3301/4619/4941 3299/4621/4943
f 3302/4507/4821 3297/4439/4749 3217/4442/4752 3232/4508/4822
f 3218/4441/4751 3298/4440/4750 3303/4514/4828 3238/4513/4827
f 3300/4622/4944 3304/4623/4945 3303/4514/4828 3298/4440/4750
f 3300/4622/4944 3216/4628/4950 3244/4629/4951 3304/4623/4945
s 80
f 3305/4631/4953 3306/4632/4954 3320/4633/4955 3312/4634/4956
f 3311/4635/4957 3316/4636/4958 3308/4637/4959 3307/4638/4960
s 82
f 3323/4639/4961 3324/4640/4962 3321/4641/4963 3322/4642/4964
s 83
f 3330/4643/4965 3331/4644/4966 3338/4645/4967 3339/4646/4968
s 80
f 3311/4635/4957 3315/4647/4969 3317/4648/4970 3316/4636/4958
f 3315/4647/4969 3314/4649/4971 3318/4650/4972 3317/4648/4970
f 3314/4649/4971 3313/4651/4973 3319/4652/4974 3318/4650/4972
f 3313/4651/4973 3312/4634/4956 3320/4633/4955 3319/4652/4974
s 84
f 3340/4653/4975 3341/4654/4976 3328/4655/4977 3329/4656/4978
s 85
f 3336/4657/4979 3337/4658/4980 3332/4659/4981 3333/4660/4982
f 3337/4658/4980 3338/4661/4983 3331/4662/4984 3332/4659/4981
s 82
f 3322/4642/4964 3321/4641/4963 3310/4663/4985 3309/4664/4986
s 84
f 3339/4665/4987 3340/4653/4975 3329/4656/4978 3330/4666/4988
f 3311/4667/4989 3327/4668/4990 3342/4669/4991 3315/4670/4992
s 82
f 3307/4638/4993 3308/4637/4994 3325/4671/4995 3326/4672/4996
s 85
f 3317/4673/4997 3335/4674/4998 3334/4675/4999 3316/4676/5000
f 3335/4674/4998 3336/4657/4979 3333/4660/4982 3334/4675/4999
s 82
f 3326/4672/4996 3325/4671/4995 3324/4640/4962 3323/4639/4961
s 84
f 3341/4654/4976 3342/4669/4991 3327/4668/4990 3328/4655/4977
f 3311/4667/4989 3307/4677/5001 3326/4678/5002 3327/4668/4990
f 3328/4655/4977 3327/4668/4990 3326/4678/5002 3323/4679/5003
f 3329/4656/4978 3328/4655/4977 3323/4679/5003 3322/4680/5004
f 3330/4666/4988 3329/4656/4978 3322/4680/5004 3309/4681/5005
s 83
f 3309/4682/5006 3310/4683/5007 3331/4644/4966 3330/4643/4965
s 85
f 3332/4659/4981 3331/4662/4984 3310/4684/5008 3321/4685/5009
f 3333/4660/4982 3332/4659/4981 3321/4685/5009 3324/4686/5010
f 3334/4675/4999 3333/4660/4982 3324/4686/5010 3325/4687/5011
f 3316/4676/5000 3334/4675/4999 3325/4687/5011 3308/4688/5012
f 3318/4689/5013 3335/4674/4998 3317/4673/4997
f 3319/4690/5014 3336/4657/4979 3335/4674/4998 3318/4689/5013
f 3320/4691/5015 3337/4658/4980 3336/4657/4979 3319/4690/5014
f 3306/4692/5016 3338/4661/4983 3337/4658/4980 3320/4691/5015
s 83
f 3339/4646/4968 3338/4645/4967 3306/4693/5017 3305/4694/5018
s 84
f 3312/4695/5019 3340/4653/4975 3339/4665/4987 3305/4696/5020
f 3313/4697/5021 3341/4654/4976 3340/4653/4975 3312/4695/5019
f 3314/4698/5022 3342/4669/4991 3341/4654/4976 3313/4697/5021
f 3315/4670/4992 3342/4669/4991 3314/4698/5022
s off
f 3343/4699/5023 3344/4700/5024 3346/4701/5025 3345/4702/5026
f 3345/4702/5027 3346/4701/5028 3348/4703/5029 3347/4704/5030
f 3347/4704/5031 3348/4703/5032 3350/4705/5033 3349/4706/5034
f 3349/4707/5035 3350/4708/5036 3344/4709/5037 3343/4710/5038
f 3344/4711/5039 3350/4712/5040 3348/4703/5041 3346/4701/5042
f 3349/4713/5043 3343/4714/5044 3345/4702/5045 3347/4704/5046
s 88
f 3407/4715/5047 3408/4716/5048 3389/4717/5049 3390/4718/5050
s 89
f 3435/4719/5051 3436/4720/5052 3356/4721/5053 3355/4722/5054
s 90
f 3383/4723/5055 3384/4724/5056 3409/4725/5057 3410/4726/5058
s 91
f 3412/4727/5059 3413/4728/5060 3418/4729/5061 3419/4730/5062
s 92
f 3416/4731/5063 3417/4732/5064 3414/4733/5065 3415/4734/5066
s 93
f 3411/4735/5067 3421/4736/5068 3422/4737/5069 3420/4738/5070
s 94
f 3369/4739/5071 3367/4740/5072 3360/4741/5073 3362/4742/5074
s off
f 3355/4743/5075 3356/4744/5076 3404/4745/5077 3400/4746/5078
s 95
f 3381/4747/5079 3379/4748/5080 3372/4749/5081 3374/4750/5082
s off
f 3392/4751/5083 3398/4752/5084 3354/4753/5085 3353/4754/5086
s 96
f 3355/4743/5087 3400/4746/5088 3399/4755/5089 3366/4756/5090 3370/4757/5091
s 97
f 3354/4753/5092 3398/4752/5093 3397/4758/5094 3378/4759/5095 3382/4760/5096
s 94
f 3360/4761/5073 3359/4762/5097 3363/4763/5098 3362/4764/5074
s 98
f 3359/4762/5099 3361/4765/5100 3364/4766/5101 3363/4763/5102
s 96
f 3366/4756/5090 3365/4767/5103 3368/4768/5104 3370/4757/5091
s 94
f 3365/4767/5105 3367/4769/5072 3369/4770/5071 3368/4768/5106
s 95
f 3372/4771/5081 3371/4772/5107 3375/4773/5108 3374/4774/5082
s 99
f 3371/4772/5109 3373/4775/5110 3376/4776/5111 3375/4773/5112
s 97
f 3378/4759/5095 3377/4777/5113 3380/4778/5114 3382/4760/5096
s 95
f 3377/4777/5115 3379/4779/5080 3381/4780/5079 3380/4778/5116
s 100
f 3360/4781/5117 3411/4782/5118 3420/4783/5119 3359/4784/5120
s 89
f 3368/4785/5121 3369/4786/5122 3440/4787/5123 3370/4788/5124
s 102
f 3377/4789/5125 3416/4790/5126 3415/4791/5127 3379/4792/5128
s 89
f 3376/4793/5129 3441/4794/5130 3374/4795/5131 3375/4796/5132
s off
f 3401/4797/5133 3403/4798/5134 3384/4799/5135 3383/4800/5136
f 3358/4801/5137 3357/4802/5138 3386/4803/5139 3385/4804/5140
s 93
f 3410/4805/5141 3402/4806/5142 3401/4807/5143 3383/4808/5144
s off
f 3351/4809/5145 3352/4810/5146 3388/4811/5147 3387/4812/5148
s 92
f 3408/4813/5149 3396/4814/5150 3395/4815/5151 3389/4816/5152
s off
f 3395/4817/5153 3391/4818/5154 3390/4819/5155 3389/4820/5156
s 93
f 3391/4821/5157 3394/4822/5158 3407/4823/5159 3390/4824/5160
s 98
f 3393/4825/5161 3392/4751/5162 3353/4754/5163 3364/4766/5101 3361/4765/5100
s off
f 3392/4826/5164 3391/4818/5165 3395/4817/5166 3398/4827/5167
s 93
f 3391/4828/5157 3392/4751/5168 3393/4825/5169 3394/4829/5158
s 92
f 3395/4830/5151 3396/4831/5150 3397/4758/5170 3398/4752/5171
f 3403/4832/5172 3406/4833/5173 3409/4834/5174 3384/4835/5175
s 99
f 3405/4836/5176 3404/4745/5177 3356/4744/5178 3376/4776/5111 3373/4775/5110
s off
f 3401/4797/5179 3400/4837/5180 3404/4838/5181 3403/4798/5182
s 93
f 3399/4755/5183 3400/4746/5184 3401/4839/5143 3402/4840/5142
s 92
f 3403/4841/5172 3404/4745/5185 3405/4836/5186 3406/4842/5173
s 93
f 3407/4823/5159 3394/4822/5158 3351/4843/5187 3387/4844/5188
s 88
f 3387/4845/5189 3388/4846/5190 3408/4716/5048 3407/4715/5047
s 92
f 3352/4847/5191 3396/4814/5150 3408/4813/5149 3388/4848/5192
f 3417/4732/5064 3418/4849/5193 3413/4850/5194 3414/4733/5065
f 3409/4834/5174 3406/4833/5173 3358/4851/5195 3385/4852/5196
s 90
f 3410/4726/5058 3409/4725/5057 3385/4853/5197 3386/4854/5198
s 93
f 3357/4855/5199 3402/4806/5142 3410/4805/5141 3386/4856/5200
s 100
f 3365/4857/5201 3423/4858/5202 3434/4859/5203 3367/4860/5204
s 93
f 3423/4861/5205 3424/4862/5206 3433/4863/5207 3434/4864/5208
s 91
f 3425/4865/5209 3426/4866/5210 3431/4867/5211 3432/4868/5212
s 92
f 3430/4869/5213 3431/4870/5214 3426/4871/5215 3427/4872/5216
f 3429/4873/5217 3430/4869/5213 3427/4872/5216 3428/4874/5218
s 102
f 3372/4875/5219 3429/4876/5220 3428/4877/5221 3371/4878/5222
f 3377/4789/5125 3378/4879/5223 3397/4880/5224 3416/4790/5126
s 92
f 3396/4881/5150 3417/4882/5064 3416/4790/5063 3397/4880/5170
f 3352/4847/5225 3418/4849/5193 3417/4732/5064 3396/4814/5150
s 91
f 3419/4730/5062 3418/4729/5061 3352/4810/5226 3351/4809/5227
s 93
f 3420/4783/5070 3422/4883/5069 3394/4884/5158 3393/4885/5169
s 100
f 3359/4784/5120 3420/4783/5119 3393/4885/5228 3361/4886/5229
s 93
f 3432/4887/5230 3433/4863/5207 3424/4862/5206 3425/4888/5231
f 3422/4737/5069 3421/4736/5068 3412/4889/5232 3419/4890/5233
f 3394/4822/5158 3422/4737/5069 3419/4890/5233 3351/4843/5234
s 100
f 3365/4857/5201 3366/4891/5235 3399/4892/5236 3423/4858/5202
s 93
f 3402/4893/5142 3424/4894/5206 3423/4858/5205 3399/4892/5183
f 3357/4855/5237 3425/4888/5231 3424/4862/5206 3402/4806/5142
s 91
f 3358/4801/5238 3426/4866/5210 3425/4865/5209 3357/4802/5239
s 92
f 3406/4833/5173 3427/4872/5216 3426/4871/5215 3358/4851/5240
f 3405/4895/5186 3428/4877/5218 3427/4896/5216 3406/4897/5173
s 102
f 3371/4878/5222 3428/4877/5221 3405/4895/5241 3373/4898/5242
f 3379/4792/5128 3415/4791/5127 3429/4876/5220 3372/4875/5219
s 92
f 3415/4734/5066 3414/4733/5065 3430/4869/5213 3429/4873/5217
f 3414/4733/5065 3413/4850/5194 3431/4870/5214 3430/4869/5213
s 91
f 3432/4868/5212 3431/4867/5211 3413/4728/5060 3412/4727/5059
s 93
f 3421/4736/5068 3433/4863/5207 3432/4887/5230 3412/4889/5232
f 3434/4864/5208 3433/4863/5207 3421/4736/5068 3411/4735/5067
s 100
f 3367/4860/5204 3434/4859/5203 3411/4782/5118 3360/4781/5117
s 89
f 3439/4899/5243 3440/4787/5123 3369/4786/5122 3362/4900/5244
f 3437/4901/5245 3438/4902/5246 3436/4720/5052 3435/4719/5051
f 3441/4794/5130 3442/4903/5247 3381/4904/5248 3374/4795/5131
f 3363/4905/5249 3364/4906/5250 3439/4899/5243 3362/4900/5244
f 3353/4907/5251 3354/4908/5252 3438/4902/5246 3437/4901/5245
f 3442/4903/5247 3382/4909/5253 3380/4910/5254 3381/4904/5248
f 3364/4906/5250 3353/4907/5251 3437/4901/5245 3439/4899/5243
f 3435/4719/5051 3440/4787/5123 3439/4899/5243 3437/4901/5245
f 3440/4787/5123 3435/4719/5051 3355/4722/5054 3370/4788/5124
f 3356/4721/5053 3436/4720/5052 3441/4794/5130 3376/4793/5129
f 3438/4902/5246 3442/4903/5247 3441/4794/5130 3436/4720/5052
f 3438/4902/5246 3354/4908/5252 3382/4909/5253 3442/4903/5247
s 109
f 3443/4911/5255 3444/4912/5256 3458/4913/5257 3450/4914/5258
f 3449/4915/5259 3454/4916/5260 3446/4917/5261 3445/4918/5262
s 111
f 3461/4919/5263 3462/4920/5264 3459/4921/5265 3460/4922/5266
s 112
f 3468/4923/5267 3469/4924/5268 3476/4925/5269 3477/4926/5270
s 109
f 3449/4915/5259 3453/4927/5271 3455/4928/5272 3454/4916/5260
f 3453/4927/5271 3452/4929/5273 3456/4930/5274 3455/4928/5272
f 3452/4929/5273 3451/4931/5275 3457/4932/5276 3456/4930/5274
f 3451/4931/5275 3450/4914/5258 3458/4913/5257 3457/4932/5276
s 113
f 3478/4933/5277 3479/4934/5278 3466/4935/5279 3467/4936/5280
s 114
f 3474/4937/5281 3475/4938/5282 3470/4939/5283 3471/4940/5284
f 3475/4938/5282 3476/4941/5285 3469/4942/5286 3470/4939/5283
s 111
f 3460/4922/5266 3459/4921/5265 3448/4943/5287 3447/4944/5288
s 113
f 3477/4945/5289 3478/4933/5277 3467/4936/5280 3468/4946/5290
f 3449/4947/5291 3465/4948/5292 3480/4949/5293 3453/4950/5294
s 111
f 3445/4918/5295 3446/4917/5296 3463/4951/5297 3464/4952/5298
s 114
f 3455/4953/5299 3473/4954/5300 3472/4955/5301 3454/4956/5302
f 3473/4954/5300 3474/4937/5281 3471/4940/5284 3472/4955/5301
s 111
f 3464/4952/5298 3463/4951/5297 3462/4920/5264 3461/4919/5263
s 113
f 3479/4934/5278 3480/4949/5293 3465/4948/5292 3466/4935/5279
f 3449/4947/5291 3445/4957/5303 3464/4958/5304 3465/4948/5292
f 3466/4935/5279 3465/4948/5292 3464/4958/5304 3461/4959/5305
f 3467/4936/5280 3466/4935/5279 3461/4959/5305 3460/4960/5306
f 3468/4946/5290 3467/4936/5280 3460/4960/5306 3447/4961/5307
s 112
f 3447/4962/5308 3448/4963/5309 3469/4924/5268 3468/4923/5267
s 114
f 3470/4939/5283 3469/4942/5286 3448/4964/5310 3459/4965/5311
f 3471/4940/5284 3470/4939/5283 3459/4965/5311 3462/4966/5312
f 3472/4955/5301 3471/4940/5284 3462/4966/5312 3463/4967/5313
f 3454/4956/5302 3472/4955/5301 3463/4967/5313 3446/4968/5314
f 3456/4969/5315 3473/4954/5300 3455/4953/5299
f 3457/4970/5316 3474/4937/5281 3473/4954/5300 3456/4969/5315
f 3458/4971/5317 3475/4938/5282 3474/4937/5281 3457/4970/5316
f 3444/4972/5318 3476/4941/5285 3475/4938/5282 3458/4971/5317
s 112
f 3477/4926/5270 3476/4925/5269 3444/4973/5319 3443/4974/5320
s 113
f 3450/4975/5321 3478/4933/5277 3477/4945/5289 3443/4976/5322
f 3451/4977/5323 3479/4934/5278 3478/4933/5277 3450/4975/5321
f 3452/4978/5324 3480/4949/5293 3479/4934/5278 3451/4977/5323
f 3453/4950/5294 3480/4949/5293 3452/4978/5324
s off
f 3481/4979/5325 3482/4980/5326 3484/4981/5327 3483/4982/5328
f 3483/4982/5329 3484/4981/5330 3486/4983/5331 3485/4984/5332
f 3485/4984/5333 3486/4983/5334 3488/4985/5335 3487/4986/5336
f 3487/4987/5337 3488/4988/5338 3482/4989/5339 3481/4990/5340
f 3482/4991/5341 3488/4992/5342 3486/4983/5343 3484/4981/5344
f 3487/4993/5345 3481/4994/5346 3483/4982/5347 3485/4984/5348
g default
v 0.220668 -0.297497 -10.047926
v 0.187711 -0.362177 -10.047926
v 0.136380 -0.413509 -10.047926
v 0.071699 -0.446465 -10.047926
v 0.000000 -0.457821 -10.047926
v -0.071699 -0.446465 -10.047926
v -0.136380 -0.413508 -10.047926
v -0.187711 -0.362177 -10.047926
v -0.220668 -0.297496 -10.047926
v -0.232024 -0.225797 -10.047926
v -0.220668 -0.154098 -10.047926
v -0.187711 -0.089417 -10.047926
v -0.136380 -0.038086 -10.047926
v -0.071699 -0.005129 -10.047926
v -0.000000 0.006227 -10.047926
v 0.071699 -0.005129 -10.047926
v 0.136380 -0.038086 -10.047926
v 0.187711 -0.089417 -10.047926
v 0.220668 -0.154098 -10.047926
v 0.232024 -0.225797 -10.047926
v 0.096489 -0.257148 -10.712588
v 0.082078 -0.285431 -10.712588
v 0.059633 -0.307876 -10.712588
v 0.031351 -0.322286 -10.712588
v -0.000000 -0.327252 -10.712588
v -0.031351 -0.322286 -10.712588
v -0.059633 -0.307876 -10.712588
v -0.082078 -0.285431 -10.712588
v -0.096489 -0.257148 -10.712588
v -0.101454 -0.225797 -10.712588
v -0.096489 -0.194446 -10.712588
v -0.082078 -0.166164 -10.712588
v -0.059633 -0.143719 -10.712588
v -0.031351 -0.129308 -10.712588
v -0.000000 -0.124343 -10.712588
v 0.031351 -0.129308 -10.712588
v 0.059633 -0.143719 -10.712588
v 0.082078 -0.166164 -10.712588
v 0.096489 -0.194446 -10.712588
v 0.101454 -0.225797 -10.712588
v 0.000000 -0.225797 -10.047926
v 0.096489 -0.257148 -10.863348
v 0.082078 -0.285431 -10.863348
v 0.059633 -0.307876 -10.863348
v 0.031351 -0.322286 -10.863348
v -0.000000 -0.327252 -10.863348
v -0.031351 -0.322286 -10.863348
v -0.059633 -0.307876 -10.863348
v -0.082078 -0.285431 -10.863348
v -0.096489 -0.257148 -10.863348
v -0.101454 -0.225797 -10.863348
v -0.096489 -0.194446 -10.863348
v -0.082078 -0.166164 -10.863348
v -0.059633 -0.143719 -10.863348
v -0.031351 -0.129308 -10.863348
v -0.000000 -0.124343 -10.863348
v 0.031351 -0.129308 -10.863348
v 0.059633 -0.143719 -10.863348
v 0.082078 -0.166164 -10.863348
v 0.096489 -0.194446 -10.863348
v 0.101454 -0.225797 -10.863348
v 0.133158 -0.269063 -10.516316
v 0.140011 -0.225797 -10.516316
v 0.133158 -0.182531 -10.516316
v 0.113271 -0.143501 -10.516316
v 0.082296 -0.112526 -10.516316
v 0.043266 -0.092639 -10.516316
v -0.000000 -0.085786 -10.516316
v -0.043266 -0.092639 -10.516316
v -0.082296 -0.112526 -10.516316
v -0.113271 -0.143501 -10.516316
v -0.133158 -0.182531 -10.516316
v -0.140011 -0.225797 -10.516316
v -0.133158 -0.269063 -10.516316
v -0.113271 -0.308094 -10.516316
v -0.082296 -0.339069 -10.516316
v -0.043266 -0.358956 -10.516316
v -0.000000 -0.365808 -10.516316
v 0.043266 -0.358956 -10.516316
v 0.082296 -0.339069 -10.516316
v 0.113271 -0.308094 -10.516316
v 0.177135 -0.283352 -10.280937
v 0.186250 -0.225797 -10.280937
v 0.177134 -0.168243 -10.280937
v 0.150680 -0.116322 -10.280937
v 0.109475 -0.075118 -10.280937
v 0.057554 -0.048663 -10.280937
v -0.000000 -0.039547 -10.280937
v -0.057555 -0.048663 -10.280937
v -0.109475 -0.075118 -10.280937
v -0.150680 -0.116322 -10.280937
v -0.177135 -0.168243 -10.280937
v -0.186250 -0.225797 -10.280937
v -0.177135 -0.283352 -10.280937
v -0.150680 -0.335272 -10.280937
v -0.109475 -0.376477 -10.280937
v -0.057555 -0.402932 -10.280937
v -0.000000 -0.412048 -10.280937
v 0.057555 -0.402932 -10.280937
v 0.109475 -0.376477 -10.280937
v 0.150680 -0.335272 -10.280937
v 0.238612 -0.303327 -10.051632
v 0.202975 -0.373267 -10.051632
v 0.165944 -0.346362 -10.284643
v 0.195079 -0.289182 -10.284643
v 0.147470 -0.428773 -10.051632
v 0.120565 -0.391741 -10.284643
v 0.077530 -0.464409 -10.051632
v 0.063385 -0.420876 -10.284643
v 0.000000 -0.476689 -10.051632
v 0.000000 -0.430915 -10.284643
v -0.077530 -0.464409 -10.051632
v -0.063385 -0.420876 -10.284643
v -0.147470 -0.428773 -10.051632
v -0.120565 -0.391741 -10.284643
v -0.202975 -0.373267 -10.051632
v -0.165944 -0.346362 -10.284643
v -0.238612 -0.303327 -10.051632
v -0.195078 -0.289182 -10.284643
v -0.250891 -0.225797 -10.051632
v -0.205118 -0.225797 -10.284643
v -0.238612 -0.148267 -10.051632
v -0.195079 -0.162412 -10.284643
v -0.202975 -0.078327 -10.051632
v -0.165944 -0.105232 -10.284643
v -0.147470 -0.022822 -10.051632
v -0.120565 -0.059853 -10.284643
v -0.077530 0.012815 -10.051632
v -0.063385 -0.030719 -10.284643
v -0.000000 0.025094 -10.051632
v -0.000000 -0.020680 -10.284643
v 0.077530 0.012815 -10.051632
v 0.063385 -0.030719 -10.284643
v 0.147470 -0.022822 -10.051632
v 0.120565 -0.059853 -10.284643
v 0.202975 -0.078327 -10.051632
v 0.165944 -0.105232 -10.284643
v 0.238612 -0.148267 -10.051632
v 0.195079 -0.162412 -10.284643
v 0.250891 -0.225797 -10.051632
v 0.205118 -0.225797 -10.284643
v 0.153936 -0.275814 -10.520607
v 0.161858 -0.225797 -10.520607
v 0.117266 -0.263899 -10.716879
v 0.123301 -0.225797 -10.716879
v 0.153936 -0.175780 -10.520607
v 0.117266 -0.187695 -10.716879
v 0.130946 -0.130660 -10.520607
v 0.099753 -0.153323 -10.716879
v 0.095137 -0.094852 -10.520607
v 0.072474 -0.126045 -10.716879
v 0.050017 -0.071861 -10.520607
v 0.038102 -0.108531 -10.716879
v 0.000000 -0.063940 -10.520607
v 0.000000 -0.102496 -10.716879
v -0.050017 -0.071862 -10.520607
v -0.038102 -0.108531 -10.716879
v -0.095137 -0.094852 -10.520607
v -0.072474 -0.126045 -10.716879
v -0.130946 -0.130660 -10.520607
v -0.099753 -0.153323 -10.716879
v -0.153936 -0.175780 -10.520607
v -0.117266 -0.187695 -10.716879
v -0.161857 -0.225797 -10.520607
v -0.123301 -0.225797 -10.716879
v -0.153936 -0.275814 -10.520607
v -0.117266 -0.263899 -10.716879
v -0.130946 -0.320935 -10.520607
v -0.099753 -0.298272 -10.716879
v -0.095138 -0.356743 -10.520607
v -0.072475 -0.325550 -10.716879
v -0.050017 -0.379733 -10.520607
v -0.038102 -0.343063 -10.716879
v -0.000000 -0.387655 -10.520607
v -0.000000 -0.349098 -10.716879
v 0.050017 -0.379733 -10.520607
v 0.038102 -0.343063 -10.716879
v 0.095137 -0.356743 -10.520607
v 0.072474 -0.325550 -10.716879
v 0.130946 -0.320935 -10.520607
v 0.099753 -0.298272 -10.716879
v 0.075223 -0.250239 -10.863348
v 0.063988 -0.272287 -10.863348
v 0.046490 -0.289785 -10.863348
v 0.024441 -0.301020 -10.863348
v -0.000000 -0.304891 -10.863348
v -0.024441 -0.301020 -10.863348
v -0.046490 -0.289785 -10.863348
v -0.063988 -0.272287 -10.863348
v -0.075223 -0.250239 -10.863348
v -0.079094 -0.225797 -10.863348
v -0.075223 -0.201356 -10.863348
v -0.063988 -0.179307 -10.863348
v -0.046490 -0.161809 -10.863348
v -0.024441 -0.150575 -10.863348
v -0.000000 -0.146704 -10.863348
v 0.024441 -0.150575 -10.863348
v 0.046490 -0.161809 -10.863348
v 0.063988 -0.179307 -10.863348
v 0.075223 -0.201356 -10.863348
v 0.079094 -0.225797 -10.863348
v 0.067117 -0.247605 -10.817376
v 0.057093 -0.267278 -10.817376
v -0.000000 -0.225797 -10.817376
v 0.041481 -0.282890 -10.817376
v 0.021808 -0.292914 -10.817376
v -0.000000 -0.296368 -10.817376
v -0.021808 -0.292914 -10.817376
v -0.041481 -0.282890 -10.817376
v -0.057093 -0.267278 -10.817376
v -0.067117 -0.247605 -10.817376
v -0.070571 -0.225797 -10.817376
v -0.067117 -0.203990 -10.817376
v -0.057093 -0.184317 -10.817376
v -0.041481 -0.168704 -10.817376
v -0.021808 -0.158680 -10.817376
v -0.000000 -0.155226 -10.817376
v 0.021808 -0.158680 -10.817376
v 0.041481 -0.168704 -10.817376
v 0.057093 -0.184317 -10.817376
v 0.067117 -0.203990 -10.817376
v 0.070571 -0.225797 -10.817376
vt 0.966874 0.878565
vt 0.280153 0.940701
vt 0.987308 0.880619
vt 0.358967 0.915733
vt 0.273639 0.940701
vt 0.989633 0.875836
vt 0.267445 0.942713
vt 0.992241 0.871202
vt 0.262175 0.946542
vt 0.995118 0.966769
vt 0.258346 0.951811
vt 0.992235 0.962300
vt 0.256333 0.958006
vt 0.989627 0.957666
vt 0.256333 0.964519
vt 0.987303 0.952884
vt 0.258346 0.970714
vt 0.985272 0.947969
vt 0.262174 0.975984
vt 0.983540 0.942942
vt 0.267443 0.979812
vt 0.982115 0.937819
vt 0.273638 0.981825
vt 0.981001 0.932619
vt 0.280151 0.981825
vt 0.980202 0.927362
vt 0.286346 0.979813
vt 0.979722 0.922066
vt 0.291616 0.975985
vt 0.979562 0.916751
vt 0.295444 0.970715
vt 0.979723 0.911435
vt 0.297457 0.964521
vt 0.980204 0.906140
vt 0.297458 0.958007
vt 0.981003 0.900882
vt 0.295445 0.951812
vt 0.982117 0.895683
vt 0.291617 0.946543
vt 0.983543 0.890560
vt 0.279904 0.942275
vt 0.285624 0.944134
vt 0.276895 0.961263
vt 0.273889 0.942275
vt 0.268168 0.944133
vt 0.263302 0.947668
vt 0.259766 0.952534
vt 0.257907 0.958255
vt 0.257907 0.964270
vt 0.259766 0.969990
vt 0.263301 0.974857
vt 0.268167 0.978392
vt 0.273887 0.980251
vt 0.279902 0.980252
vt 0.285623 0.978393
vt 0.290489 0.974858
vt 0.294025 0.969992
vt 0.295883 0.964271
vt 0.295884 0.958257
vt 0.294025 0.952536
vt 0.290490 0.947670
vt 0.621822 0.549372
vt 0.004534 0.688754
vt 0.616612 0.552027
vt 0.003153 0.689816
vt 0.001638 0.690727
vt 0.000000 0.664825
vt 0.001625 0.665547
vt 0.003133 0.666418
vt 0.004510 0.667460
vt 0.005743 0.668662
vt 0.006816 0.670007
vt 0.007715 0.671474
vt 0.008429 0.673039
vt 0.008947 0.674681
vt 0.009263 0.676373
vt 0.009370 0.678091
vt 0.009268 0.679810
vt 0.008958 0.681503
vt 0.008444 0.683147
vt 0.007734 0.684716
vt 0.006838 0.686187
vt 0.495305 0.652431
vt 0.496038 0.649559
vt 0.008337 0.693052
vt 0.010046 0.691345
vt 0.496868 0.646755
vt 0.006432 0.694544
vt 0.497782 0.644051
vt 0.004332 0.695790
vt 0.498762 0.641516
vt 0.001698 0.659593
vt 0.497876 0.696629
vt 0.004168 0.660411
vt 0.496913 0.693942
vt 0.006331 0.661643
vt 0.496050 0.691150
vt 0.008271 0.663130
vt 0.495296 0.688286
vt 0.009998 0.664835
vt 0.494656 0.685370
vt 0.011501 0.666732
vt 0.494131 0.682414
vt 0.012761 0.668796
vt 0.493724 0.679427
vt 0.013762 0.670995
vt 0.493434 0.676419
vt 0.014488 0.673299
vt 0.493262 0.673396
vt 0.014929 0.675674
vt 0.493209 0.670367
vt 0.015079 0.678085
vt 0.493272 0.667336
vt 0.014936 0.680496
vt 0.493452 0.664313
vt 0.014501 0.682872
vt 0.493747 0.661303
vt 0.013782 0.685178
vt 0.494155 0.658314
vt 0.012789 0.687380
vt 0.494675 0.655353
vt 0.011537 0.689445
vt 0.476555 0.650993
vt 0.381254 0.922941
vt 0.493496 0.651933
vt 0.492842 0.654940
vt 0.475811 0.654836
vt 0.492305 0.657981
vt 0.475238 0.658687
vt 0.491885 0.661049
vt 0.474829 0.662544
vt 0.491582 0.664136
vt 0.474580 0.666406
vt 0.491397 0.667237
vt 0.474489 0.670274
vt 0.491331 0.670344
vt 0.474555 0.674145
vt 0.491385 0.673451
vt 0.474780 0.678019
vt 0.491560 0.676552
vt 0.475169 0.681894
vt 0.491856 0.679640
vt 0.475727 0.685768
vt 0.492274 0.682708
vt 0.476464 0.689640
vt 0.492815 0.685748
vt 0.477394 0.693505
vt 0.493479 0.688754
vt 0.478533 0.697359
vt 0.494269 0.691720
vt 0.479905 0.701193
vt 0.495198 0.694642
vt 0.481533 0.704991
vt 0.496298 0.697524
vt 0.483419 0.632012
vt 0.497606 0.640328
vt 0.481550 0.635748
vt 0.496249 0.643155
vt 0.479955 0.639529
vt 0.495174 0.646037
vt 0.478608 0.643336
vt 0.494269 0.648963
vt 0.359137 0.920812
vt 0.360467 0.916224
vt 0.379530 0.922370
vt 0.378478 0.925949
vt 0.358042 0.925459
vt 0.377612 0.929579
vt 0.357187 0.930156
vt 0.376934 0.933250
vt 0.356574 0.934889
vt 0.376449 0.936952
vt 0.356205 0.939647
vt 0.376156 0.940674
vt 0.356081 0.944419
vt 0.376057 0.944406
vt 0.356204 0.949191
vt 0.376152 0.948138
vt 0.356571 0.953951
vt 0.376440 0.951859
vt 0.357184 0.958688
vt 0.376921 0.955558
vt 0.358040 0.963391
vt 0.377594 0.959225
vt 0.359136 0.968048
vt 0.378456 0.962849
vt 0.360473 0.972649
vt 0.379504 0.966419
vt 0.362052 0.977182
vt 0.380729 0.969922
vt 0.363889 0.981634
vt 0.382113 0.973350
vt 0.366040 0.985969
vt 0.383604 0.976703
vt 0.368365 0.898876
vt 0.385060 0.980002
vt 0.365911 0.902969
vt 0.383595 0.911970
vt 0.363837 0.907280
vt 0.382133 0.915388
vt 0.362032 0.911709
vt 0.380757 0.918849
vt 0.007140 0.691639
vt 0.008683 0.690092
vt 0.005431 0.692984
vt 0.003590 0.694100
vt 0.001464 0.661414
vt 0.003433 0.662145
vt 0.005312 0.663207
vt 0.007047 0.664527
vt 0.008608 0.666060
vt 0.009971 0.667774
vt 0.011116 0.669642
vt 0.012026 0.671635
vt 0.012687 0.673724
vt 0.013090 0.675877
vt 0.013230 0.678063
vt 0.013103 0.680250
vt 0.012711 0.682406
vt 0.012062 0.684498
vt 0.011164 0.686495
vt 0.010031 0.688369
vt 0.964755 0.884714
vt 0.286347 0.942714
vt 0.963011 0.890980
vt 0.961648 0.897340
vt 0.960670 0.903770
vt 0.960082 0.910248
vt 0.959886 0.916749
vt 0.960081 0.923251
vt 0.960669 0.929728
vt 0.961645 0.936159
vt 0.963008 0.942519
vt 0.964751 0.948785
vt 0.966869 0.954935
vt 0.969354 0.960946
vt 0.972197 0.966796
vt 0.975387 0.972464
vt 0.978921 0.855572
vt 0.975394 0.861037
vt 0.972203 0.866704
vt 0.969360 0.872554
vt 0.507127 0.657464
vt 0.507653 0.654913
vt 0.506684 0.660025
vt 0.506333 0.662596
vt 0.506076 0.665174
vt 0.505918 0.667757
vt 0.505859 0.670341
vt 0.505901 0.672923
vt 0.506044 0.675500
vt 0.506286 0.678069
vt 0.506626 0.680625
vt 0.507058 0.683168
vt 0.507579 0.685695
vt 0.508178 0.688206
vt 0.508843 0.690703
vt 0.509557 0.693192
vt 0.510291 0.695688
vt 0.509604 0.647306
vt 0.508911 0.649840
vt 0.508253 0.652373
vt 0.620747 0.547892
vt 0.005767 0.687540
vt 0.619267 0.546816
vt 0.617527 0.546251
vt 0.615697 0.546251
vt 0.613957 0.546816
vt 0.612477 0.547891
vt 0.611402 0.549372
vt 0.610836 0.551112
vt 0.610836 0.552941
vt 0.611402 0.554681
vt 0.612477 0.556161
vt 0.613957 0.557237
vt 0.615697 0.557802
vt 0.617526 0.557802
vt 0.619266 0.557237
vt 0.620747 0.556161
vt 0.621822 0.554681
vt 0.622387 0.552941
vt 0.622387 0.551112
vt 0.000002 0.691538
vt 0.001667 0.694926
vt 0.001980 0.696679
vt 0.985276 0.885533
vt 0.357613 0.920401
vt 0.356499 0.925129
vt 0.355629 0.929905
vt 0.355005 0.934720
vt 0.354629 0.939560
vt 0.354503 0.944412
vt 0.354627 0.949266
vt 0.355001 0.954108
vt 0.355624 0.958926
vt 0.356494 0.963710
vt 0.357609 0.968447
vt 0.358969 0.973129
vt 0.360577 0.977749
vt 0.362453 0.982305
vt 0.364674 0.986800
vt 0.367221 0.897812
vt 0.364551 0.902157
vt 0.362406 0.906609
vt 0.360562 0.911134
vt 0.382460 0.919493
vt 0.477482 0.647159
vt 0.383836 0.916072
vt 0.385353 0.912598
vt 0.386795 0.979723
vt 0.385330 0.976101
vt 0.383817 0.972707
vt 0.382445 0.969325
vt 0.381242 0.965897
vt 0.380217 0.962413
vt 0.379374 0.958880
vt 0.378717 0.955305
vt 0.378246 0.951698
vt 0.377964 0.948071
vt 0.377870 0.944433
vt 0.377965 0.940794
vt 0.378249 0.937165
vt 0.378722 0.933556
vt 0.379381 0.929977
vt 0.380226 0.926436
vt 0.510288 0.644745
vt 0.483418 0.708724
vt 0.497693 0.700359
vt 0.498926 0.699150
vt 0.384994 0.908538
vt 0.386797 0.908782
vt 0.368658 0.990087
vt 0.367523 0.991196
vt 0.978913 0.977929
vt 0.995125 0.866734
vn 0.933221 -0.303221 -0.192760
vn 0.793845 -0.576762 -0.192760
vn 0.793845 -0.576762 -0.192760
vn 0.933221 -0.303221 -0.192760
vn 0.576762 -0.793845 -0.192760
vn 0.576762 -0.793845 -0.192760
vn 0.303221 -0.933221 -0.192760
vn 0.303221 -0.933221 -0.192760
vn 0.000000 -0.981246 -0.192760
vn 0.000000 -0.981246 -0.192760
vn -0.303223 -0.933220 -0.192760
vn -0.303223 -0.933220 -0.192760
vn -0.576763 -0.793844 -0.192760
vn -0.576763 -0.793844 -0.192760
vn -0.793845 -0.576762 -0.192760
vn -0.793845 -0.576762 -0.192760
vn -0.933221 -0.303221 -0.192760
vn -0.933221 -0.303221 -0.192760
vn -0.981246 -0.000001 -0.192760
vn -0.981246 -0.000001 -0.192760
vn -0.933220 0.303222 -0.192760
vn -0.933220 0.303222 -0.192760
vn -0.793843 0.576763 -0.192760
vn -0.793844 0.576763 -0.192760
vn -0.576762 0.793845 -0.192760
vn -0.576762 0.793845 -0.192760
vn -0.303222 0.933221 -0.192760
vn -0.303222 0.933221 -0.192760
vn 0.000000 0.981246 -0.192760
vn 0.000000 0.981246 -0.192760
vn 0.303221 0.933221 -0.192760
vn 0.303221 0.933221 -0.192760
vn 0.576761 0.793845 -0.192760
vn 0.576761 0.793845 -0.192760
vn 0.793844 0.576762 -0.192760
vn 0.793844 0.576762 -0.192760
vn 0.933221 0.303221 -0.192760
vn 0.933221 0.303221 -0.192760
vn 0.981246 0.000001 -0.192760
vn 0.981246 0.000001 -0.192760
vn 0.027182 -0.019750 0.999435
vn 0.031959 -0.010383 0.999435
vn -0.000001 0.000000 1.000000
vn 0.019748 -0.027183 0.999435
vn 0.010386 -0.031955 0.999435
vn 0.000001 -0.033600 0.999435
vn -0.010383 -0.031955 0.999435
vn -0.019752 -0.027183 0.999435
vn -0.027182 -0.019750 0.999435
vn -0.031954 -0.010383 0.999435
vn -0.033605 -0.000000 0.999435
vn -0.031959 0.010383 0.999435
vn -0.027191 0.019750 0.999435
vn -0.019757 0.027183 0.999435
vn -0.010383 0.031955 0.999435
vn -0.000001 0.033600 0.999435
vn 0.010383 0.031955 0.999435
vn 0.019749 0.027183 0.999435
vn 0.027182 0.019750 0.999435
vn 0.031957 0.010383 0.999435
vn 0.033603 0.000000 0.999435
vn -0.000010 0.000000 -1.000000
vn -0.000010 0.000000 -1.000000
vn -0.000004 0.000000 -1.000000
vn 0.000000 0.000000 -1.000000
vn 0.000000 0.000000 -1.000000
vn 0.000000 0.000000 -1.000000
vn -0.000039 0.000000 -1.000000
vn -0.000039 0.000000 -1.000000
vn 0.000000 0.000000 -1.000000
vn 0.000000 0.000000 -1.000000
vn 0.000000 0.000000 -1.000000
vn 0.000010 0.000000 -1.000000
vn -0.000010 0.000000 -1.000000
vn 0.000019 0.000000 -1.000000
vn 0.000039 0.000000 -1.000000
vn 0.000000 0.000000 -1.000000
vn -0.000039 0.000000 -1.000000
vn 0.000000 0.000000 -1.000000
vn 0.000019 0.000000 -1.000000
vn -0.000019 0.000000 -1.000000
vn 0.000000 0.000000 -1.000000
vn 0.951057 -0.309017 0.000000
vn 0.809018 -0.587784 0.000000
vn 0.809018 -0.587784 0.000000
vn 0.951057 -0.309017 0.000000
vn 0.587786 -0.809017 0.000000
vn 0.587786 -0.809017 0.000000
vn 0.309017 -0.951056 0.000000
vn 0.309017 -0.951056 0.000000
vn -0.000000 -1.000000 0.000000
vn -0.000000 -1.000000 0.000000
vn -0.309017 -0.951056 0.000000
vn -0.309017 -0.951056 0.000000
vn -0.587785 -0.809017 0.000000
vn -0.587785 -0.809017 0.000000
vn -0.809017 -0.587785 0.000000
vn -0.809017 -0.587785 0.000000
vn -0.951056 -0.309017 0.000000
vn -0.951056 -0.309017 0.000000
vn -1.000000 0.000000 0.000000
vn -1.000000 0.000000 0.000000
vn -0.951056 0.309018 0.000000
vn -0.951056 0.309018 0.000000
vn -0.809017 0.587786 0.000000
vn -0.809017 0.587786 0.000000
vn -0.587786 0.809017 0.000000
vn -0.587786 0.809017 0.000000
vn -0.309017 0.951057 0.000000
vn -0.309017 0.951057 0.000000
vn 0.000000 1.000000 0.000000
vn 0.000000 1.000000 0.000000
vn 0.309017 0.951057 0.000000
vn 0.309017 0.951057 0.000000
vn 0.587786 0.809017 0.000000
vn 0.587786 0.809017 0.000000
vn 0.809017 0.587786 0.000000
vn 0.809017 0.587786 0.000000
vn 0.951056 0.309018 0.000000
vn 0.951056 0.309018 0.000000
vn 1.000000 0.000000 0.000000
vn 1.000000 0.000000 0.000000
vn 0.981246 0.000001 -0.192761
vn 0.933221 -0.303219 -0.192761
vn 0.933221 -0.303219 -0.192761
vn 0.981246 0.000001 -0.192761
vn 0.933221 0.303220 -0.192761
vn 0.933221 0.303220 -0.192761
vn 0.793846 0.576760 -0.192761
vn 0.793846 0.576760 -0.192761
vn 0.576763 0.793844 -0.192761
vn 0.576763 0.793844 -0.192761
vn 0.303221 0.933220 -0.192761
vn 0.303221 0.933220 -0.192761
vn 0.000000 0.981246 -0.192761
vn 0.000000 0.981246 -0.192761
vn -0.303222 0.933220 -0.192761
vn -0.303222 0.933220 -0.192761
vn -0.576760 0.793846 -0.192760
vn -0.576760 0.793846 -0.192760
vn -0.793844 0.576762 -0.192761
vn -0.793844 0.576762 -0.192761
vn -0.933221 0.303218 -0.192761
vn -0.933221 0.303218 -0.192761
vn -0.981246 0.000002 -0.192761
vn -0.981246 0.000002 -0.192761
vn -0.933221 -0.303220 -0.192761
vn -0.933221 -0.303220 -0.192761
vn -0.793845 -0.576761 -0.192761
vn -0.793845 -0.576761 -0.192761
vn -0.576764 -0.793843 -0.192761
vn -0.576764 -0.793843 -0.192761
vn -0.303222 -0.933220 -0.192761
vn -0.303222 -0.933220 -0.192761
vn 0.000002 -0.981246 -0.192761
vn 0.000002 -0.981246 -0.192761
vn 0.303221 -0.933220 -0.192761
vn 0.303221 -0.933220 -0.192761
vn 0.576762 -0.793844 -0.192761
vn 0.576762 -0.793844 -0.192761
vn 0.793845 -0.576761 -0.192761
vn 0.793845 -0.576761 -0.192761
vn 0.981246 0.000001 -0.192762
vn 0.933220 -0.303221 -0.192762
vn 0.933220 -0.303221 -0.192762
vn 0.981246 0.000001 -0.192762
vn 0.933220 0.303221 -0.192761
vn 0.933220 0.303221 -0.192761
vn 0.793844 0.576762 -0.192761
vn 0.793844 0.576762 -0.192761
vn 0.576762 0.793844 -0.192761
vn 0.576762 0.793844 -0.192761
vn 0.303225 0.933219 -0.192761
vn 0.303225 0.933219 -0.192761
vn 0.000002 0.981246 -0.192761
vn 0.000002 0.981246 -0.192761
vn -0.303221 0.933220 -0.192761
vn -0.303221 0.933220 -0.192761
vn -0.576761 0.793845 -0.192762
vn -0.576761 0.793845 -0.192762
vn -0.793844 0.576762 -0.192762
vn -0.793844 0.576762 -0.192762
vn -0.933220 0.303222 -0.192762
vn -0.933220 0.303222 -0.192762
vn -0.981246 0.000000 -0.192761
vn -0.981246 0.000000 -0.192761
vn -0.933220 -0.303221 -0.192761
vn -0.933221 -0.303221 -0.192761
vn -0.793844 -0.576762 -0.192761
vn -0.793844 -0.576762 -0.192761
vn -0.576762 -0.793844 -0.192761
vn -0.576762 -0.793844 -0.192761
vn -0.303224 -0.933219 -0.192761
vn -0.303224 -0.933219 -0.192761
vn 0.000000 -0.981246 -0.192761
vn 0.000000 -0.981246 -0.192761
vn 0.303223 -0.933220 -0.192761
vn 0.303223 -0.933220 -0.192761
vn 0.576762 -0.793845 -0.192761
vn 0.576762 -0.793844 -0.192761
vn 0.793844 -0.576762 -0.192762
vn 0.793844 -0.576762 -0.192762
vn 0.155922 -0.113289 0.981251
vn 0.183292 -0.059559 0.981253
vn -0.155928 0.113289 -0.981250
vn -0.183305 0.059559 -0.981250
vn -0.183305 0.059559 -0.981250
vn -0.155928 0.113289 -0.981250
vn 0.113312 -0.155928 0.981248
vn -0.113292 0.155929 -0.981250
vn -0.113292 0.155929 -0.981250
vn 0.059576 -0.183304 0.981249
vn -0.059568 0.183305 -0.981250
vn -0.059568 0.183305 -0.981250
vn 0.000005 -0.192738 0.981250
vn -0.000006 0.192738 -0.981250
vn -0.000006 0.192738 -0.981250
vn -0.059560 -0.183305 0.981250
vn 0.059562 0.183305 -0.981250
vn 0.059562 0.183305 -0.981250
vn -0.113304 -0.155928 0.981249
vn 0.113305 0.155928 -0.981248
vn 0.113305 0.155928 -0.981248
vn -0.155922 -0.113289 0.981251
vn 0.155950 0.113289 -0.981247
vn 0.155950 0.113289 -0.981247
vn -0.183295 -0.059559 0.981252
vn 0.183324 0.059559 -0.981247
vn 0.183324 0.059559 -0.981247
vn -0.192764 -0.000000 0.981245
vn 0.192736 0.000000 -0.981251
vn 0.192736 0.000000 -0.981251
vn -0.183323 0.059559 0.981247
vn 0.183284 -0.059560 -0.981254
vn 0.183284 -0.059560 -0.981254
vn -0.155942 0.113288 0.981248
vn 0.155924 -0.113289 -0.981251
vn 0.155924 -0.113288 -0.981251
vn -0.113297 0.155929 0.981249
vn 0.113298 -0.155928 -0.981249
vn 0.113298 -0.155928 -0.981249
vn -0.059560 0.183305 0.981250
vn 0.059562 -0.183305 -0.981250
vn 0.059562 -0.183305 -0.981250
vn -0.000005 0.192738 0.981250
vn -0.000000 -0.192739 -0.981250
vn 0.000000 -0.192739 -0.981250
vn 0.059560 0.183305 0.981250
vn -0.059555 -0.183305 -0.981250
vn -0.059555 -0.183305 -0.981250
vn 0.113283 0.155928 0.981251
vn -0.113267 -0.155929 -0.981253
vn -0.113267 -0.155929 -0.981253
vn 0.155922 0.113288 0.981251
vn -0.155902 -0.113289 -0.981255
vn -0.155902 -0.113289 -0.981254
vn 0.183315 0.059559 0.981248
vn -0.183323 -0.059559 -0.981247
vn -0.183323 -0.059559 -0.981247
vn 0.192753 0.000000 0.981247
vn -0.192761 -0.000000 -0.981246
vn -0.192761 -0.000000 -0.981246
vn 0.192702 0.000000 0.981257
vn 0.183256 -0.059552 0.981260
vn 0.183256 -0.059552 0.981260
vn 0.192702 0.000000 0.981257
vn -0.183276 0.059552 -0.981256
vn -0.192710 -0.000000 -0.981256
vn -0.192710 -0.000000 -0.981256
vn -0.183276 0.059552 -0.981256
vn 0.183274 0.059552 0.981257
vn 0.183274 0.059552 0.981257
vn -0.183276 -0.059552 -0.981256
vn -0.183276 -0.059552 -0.981256
vn 0.155897 0.113275 0.981257
vn 0.155897 0.113275 0.981257
vn -0.155907 -0.113275 -0.981255
vn -0.155907 -0.113275 -0.981255
vn 0.113263 0.155909 0.981256
vn 0.113263 0.155909 0.981256
vn -0.113279 -0.155909 -0.981254
vn -0.113279 -0.155909 -0.981254
vn 0.059545 0.183282 0.981255
vn 0.059545 0.183282 0.981255
vn -0.059574 -0.183282 -0.981254
vn -0.059574 -0.183282 -0.981254
vn 0.000007 0.192714 0.981255
vn 0.000007 0.192714 0.981255
vn -0.000010 -0.192714 -0.981255
vn -0.000010 -0.192714 -0.981255
vn -0.059545 0.183283 0.981255
vn -0.059545 0.183283 0.981255
vn 0.059554 -0.183282 -0.981255
vn 0.059554 -0.183282 -0.981255
vn -0.113299 0.155909 0.981252
vn -0.113299 0.155909 0.981252
vn 0.113279 -0.155909 -0.981255
vn 0.113279 -0.155909 -0.981255
vn -0.155953 0.113274 0.981248
vn -0.155953 0.113274 0.981248
vn 0.155901 -0.113274 -0.981256
vn 0.155901 -0.113274 -0.981256
vn -0.183292 0.059552 0.981253
vn -0.183292 0.059552 0.981253
vn 0.183256 -0.059552 -0.981260
vn 0.183256 -0.059552 -0.981260
vn -0.192720 0.000000 0.981254
vn -0.192720 0.000000 0.981254
vn 0.192691 -0.000000 -0.981260
vn 0.192691 -0.000000 -0.981260
vn -0.183291 -0.059552 0.981253
vn -0.183291 -0.059552 0.981253
vn 0.183289 0.059552 -0.981254
vn 0.183289 0.059552 -0.981254
vn -0.155904 -0.113274 0.981256
vn -0.155904 -0.113274 0.981256
vn 0.155911 0.113275 -0.981255
vn 0.155912 0.113275 -0.981255
vn -0.113277 -0.155909 0.981255
vn -0.113278 -0.155909 0.981255
vn 0.113269 0.155909 -0.981256
vn 0.113269 0.155909 -0.981256
vn -0.059559 -0.183282 0.981255
vn -0.059559 -0.183282 0.981255
vn 0.059564 0.183282 -0.981254
vn 0.059564 0.183282 -0.981254
vn -0.000014 -0.192714 0.981255
vn -0.000014 -0.192715 0.981255
vn -0.000010 0.192715 -0.981255
vn -0.000010 0.192715 -0.981255
vn 0.059552 -0.183282 0.981255
vn 0.059552 -0.183282 0.981255
vn -0.059564 0.183283 -0.981254
vn -0.059564 0.183283 -0.981254
vn 0.113271 -0.155909 0.981255
vn 0.113271 -0.155909 0.981255
vn -0.113288 0.155909 -0.981253
vn -0.113288 0.155909 -0.981253
vn 0.155883 -0.113275 0.981259
vn 0.155883 -0.113275 0.981259
vn -0.155911 0.113274 -0.981255
vn -0.155911 0.113274 -0.981255
vn 0.000000 0.000000 -1.000000
vn 0.000000 0.000000 -1.000000
vn 0.000000 0.000000 -1.000000
vn 0.000000 0.000000 -1.000000
vn -0.000024 0.000000 -1.000000
vn -0.000024 0.000000 -1.000000
vn -0.000024 0.000000 -1.000000
vn -0.000024 0.000000 -1.000000
vn 0.000024 0.000000 -1.000000
vn 0.000024 0.000000 -1.000000
vn 0.000024 0.000000 -1.000000
vn 0.000024 0.000000 -1.000000
vn 0.000000 0.000000 -1.000000
vn 0.000000 0.000000 -1.000000
vn 0.000000 0.000000 -1.000000
vn 0.000000 0.000000 -1.000000
vn 0.000000 0.000000 -1.000000
vn 0.000000 0.000000 -1.000000
vn 0.000000 0.000000 -1.000000
vn 0.000000 0.000000 -1.000000
vn -0.000024 0.000000 -1.000000
vn -0.000024 0.000000 -1.000000
vn -0.000024 0.000000 -1.000000
vn -0.000024 0.000000 -1.000000
vn 0.000000 0.000000 -1.000000
vn 0.000000 0.000000 -1.000000
vn 0.000000 0.000000 -1.000000
vn 0.000000 0.000000 -1.000000
vn 0.000024 0.000000 -1.000000
vn 0.000024 0.000000 -1.000000
vn 0.000024 0.000000 -1.000000
vn 0.000024 0.000000 -1.000000
vn 0.000024 0.000000 -1.000000
vn 0.000024 0.000000 -1.000000
vn 0.000024 0.000000 -1.000000
vn 0.000024 0.000000 -1.000000
vn -0.000048 0.000000 -1.000000
vn -0.000048 0.000000 -1.000000
vn -0.000048 0.000000 -1.000000
vn -0.000048 0.000000 -1.000000
vn -0.000024 0.000000 -1.000000
vn -0.000024 0.000000 -1.000000
vn -0.000024 0.000000 -1.000000
vn -0.000024 0.000000 -1.000000
vn 0.000024 0.000000 -1.000000
vn 0.000024 0.000000 -1.000000
vn 0.000024 0.000000 -1.000000
vn 0.000024 0.000000 -1.000000
vn -0.000024 0.000000 -1.000000
vn -0.000024 0.000000 -1.000000
vn -0.000024 0.000000 -1.000000
vn -0.000024 0.000000 -1.000000
vn 0.000024 0.000000 -1.000000
vn 0.000024 0.000000 -1.000000
vn 0.000024 0.000000 -1.000000
vn 0.000024 0.000000 -1.000000
vn -0.000024 0.000000 -1.000000
vn -0.000024 0.000000 -1.000000
vn -0.000024 0.000000 -1.000000
vn -0.000024 0.000000 -1.000000
vn 0.000048 0.000000 -1.000000
vn 0.000048 0.000000 -1.000000
vn 0.000048 0.000000 -1.000000
vn 0.000048 0.000000 -1.000000
vn -0.000024 0.000000 -1.000000
vn -0.000024 0.000000 -1.000000
vn -0.000024 0.000000 -1.000000
vn -0.000024 0.000000 -1.000000
vn 0.000024 0.000000 -1.000000
vn 0.000024 0.000000 -1.000000
vn 0.000024 0.000000 -1.000000
vn 0.000024 0.000000 -1.000000
vn 0.000048 0.000000 -1.000000
vn 0.000048 0.000000 -1.000000
vn 0.000048 0.000000 -1.000000
vn 0.000048 0.000000 -1.000000
vn -0.000048 0.000000 -1.000000
vn -0.000048 0.000000 -1.000000
vn -0.000048 0.000000 -1.000000
vn -0.000048 0.000000 -1.000000
vn -0.876437 0.446563 -0.180113
vn -0.876437 0.446563 -0.180113
vn -0.876437 0.446563 -0.180113
vn -0.876437 0.446563 -0.180113
vn -0.695537 0.695548 -0.180115
vn -0.695537 0.695548 -0.180115
vn -0.695537 0.695548 -0.180115
vn -0.695537 0.695548 -0.180115
vn -0.446564 0.876436 -0.180113
vn -0.446564 0.876436 -0.180113
vn -0.446564 0.876436 -0.180113
vn -0.446564 0.876436 -0.180113
vn -0.153884 0.971534 -0.180113
vn -0.153884 0.971534 -0.180113
vn -0.153884 0.971534 -0.180113
vn -0.153884 0.971534 -0.180113
vn 0.153877 0.971535 -0.180113
vn 0.153877 0.971535 -0.180113
vn 0.153877 0.971536 -0.180113
vn 0.153877 0.971536 -0.180113
vn 0.446570 0.876433 -0.180112
vn 0.446570 0.876433 -0.180112
vn 0.446570 0.876433 -0.180112
vn 0.446570 0.876433 -0.180112
vn 0.695548 0.695538 -0.180112
vn 0.695548 0.695538 -0.180112
vn 0.695548 0.695538 -0.180112
vn 0.695548 0.695538 -0.180112
vn 0.876436 0.446563 -0.180113
vn 0.876436 0.446563 -0.180113
vn 0.876436 0.446563 -0.180113
vn 0.876436 0.446563 -0.180113
vn 0.971535 0.153880 -0.180116
vn 0.971535 0.153880 -0.180116
vn 0.971535 0.153880 -0.180116
vn 0.971535 0.153880 -0.180116
vn 0.971536 -0.153875 -0.180111
vn 0.971536 -0.153875 -0.180111
vn 0.971536 -0.153875 -0.180111
vn 0.971536 -0.153875 -0.180111
vn 0.876436 -0.446565 -0.180113
vn 0.876436 -0.446565 -0.180113
vn 0.876436 -0.446565 -0.180113
vn 0.876436 -0.446565 -0.180113
vn 0.695541 -0.695544 -0.180114
vn 0.695541 -0.695544 -0.180114
vn 0.695541 -0.695544 -0.180114
vn 0.695541 -0.695544 -0.180114
vn 0.446564 -0.876436 -0.180113
vn 0.446564 -0.876436 -0.180113
vn 0.446564 -0.876436 -0.180113
vn 0.446564 -0.876436 -0.180113
vn 0.153884 -0.971534 -0.180113
vn 0.153884 -0.971534 -0.180113
vn 0.153884 -0.971534 -0.180113
vn 0.153884 -0.971534 -0.180113
vn -0.153877 -0.971536 -0.180113
vn -0.153877 -0.971535 -0.180113
vn -0.153877 -0.971536 -0.180113
vn -0.153877 -0.971535 -0.180113
vn -0.446559 -0.876438 -0.180114
vn -0.446559 -0.876438 -0.180114
vn -0.446559 -0.876438 -0.180114
vn -0.446559 -0.876438 -0.180114
vn -0.695538 -0.695547 -0.180115
vn -0.695538 -0.695547 -0.180115
vn -0.695538 -0.695547 -0.180115
vn -0.695538 -0.695547 -0.180115
vn -0.876433 -0.446569 -0.180114
vn -0.876433 -0.446569 -0.180114
vn -0.876433 -0.446569 -0.180114
vn -0.876433 -0.446569 -0.180114
vn -0.971536 -0.153875 -0.180111
vn -0.971536 -0.153875 -0.180111
vn -0.971536 -0.153875 -0.180111
vn -0.971536 -0.153875 -0.180111
vn -0.971535 0.153879 -0.180115
vn -0.971535 0.153879 -0.180115
vn -0.971535 0.153879 -0.180115
vn -0.971535 0.153879 -0.180115
s 1
g group1 back_low
usemtl standardSurface1SG
f 3590/4995/5349 3591/5236/5350 3592/4997/5351 3593/5280/5352
f 3591/5236/5350 3594/5235/5353 3595/5000/5354 3592/4997/5351
f 3594/5235/5353 3596/5234/5355 3597/5002/5356 3595/5000/5354
f 3596/5234/5355 3598/5233/5357 3599/5329/5358 3597/5002/5356
f 3598/5328/5357 3600/5232/5359 3601/5006/5360 3599/5004/5358
f 3600/5232/5359 3602/5231/5361 3603/5008/5362 3601/5006/5360
f 3602/5231/5361 3604/5230/5363 3605/5010/5364 3603/5008/5362
f 3604/5230/5363 3606/5229/5365 3607/5012/5366 3605/5010/5364
f 3606/5229/5365 3608/5228/5367 3609/5014/5368 3607/5012/5366
f 3608/5228/5367 3610/5227/5369 3611/5016/5370 3609/5014/5368
f 3610/5227/5369 3612/5226/5371 3613/5018/5372 3611/5016/5370
f 3612/5226/5371 3614/5225/5373 3615/5020/5374 3613/5018/5372
f 3614/5225/5373 3616/5224/5375 3617/5022/5376 3615/5020/5374
f 3616/5224/5375 3618/5223/5377 3619/5024/5378 3617/5022/5376
f 3618/5223/5377 3620/5222/5379 3621/5026/5380 3619/5024/5378
f 3620/5222/5379 3622/5221/5381 3623/5028/5382 3621/5026/5380
f 3622/5221/5381 3624/5220/5383 3625/5030/5384 3623/5028/5382
f 3624/5220/5383 3626/5219/5385 3627/5032/5386 3625/5030/5384
f 3626/5219/5385 3628/5217/5387 3629/5034/5388 3627/5032/5386
f 3628/5217/5387 3590/4995/5349 3593/5280/5352 3629/5034/5388
s 2
f 3490/5035/5389 3489/5036/5390 3529/5037/5391
f 3491/5038/5392 3490/5035/5389 3529/5037/5391
f 3492/5039/5393 3491/5038/5392 3529/5037/5391
f 3493/5040/5394 3492/5039/5393 3529/5037/5391
f 3494/5041/5395 3493/5040/5394 3529/5037/5391
f 3495/5042/5396 3494/5041/5395 3529/5037/5391
f 3496/5043/5397 3495/5042/5396 3529/5037/5391
f 3497/5044/5398 3496/5043/5397 3529/5037/5391
f 3498/5045/5399 3497/5044/5398 3529/5037/5391
f 3499/5046/5400 3498/5045/5399 3529/5037/5391
f 3500/5047/5401 3499/5046/5400 3529/5037/5391
f 3501/5048/5402 3500/5047/5401 3529/5037/5391
f 3502/5049/5403 3501/5048/5402 3529/5037/5391
f 3503/5050/5404 3502/5049/5403 3529/5037/5391
f 3504/5051/5405 3503/5050/5404 3529/5037/5391
f 3505/5052/5406 3504/5051/5405 3529/5037/5391
f 3506/5053/5407 3505/5052/5406 3529/5037/5391
f 3507/5054/5408 3506/5053/5407 3529/5037/5391
f 3508/5055/5409 3507/5054/5408 3529/5037/5391
f 3489/5036/5390 3508/5055/5409 3529/5037/5391
s 3
f 3690/5056/5410 3691/5276/5411 3692/5058/5412
f 3691/5276/5411 3693/5275/5413 3692/5058/5412
f 3693/5275/5413 3694/5274/5414 3692/5058/5412
f 3694/5274/5414 3695/5273/5415 3692/5058/5412
f 3695/5273/5415 3696/5272/5416 3692/5058/5412
f 3696/5272/5416 3697/5271/5417 3692/5058/5412
f 3697/5271/5417 3698/5270/5418 3692/5058/5412
f 3698/5270/5418 3699/5269/5419 3692/5058/5412
f 3699/5269/5419 3700/5268/5420 3692/5058/5412
f 3700/5268/5420 3701/5267/5421 3692/5058/5412
f 3701/5267/5421 3702/5266/5422 3692/5058/5412
f 3702/5266/5422 3703/5265/5423 3692/5058/5412
f 3703/5265/5423 3704/5264/5424 3692/5058/5412
f 3704/5264/5424 3705/5263/5425 3692/5058/5412
f 3705/5263/5425 3706/5262/5426 3692/5058/5412
f 3706/5262/5426 3707/5261/5427 3692/5058/5412
f 3707/5261/5427 3708/5260/5428 3692/5058/5412
f 3708/5260/5428 3709/5259/5429 3692/5058/5412
f 3709/5259/5429 3710/5257/5430 3692/5058/5412
f 3710/5257/5430 3690/5056/5410 3692/5058/5412
s 4
f 3509/5077/5431 3510/5078/5432 3531/5256/5433 3530/5238/5434
f 3510/5078/5432 3511/5081/5435 3532/5255/5436 3531/5256/5433
f 3511/5081/5435 3512/5083/5437 3533/5254/5438 3532/5255/5436
f 3512/5083/5437 3513/5085/5439 3534/5320/5440 3533/5254/5438
f 3513/5323/5439 3514/5087/5441 3535/5252/5442 3534/5253/5440
f 3514/5087/5441 3515/5089/5443 3536/5251/5444 3535/5252/5442
f 3515/5089/5443 3516/5091/5445 3537/5250/5446 3536/5251/5444
f 3516/5091/5445 3517/5093/5447 3538/5249/5448 3537/5250/5446
f 3517/5093/5447 3518/5095/5449 3539/5248/5450 3538/5249/5448
f 3518/5095/5449 3519/5097/5451 3540/5247/5452 3539/5248/5450
f 3519/5097/5451 3520/5099/5453 3541/5246/5454 3540/5247/5452
f 3520/5099/5453 3521/5101/5455 3542/5245/5456 3541/5246/5454
f 3521/5101/5455 3522/5103/5457 3543/5244/5458 3542/5245/5456
f 3522/5103/5457 3523/5105/5459 3544/5243/5460 3543/5244/5458
f 3523/5105/5459 3524/5107/5461 3545/5242/5462 3544/5243/5460
f 3524/5107/5461 3525/5109/5463 3546/5241/5464 3545/5242/5462
f 3525/5109/5463 3526/5111/5465 3547/5240/5466 3546/5241/5464
f 3526/5111/5465 3527/5113/5467 3548/5239/5468 3547/5240/5466
f 3527/5113/5467 3528/5115/5469 3549/5237/5470 3548/5239/5468
f 3528/5115/5469 3509/5077/5431 3530/5238/5434 3549/5237/5470
s 5
f 3631/5117/5471 3630/5301/5472 3632/5119/5473 3633/5120/5474
f 3634/5121/5475 3631/5117/5471 3633/5120/5474 3635/5122/5476
f 3636/5123/5477 3634/5121/5475 3635/5122/5476 3637/5124/5478
f 3638/5125/5479 3636/5123/5477 3637/5124/5478 3639/5126/5480
f 3640/5127/5481 3638/5125/5479 3639/5126/5480 3641/5128/5482
f 3642/5129/5483 3640/5127/5481 3641/5128/5482 3643/5130/5484
f 3644/5131/5485 3642/5129/5483 3643/5130/5484 3645/5132/5486
f 3646/5133/5487 3644/5131/5485 3645/5132/5486 3647/5134/5488
f 3648/5135/5489 3646/5133/5487 3647/5134/5488 3649/5136/5490
f 3650/5137/5491 3648/5135/5489 3649/5136/5490 3651/5138/5492
f 3652/5139/5493 3650/5137/5491 3651/5138/5492 3653/5140/5494
f 3654/5141/5495 3652/5139/5493 3653/5140/5494 3655/5142/5496
f 3656/5143/5497 3654/5141/5495 3655/5142/5496 3657/5144/5498
f 3658/5145/5499 3656/5143/5497 3657/5144/5498 3659/5146/5500
f 3660/5147/5501 3658/5145/5499 3659/5146/5500 3661/5148/5502
f 3662/5321/5503 3660/5147/5501 3661/5148/5502 3663/5322/5504
f 3664/5151/5505 3662/5149/5503 3663/5150/5504 3665/5152/5506
f 3666/5153/5507 3664/5151/5505 3665/5152/5506 3667/5154/5508
f 3668/5155/5509 3666/5153/5507 3667/5154/5508 3669/5156/5510
f 3630/5301/5472 3668/5155/5509 3669/5156/5510 3632/5119/5473
s 6
f 3571/5157/5511 3570/5158/5512 3550/5159/5513 3551/5160/5514
f 3572/5161/5515 3571/5157/5511 3551/5160/5514 3552/5162/5516
f 3573/5163/5517 3572/5161/5515 3552/5162/5516 3553/5164/5518
f 3574/5165/5519 3573/5163/5517 3553/5164/5518 3554/5166/5520
f 3575/5167/5521 3574/5165/5519 3554/5166/5520 3555/5168/5522
f 3576/5169/5523 3575/5167/5521 3555/5168/5522 3556/5170/5524
f 3577/5171/5525 3576/5169/5523 3556/5170/5524 3557/5172/5526
f 3578/5173/5527 3577/5171/5525 3557/5172/5526 3558/5174/5528
f 3579/5175/5529 3578/5173/5527 3558/5174/5528 3559/5176/5530
f 3580/5177/5531 3579/5175/5529 3559/5176/5530 3560/5178/5532
f 3581/5179/5533 3580/5177/5531 3560/5178/5532 3561/5180/5534
f 3582/5181/5535 3581/5179/5533 3561/5180/5534 3562/5182/5536
f 3583/5183/5537 3582/5181/5535 3562/5182/5536 3563/5184/5538
f 3584/5185/5539 3583/5183/5537 3563/5184/5538 3564/5186/5540
f 3585/5187/5541 3584/5185/5539 3564/5186/5540 3565/5188/5542
f 3586/5326/5543 3585/5187/5541 3565/5188/5542 3566/5190/5544
f 3587/5191/5545 3586/5189/5543 3566/5324/5544 3567/5192/5546
f 3588/5193/5547 3587/5191/5545 3567/5192/5546 3568/5194/5548
f 3589/5195/5549 3588/5193/5547 3568/5194/5548 3569/5196/5550
f 3570/5158/5512 3589/5195/5549 3569/5196/5550 3550/5159/5513
s 2
f 3489/5036/5390 3490/5035/5389 3591/4996/5551 3590/5218/5552
s 7
f 3589/5195/5553 3570/5158/5554 3593/4998/5555 3592/5299/5556
s 2
f 3490/5035/5389 3491/5038/5392 3594/4999/5557 3591/4996/5551
s 7
f 3588/5193/5558 3589/5195/5553 3592/5299/5556 3595/5298/5559
s 2
f 3491/5038/5392 3492/5039/5393 3596/5001/5560 3594/4999/5557
s 7
f 3587/5191/5561 3588/5193/5558 3595/5298/5559 3597/5297/5562
s 2
f 3492/5039/5393 3493/5040/5394 3598/5003/5563 3596/5001/5560
s 7
f 3586/5189/5564 3587/5191/5561 3597/5297/5562 3599/5296/5565
s 2
f 3493/5040/5394 3494/5041/5395 3600/5005/5566 3598/5003/5563
s 7
f 3585/5187/5567 3586/5326/5564 3599/5327/5565 3601/5295/5568
s 2
f 3494/5041/5395 3495/5042/5396 3602/5007/5569 3600/5005/5566
s 7
f 3584/5185/5570 3585/5187/5567 3601/5295/5568 3603/5294/5571
s 2
f 3495/5042/5396 3496/5043/5397 3604/5009/5572 3602/5007/5569
s 7
f 3583/5183/5573 3584/5185/5570 3603/5294/5571 3605/5293/5574
s 2
f 3496/5043/5397 3497/5044/5398 3606/5011/5575 3604/5009/5572
s 7
f 3582/5181/5576 3583/5183/5573 3605/5293/5574 3607/5292/5577
s 2
f 3497/5044/5398 3498/5045/5399 3608/5013/5578 3606/5011/5575
s 7
f 3581/5179/5579 3582/5181/5576 3607/5292/5577 3609/5291/5580
s 2
f 3498/5045/5399 3499/5046/5400 3610/5015/5581 3608/5013/5578
s 7
f 3580/5177/5582 3581/5179/5579 3609/5291/5580 3611/5290/5583
s 2
f 3499/5046/5400 3500/5047/5401 3612/5017/5584 3610/5015/5581
s 7
f 3579/5175/5585 3580/5177/5582 3611/5290/5583 3613/5289/5586
s 2
f 3500/5047/5401 3501/5048/5402 3614/5019/5587 3612/5017/5584
s 7
f 3578/5173/5588 3579/5175/5585 3613/5289/5586 3615/5288/5589
s 2
f 3501/5048/5402 3502/5049/5403 3616/5021/5590 3614/5019/5587
s 7
f 3577/5171/5591 3578/5173/5588 3615/5288/5589 3617/5287/5592
s 2
f 3502/5049/5403 3503/5050/5404 3618/5023/5593 3616/5021/5590
s 7
f 3576/5169/5594 3577/5171/5591 3617/5287/5592 3619/5286/5595
s 2
f 3503/5050/5404 3504/5051/5405 3620/5025/5596 3618/5023/5593
s 7
f 3575/5167/5597 3576/5169/5594 3619/5286/5595 3621/5285/5598
s 2
f 3504/5051/5405 3505/5052/5406 3622/5027/5599 3620/5025/5596
s 7
f 3574/5165/5600 3575/5167/5597 3621/5285/5598 3623/5284/5601
s 2
f 3505/5052/5406 3506/5053/5407 3624/5029/5602 3622/5027/5599
s 7
f 3573/5163/5603 3574/5165/5600 3623/5284/5601 3625/5283/5604
s 2
f 3506/5053/5407 3507/5054/5408 3626/5031/5605 3624/5029/5602
s 7
f 3572/5161/5606 3573/5163/5603 3625/5283/5604 3627/5282/5607
s 2
f 3507/5054/5408 3508/5055/5409 3628/5033/5608 3626/5031/5605
s 7
f 3571/5157/5609 3572/5161/5606 3627/5282/5607 3629/5281/5610
s 2
f 3508/5055/5409 3489/5036/5390 3590/5218/5552 3628/5033/5608
s 7
f 3570/5158/5554 3571/5157/5609 3629/5281/5610 3593/4998/5555
s 8
f 3551/5160/5611 3550/5159/5612 3630/5118/5613 3631/5319/5614
s 9
f 3509/5077/5615 3528/5115/5616 3633/5120/5617 3632/5119/5618
s 8
f 3552/5162/5619 3551/5160/5611 3631/5319/5614 3634/5318/5620
s 9
f 3528/5115/5616 3527/5113/5621 3635/5122/5622 3633/5120/5617
s 8
f 3553/5164/5623 3552/5162/5619 3634/5318/5620 3636/5317/5624
s 9
f 3527/5113/5621 3526/5111/5625 3637/5124/5626 3635/5122/5622
s 8
f 3554/5166/5627 3553/5164/5623 3636/5317/5624 3638/5316/5628
s 9
f 3526/5111/5625 3525/5109/5629 3639/5126/5630 3637/5124/5626
s 8
f 3555/5168/5631 3554/5166/5627 3638/5316/5628 3640/5315/5632
s 9
f 3525/5109/5629 3524/5107/5633 3641/5128/5634 3639/5126/5630
s 8
f 3556/5170/5635 3555/5168/5631 3640/5315/5632 3642/5314/5636
s 9
f 3524/5107/5633 3523/5105/5637 3643/5130/5638 3641/5128/5634
s 8
f 3557/5172/5639 3556/5170/5635 3642/5314/5636 3644/5313/5640
s 9
f 3523/5105/5637 3522/5103/5641 3645/5132/5642 3643/5130/5638
s 8
f 3558/5174/5643 3557/5172/5639 3644/5313/5640 3646/5312/5644
s 9
f 3522/5103/5641 3521/5101/5645 3647/5134/5646 3645/5132/5642
s 8
f 3559/5176/5647 3558/5174/5643 3646/5312/5644 3648/5311/5648
s 9
f 3521/5101/5645 3520/5099/5649 3649/5136/5650 3647/5134/5646
s 8
f 3560/5178/5651 3559/5176/5647 3648/5311/5648 3650/5310/5652
s 9
f 3520/5099/5649 3519/5097/5653 3651/5138/5654 3649/5136/5650
s 8
f 3561/5180/5655 3560/5178/5651 3650/5310/5652 3652/5309/5656
s 9
f 3519/5097/5653 3518/5095/5657 3653/5140/5658 3651/5138/5654
s 8
f 3562/5182/5659 3561/5180/5655 3652/5309/5656 3654/5308/5660
s 9
f 3518/5095/5657 3517/5093/5661 3655/5142/5662 3653/5140/5658
s 8
f 3563/5184/5663 3562/5182/5659 3654/5308/5660 3656/5307/5664
s 9
f 3517/5093/5661 3516/5091/5665 3657/5144/5666 3655/5142/5662
s 8
f 3564/5186/5667 3563/5184/5663 3656/5307/5664 3658/5306/5668
s 9
f 3516/5091/5665 3515/5089/5669 3659/5146/5670 3657/5144/5666
s 8
f 3565/5188/5671 3564/5186/5667 3658/5306/5668 3660/5305/5672
s 9
f 3515/5089/5669 3514/5087/5673 3661/5148/5674 3659/5146/5670
s 8
f 3566/5190/5675 3565/5188/5671 3660/5305/5672 3662/5304/5676
s 9
f 3514/5087/5673 3513/5323/5677 3663/5322/5678 3661/5148/5674
s 8
f 3567/5192/5679 3566/5324/5675 3662/5325/5676 3664/5303/5680
s 9
f 3513/5085/5677 3512/5083/5681 3665/5152/5682 3663/5150/5678
s 8
f 3568/5194/5683 3567/5192/5679 3664/5303/5680 3666/5302/5684
s 9
f 3512/5083/5681 3511/5081/5685 3667/5154/5686 3665/5152/5682
s 8
f 3569/5196/5687 3568/5194/5683 3666/5302/5684 3668/5300/5688
s 9
f 3511/5081/5685 3510/5078/5689 3669/5156/5690 3667/5154/5686
s 8
f 3550/5159/5612 3569/5196/5687 3668/5300/5688 3630/5118/5613
s 9
f 3510/5078/5689 3509/5077/5615 3632/5119/5618 3669/5156/5690
s off
f 3530/5080/5691 3531/5079/5692 3671/5197/5693 3670/5198/5694
f 3531/5079/5695 3532/5082/5696 3672/5199/5697 3671/5197/5698
f 3532/5082/5699 3533/5084/5700 3673/5200/5701 3672/5199/5702
f 3533/5084/5703 3534/5279/5704 3674/5278/5705 3673/5200/5706
f 3534/5086/5707 3535/5088/5708 3675/5202/5709 3674/5201/5710
f 3535/5088/5711 3536/5090/5712 3676/5203/5713 3675/5202/5714
f 3536/5090/5715 3537/5092/5716 3677/5204/5717 3676/5203/5718
f 3537/5092/5719 3538/5094/5720 3678/5205/5721 3677/5204/5722
f 3538/5094/5723 3539/5096/5724 3679/5206/5725 3678/5205/5726
f 3539/5096/5727 3540/5098/5728 3680/5207/5729 3679/5206/5730
f 3540/5098/5731 3541/5100/5732 3681/5208/5733 3680/5207/5734
f 3541/5100/5735 3542/5102/5736 3682/5209/5737 3681/5208/5738
f 3542/5102/5739 3543/5104/5740 3683/5210/5741 3682/5209/5742
f 3543/5104/5743 3544/5106/5744 3684/5211/5745 3683/5210/5746
f 3544/5106/5747 3545/5108/5748 3685/5212/5749 3684/5211/5750
f 3545/5108/5751 3546/5110/5752 3686/5213/5753 3685/5212/5754
f 3546/5110/5755 3547/5112/5756 3687/5214/5757 3686/5213/5758
f 3547/5112/5759 3548/5114/5760 3688/5215/5761 3687/5214/5762
f 3548/5114/5763 3549/5116/5764 3689/5216/5765 3688/5215/5766
f 3549/5116/5767 3530/5080/5768 3670/5198/5769 3689/5216/5770
f 3670/5198/5771 3671/5197/5772 3691/5057/5773 3690/5258/5774
f 3671/5197/5775 3672/5199/5776 3693/5059/5777 3691/5057/5778
f 3672/5199/5779 3673/5200/5780 3694/5060/5781 3693/5059/5782
f 3673/5200/5783 3674/5278/5784 3695/5277/5785 3694/5060/5786
f 3674/5201/5787 3675/5202/5788 3696/5062/5789 3695/5061/5790
f 3675/5202/5791 3676/5203/5792 3697/5063/5793 3696/5062/5794
f 3676/5203/5795 3677/5204/5796 3698/5064/5797 3697/5063/5798
f 3677/5204/5799 3678/5205/5800 3699/5065/5801 3698/5064/5802
f 3678/5205/5803 3679/5206/5804 3700/5066/5805 3699/5065/5806
f 3679/5206/5807 3680/5207/5808 3701/5067/5809 3700/5066/5810
f 3680/5207/5811 3681/5208/5812 3702/5068/5813 3701/5067/5814
f 3681/5208/5815 3682/5209/5816 3703/5069/5817 3702/5068/5818
f 3682/5209/5819 3683/5210/5820 3704/5070/5821 3703/5069/5822
f 3683/5210/5823 3684/5211/5824 3705/5071/5825 3704/5070/5826
f 3684/5211/5827 3685/5212/5828 3706/5072/5829 3705/5071/5830
f 3685/5212/5831 3686/5213/5832 3707/5073/5833 3706/5072/5834
f 3686/5213/5835 3687/5214/5836 3708/5074/5837 3707/5073/5838
f 3687/5214/5839 3688/5215/5840 3709/5075/5841 3708/5074/5842
f 3688/5215/5843 3689/5216/5844 3710/5076/5845 3709/5075/5846
f 3689/5216/5847 3670/5198/5848 3690/5258/5849 3710/5076/5850
